[
{
  "model": "admin.logentry",
  "pk": 1,
  "fields": {
    "action_time": "2024-03-01T19:54:43.220Z",
    "user": 1,
    "content_type": 8,
    "object_id": "2",
    "object_repr": "  None",
    "action_flag": 1,
    "change_message": "[{\"added\": {}}]"
  }
},
{
  "model": "admin.logentry",
  "pk": 2,
  "fields": {
    "action_time": "2024-03-01T19:55:03.472Z",
    "user": 1,
    "content_type": 8,
    "object_id": "2",
    "object_repr": "Test User None",
    "action_flag": 2,
    "change_message": "[{\"changed\": {\"fields\": [\"\\u0418\\u043c\\u044f\", \"\\u0424\\u0430\\u043c\\u0438\\u043b\\u0438\\u044f\", \"Email\"]}}]"
  }
},
{
  "model": "admin.logentry",
  "pk": 3,
  "fields": {
    "action_time": "2024-03-01T19:57:28.975Z",
    "user": 1,
    "content_type": 8,
    "object_id": "3",
    "object_repr": "  None",
    "action_flag": 1,
    "change_message": "[{\"added\": {}}]"
  }
},
{
  "model": "admin.logentry",
  "pk": 4,
  "fields": {
    "action_time": "2024-03-01T19:58:54.667Z",
    "user": 1,
    "content_type": 8,
    "object_id": "3",
    "object_repr": "Будулаев Вася None",
    "action_flag": 2,
    "change_message": "[{\"changed\": {\"fields\": [\"\\u0418\\u043c\\u044f\", \"\\u0424\\u0430\\u043c\\u0438\\u043b\\u0438\\u044f\", \"Email\", \"Staff status\", \"Superuser status\"]}}]"
  }
},
{
  "model": "admin.logentry",
  "pk": 5,
  "fields": {
    "action_time": "2024-03-02T17:42:14.765Z",
    "user": 3,
    "content_type": 9,
    "object_id": "0bd32b09-816c-417f-ae08-edd30164c163",
    "object_repr": "Вести блог",
    "action_flag": 1,
    "change_message": "[{\"added\": {}}]"
  }
},
{
  "model": "admin.logentry",
  "pk": 6,
  "fields": {
    "action_time": "2024-03-02T17:43:34.406Z",
    "user": 3,
    "content_type": 9,
    "object_id": "008df733-4ccc-4ea9-ab63-936c51db5c72",
    "object_repr": "Развивать локальное профессиональное сообщество в",
    "action_flag": 1,
    "change_message": "[{\"added\": {}}]"
  }
},
{
  "model": "admin.logentry",
  "pk": 7,
  "fields": {
    "action_time": "2024-03-02T17:43:53.223Z",
    "user": 3,
    "content_type": 9,
    "object_id": "fff51b0c-1fc8-4b84-bccd-78a4288e6d8e",
    "object_repr": "Писать статьи",
    "action_flag": 1,
    "change_message": "[{\"added\": {}}]"
  }
},
{
  "model": "admin.logentry",
  "pk": 8,
  "fields": {
    "action_time": "2024-03-02T17:44:16.811Z",
    "user": 3,
    "content_type": 9,
    "object_id": "5828b782-3684-42cf-bda8-acb6cc49ac78",
    "object_repr": "Снимать видео или сниматься в них, если продакшн б",
    "action_flag": 1,
    "change_message": "[{\"added\": {}}]"
  }
},
{
  "model": "admin.logentry",
  "pk": 9,
  "fields": {
    "action_time": "2024-03-02T17:44:49.402Z",
    "user": 3,
    "content_type": 9,
    "object_id": "2495866a-6eac-41ee-a421-9f658273ed1d",
    "object_repr": "Знакомить коллег на работе с продуктом Практикума",
    "action_flag": 1,
    "change_message": "[{\"added\": {}}]"
  }
},
{
  "model": "admin.logentry",
  "pk": 10,
  "fields": {
    "action_time": "2024-03-02T17:45:12.809Z",
    "user": 3,
    "content_type": 9,
    "object_id": "5e47d3ae-2ca2-43cc-8f96-ee9f52e5d7c3",
    "object_repr": "Давать консультации и рассказывать всем про Практи",
    "action_flag": 1,
    "change_message": "[{\"added\": {}}]"
  }
},
{
  "model": "admin.logentry",
  "pk": 11,
  "fields": {
    "action_time": "2024-03-02T17:45:27.568Z",
    "user": 3,
    "content_type": 9,
    "object_id": "700e1d78-ebe2-4b67-b391-c4076b34782f",
    "object_repr": "Выступать на мероприятиях",
    "action_flag": 1,
    "change_message": "[{\"added\": {}}]"
  }
},
{
  "model": "admin.logentry",
  "pk": 12,
  "fields": {
    "action_time": "2024-03-02T17:48:12.470Z",
    "user": 3,
    "content_type": 12,
    "object_id": "3241fb85-eb33-43e4-8b89-5bbc68aba35d",
    "object_repr": "Выступать на мероприятиях",
    "action_flag": 1,
    "change_message": "[{\"added\": {}}]"
  }
},
{
  "model": "admin.logentry",
  "pk": 13,
  "fields": {
    "action_time": "2024-03-02T17:48:30.730Z",
    "user": 3,
    "content_type": 12,
    "object_id": "156cdbb7-81e1-49c2-9b38-7a72e8859abc",
    "object_repr": "Углубление имеющихся знаний, чтобы использовать их",
    "action_flag": 1,
    "change_message": "[{\"added\": {}}]"
  }
},
{
  "model": "admin.logentry",
  "pk": 14,
  "fields": {
    "action_time": "2024-03-02T17:48:43.966Z",
    "user": 3,
    "content_type": 12,
    "object_id": "f5b706ef-9a19-4a71-9af2-99a3d86543ec",
    "object_repr": "Свой вариант",
    "action_flag": 1,
    "change_message": "[{\"added\": {}}]"
  }
},
{
  "model": "admin.logentry",
  "pk": 15,
  "fields": {
    "action_time": "2024-03-02T17:49:34.826Z",
    "user": 3,
    "content_type": 27,
    "object_id": "c6510bc6-4833-4c46-998c-e3e6a02854fb",
    "object_repr": "Не получал",
    "action_flag": 1,
    "change_message": "[{\"added\": {}}]"
  }
},
{
  "model": "admin.logentry",
  "pk": 16,
  "fields": {
    "action_time": "2024-03-02T17:49:49.054Z",
    "user": 3,
    "content_type": 27,
    "object_id": "9760475a-3670-4460-95a8-62f937362ea3",
    "object_repr": "Друг",
    "action_flag": 1,
    "change_message": "[{\"added\": {}}]"
  }
},
{
  "model": "admin.logentry",
  "pk": 17,
  "fields": {
    "action_time": "2024-03-02T17:50:02.310Z",
    "user": 3,
    "content_type": 27,
    "object_id": "32cdcb0f-0332-4e8a-a260-d4c63d2981a0",
    "object_repr": "Практикующий амбассадор",
    "action_flag": 1,
    "change_message": "[{\"added\": {}}]"
  }
},
{
  "model": "admin.logentry",
  "pk": 18,
  "fields": {
    "action_time": "2024-03-02T17:50:22.703Z",
    "user": 3,
    "content_type": 27,
    "object_id": "5e7cce27-747e-4746-a49e-610e02198213",
    "object_repr": "Надежный",
    "action_flag": 1,
    "change_message": "[{\"added\": {}}]"
  }
},
{
  "model": "admin.logentry",
  "pk": 19,
  "fields": {
    "action_time": "2024-03-02T17:51:04.307Z",
    "user": 3,
    "content_type": 11,
    "object_id": "aee0b6d0-608d-4bda-bba9-2ff477e0e5cb",
    "object_repr": "Кандидат",
    "action_flag": 1,
    "change_message": "[{\"added\": {}}]"
  }
},
{
  "model": "admin.logentry",
  "pk": 20,
  "fields": {
    "action_time": "2024-03-02T17:51:34.027Z",
    "user": 3,
    "content_type": 11,
    "object_id": "488c1c09-ecfa-4b2c-8270-99ea217ff362",
    "object_repr": "Активный",
    "action_flag": 1,
    "change_message": "[{\"added\": {}}]"
  }
},
{
  "model": "admin.logentry",
  "pk": 21,
  "fields": {
    "action_time": "2024-03-02T17:52:03.886Z",
    "user": 3,
    "content_type": 11,
    "object_id": "730105a7-3e0b-4104-9f52-8550e313abad",
    "object_repr": "На паузе",
    "action_flag": 1,
    "change_message": "[{\"added\": {}}]"
  }
},
{
  "model": "admin.logentry",
  "pk": 22,
  "fields": {
    "action_time": "2024-03-02T17:52:27.172Z",
    "user": 3,
    "content_type": 11,
    "object_id": "d2f8a184-326c-427d-869a-26e1d82dbf2b",
    "object_repr": "Не амбассадор",
    "action_flag": 1,
    "change_message": "[{\"added\": {}}]"
  }
},
{
  "model": "admin.logentry",
  "pk": 23,
  "fields": {
    "action_time": "2024-03-02T17:52:51.341Z",
    "user": 3,
    "content_type": 11,
    "object_id": "937d964f-e8e1-463f-be12-c49141611cbf",
    "object_repr": "Уточняется",
    "action_flag": 1,
    "change_message": "[{\"added\": {}}]"
  }
},
{
  "model": "admin.logentry",
  "pk": 24,
  "fields": {
    "action_time": "2024-03-02T17:53:13.479Z",
    "user": 3,
    "content_type": 11,
    "object_id": "4952ff02-dedc-4382-af56-8c6649717ecf",
    "object_repr": "Архив",
    "action_flag": 1,
    "change_message": "[{\"added\": {}}]"
  }
},
{
  "model": "admin.logentry",
  "pk": 25,
  "fields": {
    "action_time": "2024-03-02T17:55:04.858Z",
    "user": 3,
    "content_type": 25,
    "object_id": "3ec45162-148d-4f6d-b6bf-aa6174f5413e",
    "object_repr": "Толстовка",
    "action_flag": 1,
    "change_message": "[{\"added\": {}}]"
  }
},
{
  "model": "admin.logentry",
  "pk": 26,
  "fields": {
    "action_time": "2024-03-02T17:55:52.796Z",
    "user": 3,
    "content_type": 25,
    "object_id": "932f4a0c-1f65-4afd-bf2e-1ee320929f01",
    "object_repr": "Кофе",
    "action_flag": 1,
    "change_message": "[{\"added\": {}}]"
  }
},
{
  "model": "admin.logentry",
  "pk": 27,
  "fields": {
    "action_time": "2024-03-02T17:56:11.223Z",
    "user": 3,
    "content_type": 25,
    "object_id": "63729f71-6ac9-4b97-801b-ab5c27804b88",
    "object_repr": "Стикеры",
    "action_flag": 1,
    "change_message": "[{\"added\": {}}]"
  }
},
{
  "model": "admin.logentry",
  "pk": 28,
  "fields": {
    "action_time": "2024-03-02T17:56:26.486Z",
    "user": 3,
    "content_type": 25,
    "object_id": "3bf128d3-f35d-4bc9-8bd8-bd7f895a2803",
    "object_repr": "Плюс",
    "action_flag": 1,
    "change_message": "[{\"added\": {}}]"
  }
},
{
  "model": "admin.logentry",
  "pk": 29,
  "fields": {
    "action_time": "2024-03-02T17:56:43.651Z",
    "user": 3,
    "content_type": 25,
    "object_id": "07524b9b-76f8-4bd4-984e-05e2ec2b6d46",
    "object_repr": "Арзамас",
    "action_flag": 1,
    "change_message": "[{\"added\": {}}]"
  }
},
{
  "model": "admin.logentry",
  "pk": 30,
  "fields": {
    "action_time": "2024-03-02T17:57:00.713Z",
    "user": 3,
    "content_type": 25,
    "object_id": "22610a60-3eaa-4005-907a-458d25584185",
    "object_repr": "Шоппер",
    "action_flag": 1,
    "change_message": "[{\"added\": {}}]"
  }
},
{
  "model": "admin.logentry",
  "pk": 31,
  "fields": {
    "action_time": "2024-03-02T17:57:26.319Z",
    "user": 3,
    "content_type": 25,
    "object_id": "7c7fc311-d423-42aa-b33f-939dd9857806",
    "object_repr": "Рюкзак",
    "action_flag": 1,
    "change_message": "[{\"added\": {}}]"
  }
},
{
  "model": "admin.logentry",
  "pk": 32,
  "fields": {
    "action_time": "2024-03-02T17:58:03.579Z",
    "user": 3,
    "content_type": 25,
    "object_id": "b3accfeb-ace4-4c2c-af3d-2b0c09217396",
    "object_repr": "Сумка кросс",
    "action_flag": 1,
    "change_message": "[{\"added\": {}}]"
  }
},
{
  "model": "admin.logentry",
  "pk": 33,
  "fields": {
    "action_time": "2024-03-02T17:58:24.837Z",
    "user": 3,
    "content_type": 25,
    "object_id": "7639e609-5b5a-4d39-97be-96dd54ccb86e",
    "object_repr": "Носки",
    "action_flag": 1,
    "change_message": "[{\"added\": {}}]"
  }
},
{
  "model": "admin.logentry",
  "pk": 34,
  "fields": {
    "action_time": "2024-03-02T17:58:39.337Z",
    "user": 3,
    "content_type": 25,
    "object_id": "bfbe25ee-537f-4e88-b26c-1c8c84af5a04",
    "object_repr": "Скидка 50%",
    "action_flag": 1,
    "change_message": "[{\"added\": {}}]"
  }
},
{
  "model": "admin.logentry",
  "pk": 35,
  "fields": {
    "action_time": "2024-03-02T17:58:57.423Z",
    "user": 3,
    "content_type": 25,
    "object_id": "6b3369af-4a8a-4bba-afe3-4438c16cc7df",
    "object_repr": "Алиса мини",
    "action_flag": 1,
    "change_message": "[{\"added\": {}}]"
  }
},
{
  "model": "admin.logentry",
  "pk": 36,
  "fields": {
    "action_time": "2024-03-02T17:59:13.616Z",
    "user": 3,
    "content_type": 25,
    "object_id": "b44f4921-3565-4f92-8156-bb12e73856bd",
    "object_repr": "Алиса биг",
    "action_flag": 1,
    "change_message": "[{\"added\": {}}]"
  }
},
{
  "model": "admin.logentry",
  "pk": 37,
  "fields": {
    "action_time": "2024-03-02T17:59:31.274Z",
    "user": 3,
    "content_type": 25,
    "object_id": "f9c5ce22-67e6-4b60-849a-cb7f8e46310f",
    "object_repr": "Клуб учащихся ночью",
    "action_flag": 1,
    "change_message": "[{\"added\": {}}]"
  }
},
{
  "model": "admin.logentry",
  "pk": 38,
  "fields": {
    "action_time": "2024-03-02T17:59:44.889Z",
    "user": 3,
    "content_type": 25,
    "object_id": "5eaeaefc-6da3-42a5-b86e-3b89800b1a9b",
    "object_repr": "м",
    "action_flag": 1,
    "change_message": "[{\"added\": {}}]"
  }
},
{
  "model": "admin.logentry",
  "pk": 39,
  "fields": {
    "action_time": "2024-03-02T18:00:18.235Z",
    "user": 3,
    "content_type": 25,
    "object_id": "5eaeaefc-6da3-42a5-b86e-3b89800b1a9b",
    "object_repr": "м",
    "action_flag": 3,
    "change_message": ""
  }
},
{
  "model": "admin.logentry",
  "pk": 40,
  "fields": {
    "action_time": "2024-03-02T18:01:54.466Z",
    "user": 3,
    "content_type": 17,
    "object_id": "bb678d0f-f6f7-44dc-97b8-56f6b96c4b7f",
    "object_repr": "шаблон",
    "action_flag": 1,
    "change_message": "[{\"added\": {}}]"
  }
},
{
  "model": "admin.logentry",
  "pk": 41,
  "fields": {
    "action_time": "2024-03-02T18:02:26.523Z",
    "user": 3,
    "content_type": 17,
    "object_id": "007140d5-e08e-4326-a22b-a38e54330037",
    "object_repr": "Черновик",
    "action_flag": 1,
    "change_message": "[{\"added\": {}}]"
  }
},
{
  "model": "admin.logentry",
  "pk": 42,
  "fields": {
    "action_time": "2024-03-02T18:02:55.410Z",
    "user": 3,
    "content_type": 17,
    "object_id": "163dbd6b-3fe5-45e0-85eb-5eaae0bc5639",
    "object_repr": "Отложенное сообщение",
    "action_flag": 1,
    "change_message": "[{\"added\": {}}]"
  }
},
{
  "model": "admin.logentry",
  "pk": 43,
  "fields": {
    "action_time": "2024-03-02T18:07:30.680Z",
    "user": 3,
    "content_type": 18,
    "object_id": "5f893587-e018-451f-a7b9-2f2e6f541f32",
    "object_repr": "Анкета",
    "action_flag": 1,
    "change_message": "[{\"added\": {}}]"
  }
},
{
  "model": "admin.logentry",
  "pk": 44,
  "fields": {
    "action_time": "2024-03-02T18:07:54.961Z",
    "user": 3,
    "content_type": 18,
    "object_id": "cb2cfb1d-b9ca-496f-8ec8-50f6e13d9161",
    "object_repr": "Отчет по гайду",
    "action_flag": 1,
    "change_message": "[{\"added\": {}}]"
  }
},
{
  "model": "admin.logentry",
  "pk": 45,
  "fields": {
    "action_time": "2024-03-02T18:08:13.784Z",
    "user": 3,
    "content_type": 18,
    "object_id": "634cd986-2a93-4ee6-ab38-12e53fbc0ec9",
    "object_repr": "Подтверждение адреса",
    "action_flag": 1,
    "change_message": "[{\"added\": {}}]"
  }
},
{
  "model": "admin.logentry",
  "pk": 46,
  "fields": {
    "action_time": "2024-03-02T18:08:31.497Z",
    "user": 3,
    "content_type": 18,
    "object_id": "8d3f899f-03e0-4188-abf9-3edd5cd39a46",
    "object_repr": "Вопрос",
    "action_flag": 1,
    "change_message": "[{\"added\": {}}]"
  }
},
{
  "model": "admin.logentry",
  "pk": 47,
  "fields": {
    "action_time": "2024-03-02T18:08:49.972Z",
    "user": 3,
    "content_type": 18,
    "object_id": "7d50d906-dc90-4287-9efb-aab86962c2d1",
    "object_repr": "Запрос на изменение данных",
    "action_flag": 1,
    "change_message": "[{\"added\": {}}]"
  }
},
{
  "model": "admin.logentry",
  "pk": 48,
  "fields": {
    "action_time": "2024-03-02T18:10:05.039Z",
    "user": 3,
    "content_type": 29,
    "object_id": "7d071f6c-0545-401a-ba9f-841b77d06168",
    "object_repr": "Habr",
    "action_flag": 1,
    "change_message": "[{\"added\": {}}]"
  }
},
{
  "model": "admin.logentry",
  "pk": 49,
  "fields": {
    "action_time": "2024-03-02T18:10:18.381Z",
    "user": 3,
    "content_type": 29,
    "object_id": "7aca76fc-9c01-4ddc-8b60-d0123aee9803",
    "object_repr": "VC",
    "action_flag": 1,
    "change_message": "[{\"added\": {}}]"
  }
},
{
  "model": "admin.logentry",
  "pk": 50,
  "fields": {
    "action_time": "2024-03-02T18:10:31.315Z",
    "user": 3,
    "content_type": 29,
    "object_id": "be45c174-d516-4c0b-b4cc-b38d1d2e39d3",
    "object_repr": "You Tube",
    "action_flag": 1,
    "change_message": "[{\"added\": {}}]"
  }
},
{
  "model": "admin.logentry",
  "pk": 51,
  "fields": {
    "action_time": "2024-03-02T18:11:36.119Z",
    "user": 3,
    "content_type": 29,
    "object_id": "98db917f-c076-470d-a8b3-5ef712616d89",
    "object_repr": "соцсети",
    "action_flag": 1,
    "change_message": "[{\"added\": {}}]"
  }
},
{
  "model": "admin.logentry",
  "pk": 52,
  "fields": {
    "action_time": "2024-03-02T18:11:40.348Z",
    "user": 3,
    "content_type": 29,
    "object_id": "fb04f0b5-c3e1-466a-8c47-1782b959f768",
    "object_repr": "Telegram-канал",
    "action_flag": 1,
    "change_message": "[{\"added\": {}}]"
  }
},
{
  "model": "admin.logentry",
  "pk": 53,
  "fields": {
    "action_time": "2024-03-02T20:31:17.561Z",
    "user": 3,
    "content_type": 33,
    "object_id": "d92f0f50-58e4-4ce8-9cd4-dd52c585c6f7",
    "object_repr": "popovaf (1034155439)",
    "action_flag": 1,
    "change_message": "[{\"added\": {}}]"
  }
},
{
  "model": "admin.logentry",
  "pk": 54,
  "fields": {
    "action_time": "2024-03-02T20:32:13.387Z",
    "user": 3,
    "content_type": 10,
    "object_id": "27dc2d34-5f12-45b9-9f0a-44a02299b312",
    "object_repr": "Абдурахмангаджи Попов",
    "action_flag": 1,
    "change_message": "[{\"added\": {}}]"
  }
},
{
  "model": "admin.logentry",
  "pk": 55,
  "fields": {
    "action_time": "2024-03-02T20:40:41.042Z",
    "user": 3,
    "content_type": 10,
    "object_id": "27dc2d34-5f12-45b9-9f0a-44a02299b312",
    "object_repr": "Абдурахмангаджи Попов",
    "action_flag": 2,
    "change_message": "[]"
  }
},
{
  "model": "admin.logentry",
  "pk": 56,
  "fields": {
    "action_time": "2024-03-02T20:47:27.305Z",
    "user": 3,
    "content_type": 10,
    "object_id": "27dc2d34-5f12-45b9-9f0a-44a02299b312",
    "object_repr": "Абдурахмангаджи Попов",
    "action_flag": 2,
    "change_message": "[{\"changed\": {\"fields\": [\"\\u0421\\u0441\\u044b\\u043b\\u043a\\u0430 \\u043d\\u0430 \\u0431\\u043b\\u043e\\u0433\"]}}]"
  }
},
{
  "model": "admin.logentry",
  "pk": 57,
  "fields": {
    "action_time": "2024-03-02T20:53:58.547Z",
    "user": 3,
    "content_type": 33,
    "object_id": "23024018-1f97-47bb-9702-4d63280068cb",
    "object_repr": "elenasmirnova (1034155440)",
    "action_flag": 1,
    "change_message": "[{\"added\": {}}]"
  }
},
{
  "model": "admin.logentry",
  "pk": 58,
  "fields": {
    "action_time": "2024-03-02T20:55:34.649Z",
    "user": 3,
    "content_type": 10,
    "object_id": "5afd2292-acf4-4764-a0d8-9cb08dd34f8b",
    "object_repr": "Елена Смирнова-Расколбасова",
    "action_flag": 1,
    "change_message": "[{\"added\": {}}]"
  }
},
{
  "model": "admin.logentry",
  "pk": 59,
  "fields": {
    "action_time": "2024-03-02T21:04:34.310Z",
    "user": 3,
    "content_type": 33,
    "object_id": "199d34fe-e444-482c-b6dc-e40f45429508",
    "object_repr": "deniska (1034155441)",
    "action_flag": 1,
    "change_message": "[{\"added\": {}}]"
  }
},
{
  "model": "admin.logentry",
  "pk": 60,
  "fields": {
    "action_time": "2024-03-02T21:06:01.734Z",
    "user": 3,
    "content_type": 10,
    "object_id": "73059e0e-5644-488a-8b6c-798454313c7e",
    "object_repr": "Денис Иванов",
    "action_flag": 1,
    "change_message": "[{\"added\": {}}]"
  }
},
{
  "model": "admin.logentry",
  "pk": 61,
  "fields": {
    "action_time": "2024-03-02T21:09:07.941Z",
    "user": 3,
    "content_type": 33,
    "object_id": "1090ac28-5ce0-4c9d-a698-79c6bbf7c078",
    "object_repr": "SubbotinAnton (1034155442)",
    "action_flag": 1,
    "change_message": "[{\"added\": {}}]"
  }
},
{
  "model": "admin.logentry",
  "pk": 62,
  "fields": {
    "action_time": "2024-03-02T21:10:54.430Z",
    "user": 3,
    "content_type": 10,
    "object_id": "28f86d31-733b-4a91-95c1-3f98a26ec921",
    "object_repr": "Антон Субботин",
    "action_flag": 1,
    "change_message": "[{\"added\": {}}]"
  }
},
{
  "model": "admin.logentry",
  "pk": 63,
  "fields": {
    "action_time": "2024-03-02T21:12:56.912Z",
    "user": 3,
    "content_type": 33,
    "object_id": "0129645c-7b6b-41f1-a3af-f5e8da08e7d0",
    "object_repr": "marysokol (1034155443)",
    "action_flag": 1,
    "change_message": "[{\"added\": {}}]"
  }
},
{
  "model": "admin.logentry",
  "pk": 64,
  "fields": {
    "action_time": "2024-03-02T21:14:58.989Z",
    "user": 3,
    "content_type": 10,
    "object_id": "4c05db77-103c-43a3-95cf-32f0ae2dd11b",
    "object_repr": "Мария Соколова",
    "action_flag": 1,
    "change_message": "[{\"added\": {}}]"
  }
},
{
  "model": "admin.logentry",
  "pk": 65,
  "fields": {
    "action_time": "2024-03-02T21:17:42.744Z",
    "user": 3,
    "content_type": 33,
    "object_id": "bf53ea1e-6bc6-48de-8bcd-9ab3a1a15fe7",
    "object_repr": "alexandrVolkov (1034155444)",
    "action_flag": 1,
    "change_message": "[{\"added\": {}}]"
  }
},
{
  "model": "admin.logentry",
  "pk": 66,
  "fields": {
    "action_time": "2024-03-02T21:19:10.711Z",
    "user": 3,
    "content_type": 10,
    "object_id": "3bf3b298-fddf-4d37-93d9-a1fceb81189b",
    "object_repr": "Александр Волков",
    "action_flag": 1,
    "change_message": "[{\"added\": {}}]"
  }
},
{
  "model": "admin.logentry",
  "pk": 67,
  "fields": {
    "action_time": "2024-03-02T21:22:43.810Z",
    "user": 3,
    "content_type": 33,
    "object_id": "9f162073-7758-4f00-b2c4-d52e3af9100e",
    "object_repr": "NataliMoroz (1089738567)",
    "action_flag": 1,
    "change_message": "[{\"added\": {}}]"
  }
},
{
  "model": "admin.logentry",
  "pk": 68,
  "fields": {
    "action_time": "2024-03-02T21:24:12.378Z",
    "user": 3,
    "content_type": 10,
    "object_id": "92ed951d-6e62-4772-9453-2a6875796247",
    "object_repr": "Наталья Морозова",
    "action_flag": 1,
    "change_message": "[{\"added\": {}}]"
  }
},
{
  "model": "admin.logentry",
  "pk": 69,
  "fields": {
    "action_time": "2024-03-02T21:27:40.686Z",
    "user": 3,
    "content_type": 33,
    "object_id": "6ccc792f-c6d1-40d2-8e07-0180e16e1c72",
    "object_repr": "SmirnovIvan (1089738568)",
    "action_flag": 1,
    "change_message": "[{\"added\": {}}]"
  }
},
{
  "model": "admin.logentry",
  "pk": 70,
  "fields": {
    "action_time": "2024-03-02T21:29:01.029Z",
    "user": 3,
    "content_type": 10,
    "object_id": "737f4bac-db02-4c1e-be09-c29776e78607",
    "object_repr": "Иван Смирнов",
    "action_flag": 1,
    "change_message": "[{\"added\": {}}]"
  }
},
{
  "model": "admin.logentry",
  "pk": 71,
  "fields": {
    "action_time": "2024-03-02T21:31:38.666Z",
    "user": 3,
    "content_type": 33,
    "object_id": "b75d0130-3454-4a4a-bab0-3db4e5c0b28e",
    "object_repr": "dima28 (1089738569)",
    "action_flag": 1,
    "change_message": "[{\"added\": {}}]"
  }
},
{
  "model": "admin.logentry",
  "pk": 72,
  "fields": {
    "action_time": "2024-03-02T21:33:22.200Z",
    "user": 3,
    "content_type": 10,
    "object_id": "a4918e6e-1b4a-4b16-a030-b1ee47f32a89",
    "object_repr": "Дмитрий Козлов",
    "action_flag": 1,
    "change_message": "[{\"added\": {}}]"
  }
},
{
  "model": "admin.logentry",
  "pk": 73,
  "fields": {
    "action_time": "2024-03-02T21:35:20.977Z",
    "user": 3,
    "content_type": 33,
    "object_id": "954dde5d-4450-449f-821a-2ac1152dcc46",
    "object_repr": "nikatya (1089738570)",
    "action_flag": 1,
    "change_message": "[{\"added\": {}}]"
  }
},
{
  "model": "admin.logentry",
  "pk": 74,
  "fields": {
    "action_time": "2024-03-02T21:36:55.170Z",
    "user": 3,
    "content_type": 10,
    "object_id": "b072e354-1572-41cc-9e0b-a37f53a26135",
    "object_repr": "Екатерина Николаева",
    "action_flag": 1,
    "change_message": "[{\"added\": {}}]"
  }
},
{
  "model": "admin.logentry",
  "pk": 75,
  "fields": {
    "action_time": "2024-03-02T21:38:47.428Z",
    "user": 3,
    "content_type": 33,
    "object_id": "592049ce-e69e-4963-88bc-b700ca143c92",
    "object_repr": "alexmorozov (1107542867)",
    "action_flag": 1,
    "change_message": "[{\"added\": {}}]"
  }
},
{
  "model": "admin.logentry",
  "pk": 76,
  "fields": {
    "action_time": "2024-03-02T21:40:11.977Z",
    "user": 3,
    "content_type": 10,
    "object_id": "ee18379e-8f76-4f03-a35d-aa24a17d33cc",
    "object_repr": "Алексей Морозов",
    "action_flag": 1,
    "change_message": "[{\"added\": {}}]"
  }
},
{
  "model": "admin.logentry",
  "pk": 77,
  "fields": {
    "action_time": "2024-03-02T21:42:02.703Z",
    "user": 3,
    "content_type": 33,
    "object_id": "36386c81-e767-4f3d-81fb-8154c2540473",
    "object_repr": "StepanovaIrina (1107542868)",
    "action_flag": 1,
    "change_message": "[{\"added\": {}}]"
  }
},
{
  "model": "admin.logentry",
  "pk": 78,
  "fields": {
    "action_time": "2024-03-02T21:43:32.289Z",
    "user": 3,
    "content_type": 10,
    "object_id": "3d31e408-5c3f-4911-ac9c-266c2cade8c9",
    "object_repr": "Ирина Степанова",
    "action_flag": 1,
    "change_message": "[{\"added\": {}}]"
  }
},
{
  "model": "admin.logentry",
  "pk": 79,
  "fields": {
    "action_time": "2024-03-02T21:46:33.299Z",
    "user": 3,
    "content_type": 33,
    "object_id": "795ec43f-40e7-4a9b-bc9b-97a60f7eb989",
    "object_repr": "PertovaMarina (1107542869)",
    "action_flag": 1,
    "change_message": "[{\"added\": {}}]"
  }
},
{
  "model": "admin.logentry",
  "pk": 80,
  "fields": {
    "action_time": "2024-03-02T21:48:09.148Z",
    "user": 3,
    "content_type": 10,
    "object_id": "b705ecbf-65e0-477d-a5d6-f808ac83e236",
    "object_repr": "Марина Петрова",
    "action_flag": 1,
    "change_message": "[{\"added\": {}}]"
  }
},
{
  "model": "admin.logentry",
  "pk": 81,
  "fields": {
    "action_time": "2024-03-02T21:50:29.110Z",
    "user": 3,
    "content_type": 33,
    "object_id": "4520ec19-4c50-418e-ae78-184872fad8da",
    "object_repr": "sokolokk (1107542870)",
    "action_flag": 1,
    "change_message": "[{\"added\": {}}]"
  }
},
{
  "model": "admin.logentry",
  "pk": 82,
  "fields": {
    "action_time": "2024-03-02T21:52:11.019Z",
    "user": 3,
    "content_type": 10,
    "object_id": "e7a023ee-623c-4096-8855-8dbacd388522",
    "object_repr": "Кристина Соколова",
    "action_flag": 1,
    "change_message": "[{\"added\": {}}]"
  }
},
{
  "model": "admin.logentry",
  "pk": 83,
  "fields": {
    "action_time": "2024-03-02T21:54:17.780Z",
    "user": 3,
    "content_type": 33,
    "object_id": "3c66a56b-06ff-46f6-bb88-3708ebed37ab",
    "object_repr": "ChugunovA (1107542871)",
    "action_flag": 1,
    "change_message": "[{\"added\": {}}]"
  }
},
{
  "model": "admin.logentry",
  "pk": 84,
  "fields": {
    "action_time": "2024-03-02T21:57:21.496Z",
    "user": 3,
    "content_type": 10,
    "object_id": "198d61a6-f686-4c42-952b-939f89bd77b5",
    "object_repr": "Александр Чугунов",
    "action_flag": 1,
    "change_message": "[{\"added\": {}}]"
  }
},
{
  "model": "admin.logentry",
  "pk": 85,
  "fields": {
    "action_time": "2024-03-02T21:59:00.160Z",
    "user": 3,
    "content_type": 10,
    "object_id": "3bf3b298-fddf-4d37-93d9-a1fceb81189b",
    "object_repr": "Александр Волков",
    "action_flag": 2,
    "change_message": "[]"
  }
},
{
  "model": "admin.logentry",
  "pk": 86,
  "fields": {
    "action_time": "2024-03-02T22:00:31.644Z",
    "user": 3,
    "content_type": 33,
    "object_id": "426df251-c10b-4dde-9e0c-d6b08cc41e49",
    "object_repr": "IllistratovV (1107542872)",
    "action_flag": 1,
    "change_message": "[{\"added\": {}}]"
  }
},
{
  "model": "admin.logentry",
  "pk": 87,
  "fields": {
    "action_time": "2024-03-02T22:01:54.380Z",
    "user": 3,
    "content_type": 10,
    "object_id": "baf23446-1d0e-449e-a2e1-a5b59da25731",
    "object_repr": "Валентин Иллистратов",
    "action_flag": 1,
    "change_message": "[{\"added\": {}}]"
  }
},
{
  "model": "admin.logentry",
  "pk": 88,
  "fields": {
    "action_time": "2024-03-02T22:03:41.163Z",
    "user": 3,
    "content_type": 33,
    "object_id": "7608c962-365e-4bbb-9832-131527bc7e08",
    "object_repr": "Kaverin (1107542873)",
    "action_flag": 1,
    "change_message": "[{\"added\": {}}]"
  }
},
{
  "model": "admin.logentry",
  "pk": 89,
  "fields": {
    "action_time": "2024-03-02T22:04:51.801Z",
    "user": 3,
    "content_type": 10,
    "object_id": "d885dc41-3e92-418b-8b91-82da961f3e07",
    "object_repr": "Степан Каверин",
    "action_flag": 1,
    "change_message": "[{\"added\": {}}]"
  }
},
{
  "model": "admin.logentry",
  "pk": 90,
  "fields": {
    "action_time": "2024-03-02T22:07:28.160Z",
    "user": 3,
    "content_type": 33,
    "object_id": "2e6750cb-cec9-45ce-8c4b-f4d29502fc82",
    "object_repr": "VasilevskyM (1006539725)",
    "action_flag": 1,
    "change_message": "[{\"added\": {}}]"
  }
},
{
  "model": "admin.logentry",
  "pk": 91,
  "fields": {
    "action_time": "2024-03-02T22:08:50.112Z",
    "user": 3,
    "content_type": 10,
    "object_id": "001d2abd-2834-43ca-b123-f087991d1ac8",
    "object_repr": "Михаил Василевский",
    "action_flag": 1,
    "change_message": "[{\"added\": {}}]"
  }
},
{
  "model": "admin.logentry",
  "pk": 92,
  "fields": {
    "action_time": "2024-03-03T07:03:46.705Z",
    "user": 3,
    "content_type": 33,
    "object_id": "4f547ad2-5a98-41e8-b435-391a88c4b19b",
    "object_repr": "ZabelinPeter (1006539726)",
    "action_flag": 1,
    "change_message": "[{\"added\": {}}]"
  }
},
{
  "model": "admin.logentry",
  "pk": 93,
  "fields": {
    "action_time": "2024-03-03T07:04:59.912Z",
    "user": 3,
    "content_type": 10,
    "object_id": "a38068d3-5bb8-47b7-8b67-a8751c24f42b",
    "object_repr": "Петр Забелин",
    "action_flag": 1,
    "change_message": "[{\"added\": {}}]"
  }
},
{
  "model": "admin.logentry",
  "pk": 94,
  "fields": {
    "action_time": "2024-03-03T07:07:03.644Z",
    "user": 3,
    "content_type": 33,
    "object_id": "db7d07ea-8382-4e63-9efc-031d73ce3443",
    "object_repr": "alexash (1006539727)",
    "action_flag": 1,
    "change_message": "[{\"added\": {}}]"
  }
},
{
  "model": "admin.logentry",
  "pk": 95,
  "fields": {
    "action_time": "2024-03-03T07:08:07.189Z",
    "user": 3,
    "content_type": 10,
    "object_id": "cc57532f-71da-467b-a301-65a54b7e547d",
    "object_repr": "Александр Александров",
    "action_flag": 1,
    "change_message": "[{\"added\": {}}]"
  }
},
{
  "model": "admin.logentry",
  "pk": 96,
  "fields": {
    "action_time": "2024-03-03T07:10:11.005Z",
    "user": 3,
    "content_type": 33,
    "object_id": "19c62a3e-747a-4fa2-b2ff-58a628f0e96a",
    "object_repr": "lexalexa (1006539728)",
    "action_flag": 1,
    "change_message": "[{\"added\": {}}]"
  }
},
{
  "model": "admin.logentry",
  "pk": 97,
  "fields": {
    "action_time": "2024-03-03T07:12:22.718Z",
    "user": 3,
    "content_type": 10,
    "object_id": "39f2844b-b7ec-445f-996f-34c2aab0a59b",
    "object_repr": "Алексей Иванов",
    "action_flag": 1,
    "change_message": "[{\"added\": {}}]"
  }
},
{
  "model": "admin.logentry",
  "pk": 98,
  "fields": {
    "action_time": "2024-03-03T07:16:12.374Z",
    "user": 3,
    "content_type": 33,
    "object_id": "75b0a534-2d1f-42ac-bb59-621293ec3e40",
    "object_repr": "petrovvadim (1006539729)",
    "action_flag": 1,
    "change_message": "[{\"added\": {}}]"
  }
},
{
  "model": "admin.logentry",
  "pk": 99,
  "fields": {
    "action_time": "2024-03-03T07:18:20.917Z",
    "user": 3,
    "content_type": 10,
    "object_id": "20dec1f2-bb7d-4cbd-b0ba-eebc8ed4ee84",
    "object_repr": "Вадим Петров",
    "action_flag": 1,
    "change_message": "[{\"added\": {}}]"
  }
},
{
  "model": "admin.logentry",
  "pk": 100,
  "fields": {
    "action_time": "2024-03-03T07:21:15.092Z",
    "user": 3,
    "content_type": 33,
    "object_id": "0bdeeea5-7300-432a-95a1-87ab7945f0d5",
    "object_repr": "InessaZaluzhnaya (1006539730)",
    "action_flag": 1,
    "change_message": "[{\"added\": {}}]"
  }
},
{
  "model": "admin.logentry",
  "pk": 101,
  "fields": {
    "action_time": "2024-03-03T07:23:23.649Z",
    "user": 3,
    "content_type": 10,
    "object_id": "d9eeb75e-b9fd-42f9-a273-be47bbce5844",
    "object_repr": "Инесса Залужная",
    "action_flag": 1,
    "change_message": "[{\"added\": {}}]"
  }
},
{
  "model": "admin.logentry",
  "pk": 102,
  "fields": {
    "action_time": "2024-03-03T07:25:33.561Z",
    "user": 3,
    "content_type": 33,
    "object_id": "0fb8e511-c753-45e5-bb27-0dd977a82b62",
    "object_repr": "ValentinaBur (1006539731)",
    "action_flag": 1,
    "change_message": "[{\"added\": {}}]"
  }
},
{
  "model": "admin.logentry",
  "pk": 103,
  "fields": {
    "action_time": "2024-03-03T07:27:39.551Z",
    "user": 3,
    "content_type": 10,
    "object_id": "c5968489-7466-43b2-a591-b1eefed2250d",
    "object_repr": "Валентина Бурмистрова",
    "action_flag": 1,
    "change_message": "[{\"added\": {}}]"
  }
},
{
  "model": "admin.logentry",
  "pk": 104,
  "fields": {
    "action_time": "2024-03-03T07:30:56.265Z",
    "user": 3,
    "content_type": 33,
    "object_id": "3dd32832-1b40-4107-9125-4b24d9005851",
    "object_repr": "LencIgor (1006539732)",
    "action_flag": 1,
    "change_message": "[{\"added\": {}}]"
  }
},
{
  "model": "admin.logentry",
  "pk": 105,
  "fields": {
    "action_time": "2024-03-03T07:32:45.443Z",
    "user": 3,
    "content_type": 10,
    "object_id": "fc27e8fb-e269-41be-9306-d8218f7ea72f",
    "object_repr": "Игорь Ленц",
    "action_flag": 1,
    "change_message": "[{\"added\": {}}]"
  }
},
{
  "model": "admin.logentry",
  "pk": 106,
  "fields": {
    "action_time": "2024-03-03T07:59:31.973Z",
    "user": 3,
    "content_type": 10,
    "object_id": "fc27e8fb-e269-41be-9306-d8218f7ea72f",
    "object_repr": "Игорь Ленц",
    "action_flag": 2,
    "change_message": "[{\"changed\": {\"fields\": [\"\\u041f\\u0440\\u043e\\u043c\\u043e\\u043a\\u043e\\u0434\"]}}]"
  }
},
{
  "model": "admin.logentry",
  "pk": 107,
  "fields": {
    "action_time": "2024-03-03T08:01:35.672Z",
    "user": 3,
    "content_type": 14,
    "object_id": "7ead9106-e64e-463e-9414-c7e657af11ad",
    "object_repr": "Петр Забелин - Выступать на мероприятиях",
    "action_flag": 1,
    "change_message": "[{\"added\": {}}]"
  }
},
{
  "model": "admin.logentry",
  "pk": 108,
  "fields": {
    "action_time": "2024-03-03T08:02:11.597Z",
    "user": 3,
    "content_type": 14,
    "object_id": "59859b20-6c98-4652-a16f-12fd0b10bb96",
    "object_repr": "Абдурахмангаджи Попов - Углубление имеющихся знаний, чтобы использовать их",
    "action_flag": 1,
    "change_message": "[{\"added\": {}}]"
  }
},
{
  "model": "admin.logentry",
  "pk": 109,
  "fields": {
    "action_time": "2024-03-03T08:02:43.648Z",
    "user": 3,
    "content_type": 14,
    "object_id": "b3e63192-b4cd-4bd2-8c0b-e2d79af36399",
    "object_repr": "Елена Смирнова-Расколбасова - Углубление имеющихся знаний, чтобы использовать их",
    "action_flag": 1,
    "change_message": "[{\"added\": {}}]"
  }
},
{
  "model": "admin.logentry",
  "pk": 110,
  "fields": {
    "action_time": "2024-03-03T08:13:07.154Z",
    "user": 3,
    "content_type": 12,
    "object_id": "3241fb85-eb33-43e4-8b89-5bbc68aba35d",
    "object_repr": "Получение новой профессии, чтобы сменить работу",
    "action_flag": 2,
    "change_message": "[{\"changed\": {\"fields\": [\"\\u041d\\u0430\\u0437\\u0432\\u0430\\u043d\\u0438\\u0435 \\u0446\\u0435\\u043b\\u0438\"]}}]"
  }
},
{
  "model": "admin.logentry",
  "pk": 111,
  "fields": {
    "action_time": "2024-03-03T08:13:38.647Z",
    "user": 3,
    "content_type": 14,
    "object_id": "f0d3cf98-2ee9-4d41-ad81-615b72e3780a",
    "object_repr": "Денис Иванов - Углубление имеющихся знаний, чтобы использовать их",
    "action_flag": 1,
    "change_message": "[{\"added\": {}}]"
  }
},
{
  "model": "admin.logentry",
  "pk": 112,
  "fields": {
    "action_time": "2024-03-03T08:13:48.501Z",
    "user": 3,
    "content_type": 14,
    "object_id": "ac4f1fd9-2a4b-4303-bdce-6f792e8cc4fb",
    "object_repr": "Антон Субботин - Углубление имеющихся знаний, чтобы использовать их",
    "action_flag": 1,
    "change_message": "[{\"added\": {}}]"
  }
},
{
  "model": "admin.logentry",
  "pk": 113,
  "fields": {
    "action_time": "2024-03-03T08:13:57.763Z",
    "user": 3,
    "content_type": 14,
    "object_id": "4b56c846-e06c-49e7-8d77-5509fbf53423",
    "object_repr": "Мария Соколова - Получение новой профессии, чтобы сменить работу",
    "action_flag": 1,
    "change_message": "[{\"added\": {}}]"
  }
},
{
  "model": "admin.logentry",
  "pk": 114,
  "fields": {
    "action_time": "2024-03-03T08:14:06.705Z",
    "user": 3,
    "content_type": 14,
    "object_id": "5c8c8523-e6e0-432e-b6bc-457ce24def75",
    "object_repr": "Наталья Морозова - Углубление имеющихся знаний, чтобы использовать их",
    "action_flag": 1,
    "change_message": "[{\"added\": {}}]"
  }
},
{
  "model": "admin.logentry",
  "pk": 115,
  "fields": {
    "action_time": "2024-03-03T08:14:21.487Z",
    "user": 3,
    "content_type": 14,
    "object_id": "d883a853-f411-4c30-a035-2af3966349f1",
    "object_repr": "Наталья Морозова - Свой вариант",
    "action_flag": 1,
    "change_message": "[{\"added\": {}}]"
  }
},
{
  "model": "admin.logentry",
  "pk": 116,
  "fields": {
    "action_time": "2024-03-03T08:14:31.730Z",
    "user": 3,
    "content_type": 14,
    "object_id": "5464548c-c107-4351-a14a-c75af6e09f48",
    "object_repr": "Иван Смирнов - Получение новой профессии, чтобы сменить работу",
    "action_flag": 1,
    "change_message": "[{\"added\": {}}]"
  }
},
{
  "model": "admin.logentry",
  "pk": 117,
  "fields": {
    "action_time": "2024-03-03T08:14:40.117Z",
    "user": 3,
    "content_type": 14,
    "object_id": "05510f3f-35ac-47bb-bf32-72e17a2437ec",
    "object_repr": "Дмитрий Козлов - Углубление имеющихся знаний, чтобы использовать их",
    "action_flag": 1,
    "change_message": "[{\"added\": {}}]"
  }
},
{
  "model": "admin.logentry",
  "pk": 118,
  "fields": {
    "action_time": "2024-03-03T08:14:50.828Z",
    "user": 3,
    "content_type": 14,
    "object_id": "b1748e26-ab1d-4e4f-bef8-b84197d04623",
    "object_repr": "Екатерина Николаева - Углубление имеющихся знаний, чтобы использовать их",
    "action_flag": 1,
    "change_message": "[{\"added\": {}}]"
  }
},
{
  "model": "admin.logentry",
  "pk": 119,
  "fields": {
    "action_time": "2024-03-03T08:15:00.783Z",
    "user": 3,
    "content_type": 14,
    "object_id": "1158b03d-0cc3-484b-b1fc-f24bf920d80c",
    "object_repr": "Алексей Морозов - Свой вариант",
    "action_flag": 1,
    "change_message": "[{\"added\": {}}]"
  }
},
{
  "model": "admin.logentry",
  "pk": 120,
  "fields": {
    "action_time": "2024-03-03T08:15:09.512Z",
    "user": 3,
    "content_type": 14,
    "object_id": "e2c61a59-11cf-4281-ba3f-32a6145890fb",
    "object_repr": "Ирина Степанова - Углубление имеющихся знаний, чтобы использовать их",
    "action_flag": 1,
    "change_message": "[{\"added\": {}}]"
  }
},
{
  "model": "admin.logentry",
  "pk": 121,
  "fields": {
    "action_time": "2024-03-03T08:19:26.642Z",
    "user": 3,
    "content_type": 9,
    "object_id": "5e47d3ae-2ca2-43cc-8f96-ee9f52e5d7c3",
    "object_repr": "Давать консультации и рассказывать всем про Практи",
    "action_flag": 2,
    "change_message": "[]"
  }
},
{
  "model": "admin.logentry",
  "pk": 122,
  "fields": {
    "action_time": "2024-03-03T08:24:37.652Z",
    "user": 3,
    "content_type": 15,
    "object_id": "a9f5ae48-735d-470a-b0e7-6f260f49938b",
    "object_repr": "Петр Забелин - Вести блог",
    "action_flag": 1,
    "change_message": "[{\"added\": {}}]"
  }
},
{
  "model": "admin.logentry",
  "pk": 123,
  "fields": {
    "action_time": "2024-03-03T08:24:46.955Z",
    "user": 3,
    "content_type": 15,
    "object_id": "04666725-05ea-492c-be50-776e4b801e54",
    "object_repr": "Петр Забелин - Писать статьи",
    "action_flag": 1,
    "change_message": "[{\"added\": {}}]"
  }
},
{
  "model": "admin.logentry",
  "pk": 124,
  "fields": {
    "action_time": "2024-03-03T08:25:09.512Z",
    "user": 3,
    "content_type": 15,
    "object_id": "5b36832f-45c3-4b4b-98d0-d942c1926fdf",
    "object_repr": "Абдурахмангаджи Попов - Снимать видео или сниматься в них, если продакшн б",
    "action_flag": 1,
    "change_message": "[{\"added\": {}}]"
  }
},
{
  "model": "admin.logentry",
  "pk": 125,
  "fields": {
    "action_time": "2024-03-03T08:26:01.304Z",
    "user": 3,
    "content_type": 17,
    "object_id": "bb678d0f-f6f7-44dc-97b8-56f6b96c4b7f",
    "object_repr": "Шаблон",
    "action_flag": 2,
    "change_message": "[{\"changed\": {\"fields\": [\"\\u041d\\u0430\\u0438\\u043c\\u0435\\u043d\\u043e\\u0432\\u0430\\u043d\\u0438\\u0435 \\u0441\\u0442\\u0430\\u0442\\u0443\\u0441\\u0430\"]}}]"
  }
},
{
  "model": "admin.logentry",
  "pk": 126,
  "fields": {
    "action_time": "2024-03-03T08:30:35.686Z",
    "user": 3,
    "content_type": 31,
    "object_id": "32316bf1-6ee3-4ae9-96e1-e45ab95e3c55",
    "object_repr": "Фото в мерче",
    "action_flag": 1,
    "change_message": "[{\"added\": {}}]"
  }
},
{
  "model": "admin.logentry",
  "pk": 127,
  "fields": {
    "action_time": "2024-03-03T08:31:06.469Z",
    "user": 3,
    "content_type": 31,
    "object_id": "8062608b-6973-48ce-9b89-b3c98e69db8d",
    "object_repr": "Видео",
    "action_flag": 1,
    "change_message": "[{\"added\": {}}]"
  }
},
{
  "model": "admin.logentry",
  "pk": 128,
  "fields": {
    "action_time": "2024-03-03T08:37:44.334Z",
    "user": 3,
    "content_type": 31,
    "object_id": "c6a07040-1175-48c8-912c-4ebe67b25df5",
    "object_repr": "Написан пост в блоге",
    "action_flag": 1,
    "change_message": "[{\"added\": {}}]"
  }
},
{
  "model": "admin.logentry",
  "pk": 129,
  "fields": {
    "action_time": "2024-03-03T08:38:08.800Z",
    "user": 3,
    "content_type": 31,
    "object_id": "44256174-f55b-4b62-8fdd-3caa8b47136f",
    "object_repr": "Написана статья",
    "action_flag": 1,
    "change_message": "[{\"added\": {}}]"
  }
},
{
  "model": "admin.logentry",
  "pk": 130,
  "fields": {
    "action_time": "2024-03-03T08:38:25.154Z",
    "user": 3,
    "content_type": 31,
    "object_id": "c7557db9-f16e-4728-a9e6-d8e1b9e92586",
    "object_repr": "выступление на мероприятии",
    "action_flag": 1,
    "change_message": "[{\"added\": {}}]"
  }
},
{
  "model": "admin.logentry",
  "pk": 131,
  "fields": {
    "action_time": "2024-03-03T08:38:47.864Z",
    "user": 3,
    "content_type": 31,
    "object_id": "298adee6-7ee4-47d2-a172-cf8b4de80a90",
    "object_repr": "Проведена консультация",
    "action_flag": 1,
    "change_message": "[{\"added\": {}}]"
  }
},
{
  "model": "admin.logentry",
  "pk": 132,
  "fields": {
    "action_time": "2024-03-03T08:39:46.157Z",
    "user": 3,
    "content_type": 31,
    "object_id": "32316bf1-6ee3-4ae9-96e1-e45ab95e3c55",
    "object_repr": "Сделано фото в мерче",
    "action_flag": 2,
    "change_message": "[{\"changed\": {\"fields\": [\"\\u0412\\u0438\\u0434 \\u0437\\u0430\\u0434\\u0430\\u043d\\u0438\\u044f\"]}}]"
  }
},
{
  "model": "admin.logentry",
  "pk": 133,
  "fields": {
    "action_time": "2024-03-03T08:40:18.723Z",
    "user": 3,
    "content_type": 31,
    "object_id": "8062608b-6973-48ce-9b89-b3c98e69db8d",
    "object_repr": "Снято видео",
    "action_flag": 2,
    "change_message": "[{\"changed\": {\"fields\": [\"\\u0412\\u0438\\u0434 \\u0437\\u0430\\u0434\\u0430\\u043d\\u0438\\u044f\"]}}]"
  }
},
{
  "model": "admin.logentry",
  "pk": 134,
  "fields": {
    "action_time": "2024-03-03T08:40:36.730Z",
    "user": 3,
    "content_type": 31,
    "object_id": "c7557db9-f16e-4728-a9e6-d8e1b9e92586",
    "object_repr": "Выступление на мероприятии",
    "action_flag": 2,
    "change_message": "[{\"changed\": {\"fields\": [\"\\u0412\\u0438\\u0434 \\u0437\\u0430\\u0434\\u0430\\u043d\\u0438\\u044f\"]}}]"
  }
},
{
  "model": "admin.logentry",
  "pk": 135,
  "fields": {
    "action_time": "2024-03-03T10:41:44.178Z",
    "user": 3,
    "content_type": 14,
    "object_id": "d883a853-f411-4c30-a035-2af3966349f1",
    "object_repr": "Наталья Морозова - Свой вариант",
    "action_flag": 2,
    "change_message": "[{\"changed\": {\"fields\": [\"\\u0421\\u0432\\u043e\\u044f \\u0432\\u0435\\u0440\\u0441\\u0438\\u044f\"]}}]"
  }
},
{
  "model": "admin.logentry",
  "pk": 136,
  "fields": {
    "action_time": "2024-03-03T10:43:36.057Z",
    "user": 3,
    "content_type": 14,
    "object_id": "1158b03d-0cc3-484b-b1fc-f24bf920d80c",
    "object_repr": "Алексей Морозов - Свой вариант",
    "action_flag": 2,
    "change_message": "[{\"changed\": {\"fields\": [\"\\u0421\\u0432\\u043e\\u044f \\u0432\\u0435\\u0440\\u0441\\u0438\\u044f\"]}}]"
  }
},
{
  "model": "admin.logentry",
  "pk": 137,
  "fields": {
    "action_time": "2024-03-03T10:45:57.095Z",
    "user": 3,
    "content_type": 14,
    "object_id": "5c8c8523-e6e0-432e-b6bc-457ce24def75",
    "object_repr": "Наталья Морозова - Углубление имеющихся знаний, чтобы использовать их",
    "action_flag": 3,
    "change_message": ""
  }
},
{
  "model": "admin.logentry",
  "pk": 138,
  "fields": {
    "action_time": "2024-03-03T10:47:08.684Z",
    "user": 3,
    "content_type": 14,
    "object_id": "8d28a854-5825-4bb6-8168-b5e8d1c5d0a8",
    "object_repr": "Марина Петрова - Углубление имеющихся знаний, чтобы использовать их",
    "action_flag": 1,
    "change_message": "[{\"added\": {}}]"
  }
},
{
  "model": "admin.logentry",
  "pk": 139,
  "fields": {
    "action_time": "2024-03-03T10:47:30.910Z",
    "user": 3,
    "content_type": 14,
    "object_id": "d8e12b25-c36e-4f0c-960c-210b63abbd4b",
    "object_repr": "Кристина Соколова - Получение новой профессии, чтобы сменить работу",
    "action_flag": 1,
    "change_message": "[{\"added\": {}}]"
  }
},
{
  "model": "admin.logentry",
  "pk": 140,
  "fields": {
    "action_time": "2024-03-03T10:47:46.030Z",
    "user": 3,
    "content_type": 14,
    "object_id": "ea973a77-2fc9-4ef3-bddc-b53df5b5e42d",
    "object_repr": "Александр Чугунов - Углубление имеющихся знаний, чтобы использовать их",
    "action_flag": 1,
    "change_message": "[{\"added\": {}}]"
  }
},
{
  "model": "admin.logentry",
  "pk": 141,
  "fields": {
    "action_time": "2024-03-03T10:49:43.344Z",
    "user": 3,
    "content_type": 14,
    "object_id": "43157a56-de8a-4701-bece-9d2d0837b4ac",
    "object_repr": "Александр Волков - Свой вариант",
    "action_flag": 1,
    "change_message": "[{\"added\": {}}]"
  }
},
{
  "model": "admin.logentry",
  "pk": 142,
  "fields": {
    "action_time": "2024-03-03T10:49:57.121Z",
    "user": 3,
    "content_type": 14,
    "object_id": "4022ba0c-c870-4927-9ff3-afa26d347f58",
    "object_repr": "Валентин Иллистратов - Углубление имеющихся знаний, чтобы использовать их",
    "action_flag": 1,
    "change_message": "[{\"added\": {}}]"
  }
},
{
  "model": "admin.logentry",
  "pk": 143,
  "fields": {
    "action_time": "2024-03-03T10:50:47.127Z",
    "user": 3,
    "content_type": 14,
    "object_id": "7cdbd19e-2294-4ee7-9bb8-34c6fd499319",
    "object_repr": "Степан Каверин - Свой вариант",
    "action_flag": 1,
    "change_message": "[{\"added\": {}}]"
  }
},
{
  "model": "admin.logentry",
  "pk": 144,
  "fields": {
    "action_time": "2024-03-03T10:50:59.529Z",
    "user": 3,
    "content_type": 14,
    "object_id": "1f91d3f2-ea83-4b31-a1bc-ec4eddf5a48c",
    "object_repr": "Михаил Василевский - Получение новой профессии, чтобы сменить работу",
    "action_flag": 1,
    "change_message": "[{\"added\": {}}]"
  }
},
{
  "model": "admin.logentry",
  "pk": 145,
  "fields": {
    "action_time": "2024-03-03T10:51:11.761Z",
    "user": 3,
    "content_type": 14,
    "object_id": "df2c5c81-747e-45ea-994d-20f9b4c4f79a",
    "object_repr": "Александр Александров - Углубление имеющихся знаний, чтобы использовать их",
    "action_flag": 1,
    "change_message": "[{\"added\": {}}]"
  }
},
{
  "model": "admin.logentry",
  "pk": 146,
  "fields": {
    "action_time": "2024-03-03T10:51:43.170Z",
    "user": 3,
    "content_type": 14,
    "object_id": "850ace74-420b-4ac9-8f1e-d1d8d5ff209c",
    "object_repr": "Алексей Иванов - Свой вариант",
    "action_flag": 1,
    "change_message": "[{\"added\": {}}]"
  }
},
{
  "model": "admin.logentry",
  "pk": 147,
  "fields": {
    "action_time": "2024-03-03T10:51:53.668Z",
    "user": 3,
    "content_type": 14,
    "object_id": "ca78826e-f3f0-4781-bea4-babcf3ea28b6",
    "object_repr": "Вадим Петров - Углубление имеющихся знаний, чтобы использовать их",
    "action_flag": 1,
    "change_message": "[{\"added\": {}}]"
  }
},
{
  "model": "admin.logentry",
  "pk": 148,
  "fields": {
    "action_time": "2024-03-03T10:52:11.791Z",
    "user": 3,
    "content_type": 14,
    "object_id": "0a250a8a-4f36-4423-b41c-e81667d09686",
    "object_repr": "Инесса Залужная - Получение новой профессии, чтобы сменить работу",
    "action_flag": 1,
    "change_message": "[{\"added\": {}}]"
  }
},
{
  "model": "admin.logentry",
  "pk": 149,
  "fields": {
    "action_time": "2024-03-03T10:52:52.302Z",
    "user": 3,
    "content_type": 14,
    "object_id": "514cf597-cd21-464c-8162-009fb9959fce",
    "object_repr": "Валентина Бурмистрова - Свой вариант",
    "action_flag": 1,
    "change_message": "[{\"added\": {}}]"
  }
},
{
  "model": "admin.logentry",
  "pk": 150,
  "fields": {
    "action_time": "2024-03-03T10:53:08.312Z",
    "user": 3,
    "content_type": 14,
    "object_id": "4e77f3a5-c878-4a8f-9ecb-cd769fb43de1",
    "object_repr": "Игорь Ленц - Получение новой профессии, чтобы сменить работу",
    "action_flag": 1,
    "change_message": "[{\"added\": {}}]"
  }
},
{
  "model": "admin.logentry",
  "pk": 151,
  "fields": {
    "action_time": "2024-03-03T10:54:16.299Z",
    "user": 3,
    "content_type": 34,
    "object_id": "246ae06c-e6eb-4783-8e05-1727be300e41",
    "object_repr": "Аналитик данных",
    "action_flag": 1,
    "change_message": "[{\"added\": {}}]"
  }
},
{
  "model": "admin.logentry",
  "pk": 152,
  "fields": {
    "action_time": "2024-03-03T10:54:30.018Z",
    "user": 3,
    "content_type": 34,
    "object_id": "872316a2-1977-475c-aeec-003ef9eaaa40",
    "object_repr": "Специалист по Data Science",
    "action_flag": 1,
    "change_message": "[{\"added\": {}}]"
  }
},
{
  "model": "admin.logentry",
  "pk": 153,
  "fields": {
    "action_time": "2024-03-03T10:54:41.641Z",
    "user": 3,
    "content_type": 34,
    "object_id": "4b4de162-8e94-4131-b246-17d584781bb7",
    "object_repr": "Pithon-разработчик",
    "action_flag": 1,
    "change_message": "[{\"added\": {}}]"
  }
},
{
  "model": "admin.logentry",
  "pk": 154,
  "fields": {
    "action_time": "2024-03-03T10:54:53.247Z",
    "user": 3,
    "content_type": 34,
    "object_id": "c68473a7-06aa-4f4c-87c5-19831a626e27",
    "object_repr": "Веб-разработчик",
    "action_flag": 1,
    "change_message": "[{\"added\": {}}]"
  }
},
{
  "model": "admin.logentry",
  "pk": 155,
  "fields": {
    "action_time": "2024-03-03T10:55:05.800Z",
    "user": 3,
    "content_type": 34,
    "object_id": "cb0316e0-d3d2-4391-bc72-320a7c1cda07",
    "object_repr": "Инженер по тестированию (QA)",
    "action_flag": 1,
    "change_message": "[{\"added\": {}}]"
  }
},
{
  "model": "admin.logentry",
  "pk": 156,
  "fields": {
    "action_time": "2024-03-03T10:55:16.215Z",
    "user": 3,
    "content_type": 34,
    "object_id": "1bc2fed2-4462-4bc6-80a3-6cfe59bcd5da",
    "object_repr": "UX/UI-дизайнер",
    "action_flag": 1,
    "change_message": "[{\"added\": {}}]"
  }
},
{
  "model": "admin.logentry",
  "pk": 157,
  "fields": {
    "action_time": "2024-03-03T10:55:26.695Z",
    "user": 3,
    "content_type": 34,
    "object_id": "74139999-172c-4d09-aadc-03c5ff42f017",
    "object_repr": "Маркетинг",
    "action_flag": 1,
    "change_message": "[{\"added\": {}}]"
  }
},
{
  "model": "admin.logentry",
  "pk": 158,
  "fields": {
    "action_time": "2024-03-03T10:55:38.332Z",
    "user": 3,
    "content_type": 34,
    "object_id": "0971d0d2-ee15-4b32-b8d6-6c13aef875df",
    "object_repr": "Графический дизайнер",
    "action_flag": 1,
    "change_message": "[{\"added\": {}}]"
  }
},
{
  "model": "admin.logentry",
  "pk": 159,
  "fields": {
    "action_time": "2024-03-03T10:55:48.657Z",
    "user": 3,
    "content_type": 34,
    "object_id": "786ebde5-75a7-4dfa-97cc-54b65a931962",
    "object_repr": "Middle Pithon",
    "action_flag": 1,
    "change_message": "[{\"added\": {}}]"
  }
},
{
  "model": "admin.logentry",
  "pk": 160,
  "fields": {
    "action_time": "2024-03-03T10:55:59.260Z",
    "user": 3,
    "content_type": 34,
    "object_id": "46445743-1db3-467e-992b-ae92e153ee7b",
    "object_repr": "C++",
    "action_flag": 1,
    "change_message": "[{\"added\": {}}]"
  }
},
{
  "model": "admin.logentry",
  "pk": 161,
  "fields": {
    "action_time": "2024-03-03T10:56:09.570Z",
    "user": 3,
    "content_type": 34,
    "object_id": "ca97ead0-99aa-449c-9612-ed504ba77312",
    "object_repr": "Инженер данных",
    "action_flag": 1,
    "change_message": "[{\"added\": {}}]"
  }
},
{
  "model": "admin.logentry",
  "pk": 162,
  "fields": {
    "action_time": "2024-03-03T10:56:20.043Z",
    "user": 3,
    "content_type": 34,
    "object_id": "46f05a31-b847-47d6-adb7-e1c00d181430",
    "object_repr": "IT-рекрутер",
    "action_flag": 1,
    "change_message": "[{\"added\": {}}]"
  }
},
{
  "model": "admin.logentry",
  "pk": 163,
  "fields": {
    "action_time": "2024-03-03T10:56:34.165Z",
    "user": 3,
    "content_type": 34,
    "object_id": "0e6b692e-ceb2-4649-ae35-45a20e301d5d",
    "object_repr": "Управление",
    "action_flag": 1,
    "change_message": "[{\"added\": {}}]"
  }
},
{
  "model": "admin.logentry",
  "pk": 164,
  "fields": {
    "action_time": "2024-03-03T10:56:45.815Z",
    "user": 3,
    "content_type": 34,
    "object_id": "0bcc1d33-6afc-4ee2-8e84-b2cc330ebda3",
    "object_repr": "Английский",
    "action_flag": 1,
    "change_message": "[{\"added\": {}}]"
  }
},
{
  "model": "admin.logentry",
  "pk": 165,
  "fields": {
    "action_time": "2024-03-03T10:56:59.516Z",
    "user": 3,
    "content_type": 34,
    "object_id": "308482d8-b11b-4415-88c4-b600deffea44",
    "object_repr": "Критическое мышление",
    "action_flag": 1,
    "change_message": "[{\"added\": {}}]"
  }
},
{
  "model": "admin.logentry",
  "pk": 166,
  "fields": {
    "action_time": "2024-03-03T10:57:10.169Z",
    "user": 3,
    "content_type": 34,
    "object_id": "017fefe9-c912-4974-ae88-49fd046817b8",
    "object_repr": "Рабочая документация",
    "action_flag": 1,
    "change_message": "[{\"added\": {}}]"
  }
},
{
  "model": "admin.logentry",
  "pk": 167,
  "fields": {
    "action_time": "2024-03-03T10:57:24.669Z",
    "user": 3,
    "content_type": 34,
    "object_id": "bf103ecf-d02e-4c52-b228-cdcc2fc0bbe2",
    "object_repr": "Алгоритмы для разработчиков",
    "action_flag": 1,
    "change_message": "[{\"added\": {}}]"
  }
},
{
  "model": "admin.logentry",
  "pk": 168,
  "fields": {
    "action_time": "2024-03-03T10:57:35.373Z",
    "user": 3,
    "content_type": 34,
    "object_id": "3726bf5f-83f3-49b7-a455-3f5ba715b8f5",
    "object_repr": "Продуктовый дизайн",
    "action_flag": 1,
    "change_message": "[{\"added\": {}}]"
  }
},
{
  "model": "admin.logentry",
  "pk": 169,
  "fields": {
    "action_time": "2024-03-03T10:57:45.997Z",
    "user": 3,
    "content_type": 34,
    "object_id": "3d6b938c-3364-4adf-85f0-f9666942e321",
    "object_repr": "SQL для работы с данными и аналитики",
    "action_flag": 1,
    "change_message": "[{\"added\": {}}]"
  }
},
{
  "model": "admin.logentry",
  "pk": 170,
  "fields": {
    "action_time": "2024-03-03T10:57:55.955Z",
    "user": 3,
    "content_type": 34,
    "object_id": "315ac936-ced8-41b9-9687-8b834a916a43",
    "object_repr": "Java-разработчик",
    "action_flag": 1,
    "change_message": "[{\"added\": {}}]"
  }
},
{
  "model": "admin.logentry",
  "pk": 171,
  "fields": {
    "action_time": "2024-03-03T10:58:06.132Z",
    "user": 3,
    "content_type": 34,
    "object_id": "d9704f9a-08e9-4271-aee1-525e9c7b590f",
    "object_repr": "Коммерческий иллюстратор",
    "action_flag": 1,
    "change_message": "[{\"added\": {}}]"
  }
},
{
  "model": "admin.logentry",
  "pk": 172,
  "fields": {
    "action_time": "2024-03-03T10:58:17.660Z",
    "user": 3,
    "content_type": 34,
    "object_id": "79314540-7ad9-4c7f-9970-f7938f1b42a6",
    "object_repr": "Фулстек разработчик",
    "action_flag": 1,
    "change_message": "[{\"added\": {}}]"
  }
},
{
  "model": "admin.logentry",
  "pk": 173,
  "fields": {
    "action_time": "2024-03-03T10:58:33.647Z",
    "user": 3,
    "content_type": 34,
    "object_id": "84b0bf21-26d1-4e1f-8f00-46fd5d4741aa",
    "object_repr": "Продвинутый GO-разработчик",
    "action_flag": 1,
    "change_message": "[{\"added\": {}}]"
  }
},
{
  "model": "admin.logentry",
  "pk": 174,
  "fields": {
    "action_time": "2024-03-03T10:58:41.075Z",
    "user": 3,
    "content_type": 34,
    "object_id": "b7a36e15-ca3b-4554-91a5-44bd0e3fd4f1",
    "object_repr": "DevOps для эксплуатации и разработки",
    "action_flag": 1,
    "change_message": "[{\"added\": {}}]"
  }
},
{
  "model": "admin.logentry",
  "pk": 175,
  "fields": {
    "action_time": "2024-03-03T10:58:51.880Z",
    "user": 3,
    "content_type": 34,
    "object_id": "03a432aa-baf1-4d9d-a83c-90bb34d4a891",
    "object_repr": "IOS-разработчик",
    "action_flag": 1,
    "change_message": "[{\"added\": {}}]"
  }
},
{
  "model": "admin.logentry",
  "pk": 176,
  "fields": {
    "action_time": "2024-03-03T10:59:02.469Z",
    "user": 3,
    "content_type": 34,
    "object_id": "a9c5f7a4-66df-4952-a8c1-7c644a77a882",
    "object_repr": "Бизнес-аналитик",
    "action_flag": 1,
    "change_message": "[{\"added\": {}}]"
  }
},
{
  "model": "admin.logentry",
  "pk": 177,
  "fields": {
    "action_time": "2024-03-03T10:59:17.128Z",
    "user": 3,
    "content_type": 34,
    "object_id": "b8c3b00c-1163-482c-81d7-b2e141729fc5",
    "object_repr": "Продакт-менеджер для специалистов с опытом",
    "action_flag": 1,
    "change_message": "[{\"added\": {}}]"
  }
},
{
  "model": "admin.logentry",
  "pk": 178,
  "fields": {
    "action_time": "2024-03-03T10:59:28.541Z",
    "user": 3,
    "content_type": 34,
    "object_id": "81687e36-8127-4111-9ebb-a1b60191187d",
    "object_repr": "Android-разработчик",
    "action_flag": 1,
    "change_message": "[{\"added\": {}}]"
  }
},
{
  "model": "admin.logentry",
  "pk": 179,
  "fields": {
    "action_time": "2024-03-03T10:59:41.421Z",
    "user": 3,
    "content_type": 34,
    "object_id": "d8ea3566-6490-4580-a33a-fc4474ba44ce",
    "object_repr": "Менеджер проектов",
    "action_flag": 1,
    "change_message": "[{\"added\": {}}]"
  }
},
{
  "model": "admin.logentry",
  "pk": 180,
  "fields": {
    "action_time": "2024-03-03T10:59:52.997Z",
    "user": 3,
    "content_type": 34,
    "object_id": "63677993-d77e-41b4-bd06-74fb30f4b633",
    "object_repr": "Системный аналитик",
    "action_flag": 1,
    "change_message": "[{\"added\": {}}]"
  }
},
{
  "model": "admin.logentry",
  "pk": 181,
  "fields": {
    "action_time": "2024-03-03T11:00:09.563Z",
    "user": 3,
    "content_type": 34,
    "object_id": "b933529a-529b-4ffe-a22a-536fc0888aef",
    "object_repr": "Фронтенд-разработчик",
    "action_flag": 1,
    "change_message": "[{\"added\": {}}]"
  }
},
{
  "model": "admin.logentry",
  "pk": 182,
  "fields": {
    "action_time": "2024-03-03T11:00:53.246Z",
    "user": 3,
    "content_type": 35,
    "object_id": "488081a9-b4e5-4ee0-9365-38cd5c4543d4",
    "object_repr": "Петр Забелин - Специалист по Data Science",
    "action_flag": 1,
    "change_message": "[{\"added\": {}}]"
  }
},
{
  "model": "admin.logentry",
  "pk": 183,
  "fields": {
    "action_time": "2024-03-03T11:01:03.844Z",
    "user": 3,
    "content_type": 35,
    "object_id": "25c6b483-82a5-40bb-a026-5d175960f08e",
    "object_repr": "Абдурахмангаджи Попов - UX/UI-дизайнер",
    "action_flag": 1,
    "change_message": "[{\"added\": {}}]"
  }
},
{
  "model": "admin.logentry",
  "pk": 184,
  "fields": {
    "action_time": "2024-03-03T11:01:16.894Z",
    "user": 3,
    "content_type": 35,
    "object_id": "d98610b6-7e1a-412b-ba1a-aad9d57cdb0c",
    "object_repr": "Елена Смирнова-Расколбасова - UX/UI-дизайнер",
    "action_flag": 1,
    "change_message": "[{\"added\": {}}]"
  }
},
{
  "model": "admin.logentry",
  "pk": 185,
  "fields": {
    "action_time": "2024-03-03T11:01:36.832Z",
    "user": 3,
    "content_type": 35,
    "object_id": "42500899-3fd2-4512-afb7-8cb99cf4ab34",
    "object_repr": "Денис Иванов - Pithon-разработчик",
    "action_flag": 1,
    "change_message": "[{\"added\": {}}]"
  }
},
{
  "model": "admin.logentry",
  "pk": 186,
  "fields": {
    "action_time": "2024-03-03T11:01:49.871Z",
    "user": 3,
    "content_type": 35,
    "object_id": "4a1bc0d5-4158-41dc-a180-4c7c33f32d8e",
    "object_repr": "Антон Субботин - Java-разработчик",
    "action_flag": 1,
    "change_message": "[{\"added\": {}}]"
  }
},
{
  "model": "admin.logentry",
  "pk": 187,
  "fields": {
    "action_time": "2024-03-03T11:02:07.304Z",
    "user": 3,
    "content_type": 35,
    "object_id": "dc3eb47c-b46d-40d0-b0b4-05ce05ae765a",
    "object_repr": "Мария Соколова - Бизнес-аналитик",
    "action_flag": 1,
    "change_message": "[{\"added\": {}}]"
  }
},
{
  "model": "admin.logentry",
  "pk": 188,
  "fields": {
    "action_time": "2024-03-03T11:02:24.226Z",
    "user": 3,
    "content_type": 35,
    "object_id": "cece3bfc-3f78-433d-b04e-5289bd5b9613",
    "object_repr": "Наталья Морозова - Коммерческий иллюстратор",
    "action_flag": 1,
    "change_message": "[{\"added\": {}}]"
  }
},
{
  "model": "admin.logentry",
  "pk": 189,
  "fields": {
    "action_time": "2024-03-03T11:02:40.779Z",
    "user": 3,
    "content_type": 35,
    "object_id": "f1076024-de8b-43bf-b8fe-faf12020082f",
    "object_repr": "Иван Смирнов - Pithon-разработчик",
    "action_flag": 1,
    "change_message": "[{\"added\": {}}]"
  }
},
{
  "model": "admin.logentry",
  "pk": 190,
  "fields": {
    "action_time": "2024-03-03T11:02:58.480Z",
    "user": 3,
    "content_type": 35,
    "object_id": "708fb196-d147-443f-9d50-659619930f87",
    "object_repr": "Дмитрий Козлов - DevOps для эксплуатации и разработки",
    "action_flag": 1,
    "change_message": "[{\"added\": {}}]"
  }
},
{
  "model": "admin.logentry",
  "pk": 191,
  "fields": {
    "action_time": "2024-03-03T11:03:14.103Z",
    "user": 3,
    "content_type": 35,
    "object_id": "d7e17bc7-0794-44cd-b1b6-cc81cba7ba7f",
    "object_repr": "Екатерина Николаева - UX/UI-дизайнер",
    "action_flag": 1,
    "change_message": "[{\"added\": {}}]"
  }
},
{
  "model": "admin.logentry",
  "pk": 192,
  "fields": {
    "action_time": "2024-03-03T11:03:37.245Z",
    "user": 3,
    "content_type": 35,
    "object_id": "dbb0bb58-38a0-40d6-8478-87a8b36535c6",
    "object_repr": "Алексей Морозов - Специалист по Data Science",
    "action_flag": 1,
    "change_message": "[{\"added\": {}}]"
  }
},
{
  "model": "admin.logentry",
  "pk": 193,
  "fields": {
    "action_time": "2024-03-03T11:03:53.363Z",
    "user": 3,
    "content_type": 35,
    "object_id": "c70e1abf-1eec-4d96-b415-f6d3166558aa",
    "object_repr": "Ирина Степанова - Системный аналитик",
    "action_flag": 1,
    "change_message": "[{\"added\": {}}]"
  }
},
{
  "model": "admin.logentry",
  "pk": 194,
  "fields": {
    "action_time": "2024-03-03T11:04:06.799Z",
    "user": 3,
    "content_type": 35,
    "object_id": "c1a35d0f-a150-4f60-aa79-cec1dfde3359",
    "object_repr": "Марина Петрова - UX/UI-дизайнер",
    "action_flag": 1,
    "change_message": "[{\"added\": {}}]"
  }
},
{
  "model": "admin.logentry",
  "pk": 195,
  "fields": {
    "action_time": "2024-03-03T11:04:23.819Z",
    "user": 3,
    "content_type": 35,
    "object_id": "cd47eea9-d7e0-44cb-a7e9-d885b79a8cca",
    "object_repr": "Кристина Соколова - Системный аналитик",
    "action_flag": 1,
    "change_message": "[{\"added\": {}}]"
  }
},
{
  "model": "admin.logentry",
  "pk": 196,
  "fields": {
    "action_time": "2024-03-03T11:04:43.238Z",
    "user": 3,
    "content_type": 35,
    "object_id": "eecc5ff0-9027-441f-9894-ac40b0b9f376",
    "object_repr": "Александр Чугунов - Инженер по тестированию (QA)",
    "action_flag": 1,
    "change_message": "[{\"added\": {}}]"
  }
},
{
  "model": "admin.logentry",
  "pk": 197,
  "fields": {
    "action_time": "2024-03-03T11:05:05.835Z",
    "user": 3,
    "content_type": 35,
    "object_id": "21b6b443-893b-40d3-9225-325176c61a8c",
    "object_repr": "Александр Волков - SQL для работы с данными и аналитики",
    "action_flag": 1,
    "change_message": "[{\"added\": {}}]"
  }
},
{
  "model": "admin.logentry",
  "pk": 198,
  "fields": {
    "action_time": "2024-03-03T11:05:21.182Z",
    "user": 3,
    "content_type": 35,
    "object_id": "dc5f23c6-9879-4812-aead-a3e6f870ed16",
    "object_repr": "Валентин Иллистратов - UX/UI-дизайнер",
    "action_flag": 1,
    "change_message": "[{\"added\": {}}]"
  }
},
{
  "model": "admin.logentry",
  "pk": 199,
  "fields": {
    "action_time": "2024-03-03T11:05:33.989Z",
    "user": 3,
    "content_type": 35,
    "object_id": "79c9b6e9-be53-4008-9d2e-713488f7b187",
    "object_repr": "Степан Каверин - Фронтенд-разработчик",
    "action_flag": 1,
    "change_message": "[{\"added\": {}}]"
  }
},
{
  "model": "admin.logentry",
  "pk": 200,
  "fields": {
    "action_time": "2024-03-03T11:05:52.541Z",
    "user": 3,
    "content_type": 35,
    "object_id": "a40cf189-a885-42da-897f-e93dc63cb42b",
    "object_repr": "Михаил Василевский - Аналитик данных",
    "action_flag": 1,
    "change_message": "[{\"added\": {}}]"
  }
},
{
  "model": "admin.logentry",
  "pk": 201,
  "fields": {
    "action_time": "2024-03-03T11:06:16.861Z",
    "user": 3,
    "content_type": 35,
    "object_id": "95112e8b-f51a-4cb3-8938-ab691bed2bf2",
    "object_repr": "Александр Александров - Веб-разработчик",
    "action_flag": 1,
    "change_message": "[{\"added\": {}}]"
  }
},
{
  "model": "admin.logentry",
  "pk": 202,
  "fields": {
    "action_time": "2024-03-03T11:06:38.439Z",
    "user": 3,
    "content_type": 35,
    "object_id": "e2570616-6a57-4f9c-9934-073099664007",
    "object_repr": "Алексей Иванов - Специалист по Data Science",
    "action_flag": 1,
    "change_message": "[{\"added\": {}}]"
  }
},
{
  "model": "admin.logentry",
  "pk": 203,
  "fields": {
    "action_time": "2024-03-03T11:06:53.666Z",
    "user": 3,
    "content_type": 35,
    "object_id": "986d9837-ff89-4cc0-a439-96ef67f34c3a",
    "object_repr": "Вадим Петров - Алгоритмы для разработчиков",
    "action_flag": 1,
    "change_message": "[{\"added\": {}}]"
  }
},
{
  "model": "admin.logentry",
  "pk": 204,
  "fields": {
    "action_time": "2024-03-03T11:07:12.164Z",
    "user": 3,
    "content_type": 35,
    "object_id": "affe2360-1a5a-4c95-abe0-4262602df909",
    "object_repr": "Инесса Залужная - Маркетинг",
    "action_flag": 1,
    "change_message": "[{\"added\": {}}]"
  }
},
{
  "model": "admin.logentry",
  "pk": 205,
  "fields": {
    "action_time": "2024-03-03T11:07:41.476Z",
    "user": 3,
    "content_type": 35,
    "object_id": "7d14d7c8-25e9-4b31-be8e-7ba514347e86",
    "object_repr": "Валентина Бурмистрова - Маркетинг",
    "action_flag": 1,
    "change_message": "[{\"added\": {}}]"
  }
},
{
  "model": "admin.logentry",
  "pk": 206,
  "fields": {
    "action_time": "2024-03-03T11:07:53.789Z",
    "user": 3,
    "content_type": 35,
    "object_id": "55e0b8a0-fa85-41fc-98dc-b5ffdd6f4fb2",
    "object_repr": "Игорь Ленц - IT-рекрутер",
    "action_flag": 1,
    "change_message": "[{\"added\": {}}]"
  }
},
{
  "model": "admin.logentry",
  "pk": 207,
  "fields": {
    "action_time": "2024-03-03T11:12:42.429Z",
    "user": 3,
    "content_type": 15,
    "object_id": "9f5128df-d326-42b2-acb3-c3d72e869e94",
    "object_repr": "Абдурахмангаджи Попов - Знакомить коллег на работе с продуктом Практикума",
    "action_flag": 1,
    "change_message": "[{\"added\": {}}]"
  }
},
{
  "model": "admin.logentry",
  "pk": 208,
  "fields": {
    "action_time": "2024-03-03T11:13:39.694Z",
    "user": 3,
    "content_type": 15,
    "object_id": "8461d6d3-e820-479b-b124-07d3f2812a85",
    "object_repr": "Елена Смирнова-Расколбасова - Вести блог",
    "action_flag": 1,
    "change_message": "[{\"added\": {}}]"
  }
},
{
  "model": "admin.logentry",
  "pk": 209,
  "fields": {
    "action_time": "2024-03-03T11:13:48.787Z",
    "user": 3,
    "content_type": 15,
    "object_id": "238527ac-cf2f-492e-b23d-c788c650f4d0",
    "object_repr": "Елена Смирнова-Расколбасова - Писать статьи",
    "action_flag": 1,
    "change_message": "[{\"added\": {}}]"
  }
},
{
  "model": "admin.logentry",
  "pk": 210,
  "fields": {
    "action_time": "2024-03-03T11:13:58.504Z",
    "user": 3,
    "content_type": 15,
    "object_id": "5e3f8718-c230-48d1-bbc9-257b97cb88dc",
    "object_repr": "Елена Смирнова-Расколбасова - Выступать на мероприятиях",
    "action_flag": 1,
    "change_message": "[{\"added\": {}}]"
  }
},
{
  "model": "admin.logentry",
  "pk": 211,
  "fields": {
    "action_time": "2024-03-03T11:35:24.302Z",
    "user": 3,
    "content_type": 15,
    "object_id": "1d071ed4-f445-4324-bf86-8ed6f5d2e52f",
    "object_repr": "Денис Иванов - Выступать на мероприятиях",
    "action_flag": 1,
    "change_message": "[{\"added\": {}}]"
  }
},
{
  "model": "admin.logentry",
  "pk": 212,
  "fields": {
    "action_time": "2024-03-03T11:35:40.224Z",
    "user": 3,
    "content_type": 15,
    "object_id": "aba7068b-211d-49b3-b49f-c0a72494deae",
    "object_repr": "Денис Иванов - Развивать локальное профессиональное сообщество в",
    "action_flag": 1,
    "change_message": "[{\"added\": {}}]"
  }
},
{
  "model": "admin.logentry",
  "pk": 213,
  "fields": {
    "action_time": "2024-03-03T11:35:54.612Z",
    "user": 3,
    "content_type": 15,
    "object_id": "b30c16e0-7be4-42fd-9d98-cc245a00e8b1",
    "object_repr": "Антон Субботин - Снимать видео или сниматься в них, если продакшн б",
    "action_flag": 1,
    "change_message": "[{\"added\": {}}]"
  }
},
{
  "model": "admin.logentry",
  "pk": 214,
  "fields": {
    "action_time": "2024-03-03T11:36:10.051Z",
    "user": 3,
    "content_type": 15,
    "object_id": "a0f5192f-8e19-4543-af3f-e6a9adcf2676",
    "object_repr": "Антон Субботин - Давать консультации и рассказывать всем про Практи",
    "action_flag": 1,
    "change_message": "[{\"added\": {}}]"
  }
},
{
  "model": "admin.logentry",
  "pk": 215,
  "fields": {
    "action_time": "2024-03-03T11:36:27.812Z",
    "user": 3,
    "content_type": 15,
    "object_id": "6f2f7231-8dc4-4dd7-9465-fe835b0f5731",
    "object_repr": "Мария Соколова - Вести блог",
    "action_flag": 1,
    "change_message": "[{\"added\": {}}]"
  }
},
{
  "model": "admin.logentry",
  "pk": 216,
  "fields": {
    "action_time": "2024-03-03T11:36:40.503Z",
    "user": 3,
    "content_type": 15,
    "object_id": "c3287d99-4cac-4b97-a26e-5be12106e110",
    "object_repr": "Мария Соколова - Знакомить коллег на работе с продуктом Практикума",
    "action_flag": 1,
    "change_message": "[{\"added\": {}}]"
  }
},
{
  "model": "admin.logentry",
  "pk": 217,
  "fields": {
    "action_time": "2024-03-03T11:36:51.401Z",
    "user": 3,
    "content_type": 15,
    "object_id": "67eb166a-196f-4905-bfa0-2025610b18be",
    "object_repr": "Мария Соколова - Писать статьи",
    "action_flag": 1,
    "change_message": "[{\"added\": {}}]"
  }
},
{
  "model": "admin.logentry",
  "pk": 218,
  "fields": {
    "action_time": "2024-03-03T11:37:05.019Z",
    "user": 3,
    "content_type": 15,
    "object_id": "e68dc1c6-cf95-4f4c-b00a-f122333ac71c",
    "object_repr": "Наталья Морозова - Знакомить коллег на работе с продуктом Практикума",
    "action_flag": 1,
    "change_message": "[{\"added\": {}}]"
  }
},
{
  "model": "admin.logentry",
  "pk": 219,
  "fields": {
    "action_time": "2024-03-03T11:37:16.900Z",
    "user": 3,
    "content_type": 15,
    "object_id": "c9a9e98b-ee60-45c6-bbc3-e5bc3b5c92bc",
    "object_repr": "Наталья Морозова - Писать статьи",
    "action_flag": 1,
    "change_message": "[{\"added\": {}}]"
  }
},
{
  "model": "admin.logentry",
  "pk": 220,
  "fields": {
    "action_time": "2024-03-03T11:37:36.569Z",
    "user": 3,
    "content_type": 15,
    "object_id": "c749a6dc-84b0-4931-8448-485a366e1309",
    "object_repr": "Иван Смирнов - Выступать на мероприятиях",
    "action_flag": 1,
    "change_message": "[{\"added\": {}}]"
  }
},
{
  "model": "admin.logentry",
  "pk": 221,
  "fields": {
    "action_time": "2024-03-03T11:37:51.147Z",
    "user": 3,
    "content_type": 15,
    "object_id": "bc20f59d-8e46-40da-9e3d-67758aaa7197",
    "object_repr": "Иван Смирнов - Развивать локальное профессиональное сообщество в",
    "action_flag": 1,
    "change_message": "[{\"added\": {}}]"
  }
},
{
  "model": "admin.logentry",
  "pk": 222,
  "fields": {
    "action_time": "2024-03-03T11:38:11.204Z",
    "user": 3,
    "content_type": 15,
    "object_id": "092a0fa5-4bbf-4b5a-99e6-5e40f5971ec7",
    "object_repr": "Дмитрий Козлов - Снимать видео или сниматься в них, если продакшн б",
    "action_flag": 1,
    "change_message": "[{\"added\": {}}]"
  }
},
{
  "model": "admin.logentry",
  "pk": 223,
  "fields": {
    "action_time": "2024-03-03T11:38:21.535Z",
    "user": 3,
    "content_type": 15,
    "object_id": "7b6850ea-f400-4407-be6f-f75f0faaa952",
    "object_repr": "Дмитрий Козлов - Давать консультации и рассказывать всем про Практи",
    "action_flag": 1,
    "change_message": "[{\"added\": {}}]"
  }
},
{
  "model": "admin.logentry",
  "pk": 224,
  "fields": {
    "action_time": "2024-03-03T11:38:33.489Z",
    "user": 3,
    "content_type": 15,
    "object_id": "0fd910bf-8a00-48cb-bace-681daa7b0fd0",
    "object_repr": "Екатерина Николаева - Писать статьи",
    "action_flag": 1,
    "change_message": "[{\"added\": {}}]"
  }
},
{
  "model": "admin.logentry",
  "pk": 225,
  "fields": {
    "action_time": "2024-03-03T11:38:44.463Z",
    "user": 3,
    "content_type": 15,
    "object_id": "a40101ca-7e7d-4d2b-bc51-cf3ed2dea0b3",
    "object_repr": "Екатерина Николаева - Вести блог",
    "action_flag": 1,
    "change_message": "[{\"added\": {}}]"
  }
},
{
  "model": "admin.logentry",
  "pk": 226,
  "fields": {
    "action_time": "2024-03-03T11:38:57.400Z",
    "user": 3,
    "content_type": 15,
    "object_id": "5aff86b0-4f83-447a-a656-54eb4cb6e4f2",
    "object_repr": "Екатерина Николаева - Давать консультации и рассказывать всем про Практи",
    "action_flag": 1,
    "change_message": "[{\"added\": {}}]"
  }
},
{
  "model": "admin.logentry",
  "pk": 227,
  "fields": {
    "action_time": "2024-03-03T11:39:22.500Z",
    "user": 3,
    "content_type": 15,
    "object_id": "cabf810b-b23b-463f-933c-6a87e27fa00f",
    "object_repr": "Алексей Морозов - Знакомить коллег на работе с продуктом Практикума",
    "action_flag": 1,
    "change_message": "[{\"added\": {}}]"
  }
},
{
  "model": "admin.logentry",
  "pk": 228,
  "fields": {
    "action_time": "2024-03-03T11:39:37.983Z",
    "user": 3,
    "content_type": 15,
    "object_id": "d2c494bb-deb9-44ea-8e4d-8b7f0ed8da3d",
    "object_repr": "Алексей Морозов - Выступать на мероприятиях",
    "action_flag": 1,
    "change_message": "[{\"added\": {}}]"
  }
},
{
  "model": "admin.logentry",
  "pk": 229,
  "fields": {
    "action_time": "2024-03-03T11:40:04.971Z",
    "user": 3,
    "content_type": 15,
    "object_id": "d2419f89-5c3b-4d8b-a6d0-d0ccc615b582",
    "object_repr": "Марина Петрова - Вести блог",
    "action_flag": 1,
    "change_message": "[{\"added\": {}}]"
  }
},
{
  "model": "admin.logentry",
  "pk": 230,
  "fields": {
    "action_time": "2024-03-03T11:40:15.153Z",
    "user": 3,
    "content_type": 15,
    "object_id": "3d2ea4f9-d0b7-4c29-b577-ab64ee1b9595",
    "object_repr": "Марина Петрова - Знакомить коллег на работе с продуктом Практикума",
    "action_flag": 1,
    "change_message": "[{\"added\": {}}]"
  }
},
{
  "model": "admin.logentry",
  "pk": 231,
  "fields": {
    "action_time": "2024-03-03T11:40:33.863Z",
    "user": 3,
    "content_type": 15,
    "object_id": "5bbc9874-9af7-45c7-91f1-43d95547c074",
    "object_repr": "Марина Петрова - Давать консультации и рассказывать всем про Практи",
    "action_flag": 1,
    "change_message": "[{\"added\": {}}]"
  }
},
{
  "model": "admin.logentry",
  "pk": 232,
  "fields": {
    "action_time": "2024-03-03T11:40:57.243Z",
    "user": 3,
    "content_type": 15,
    "object_id": "d7ecb2b4-35a9-411b-b892-3b472289e99e",
    "object_repr": "Александр Чугунов - Снимать видео или сниматься в них, если продакшн б",
    "action_flag": 1,
    "change_message": "[{\"added\": {}}]"
  }
},
{
  "model": "admin.logentry",
  "pk": 233,
  "fields": {
    "action_time": "2024-03-03T11:41:10.210Z",
    "user": 3,
    "content_type": 15,
    "object_id": "49c22cf0-82d1-40dd-bb96-12ebed934696",
    "object_repr": "Александр Чугунов - Выступать на мероприятиях",
    "action_flag": 1,
    "change_message": "[{\"added\": {}}]"
  }
},
{
  "model": "admin.logentry",
  "pk": 234,
  "fields": {
    "action_time": "2024-03-03T11:41:25.961Z",
    "user": 3,
    "content_type": 15,
    "object_id": "17491a3b-8dc5-4415-9a7e-2c465c8569cd",
    "object_repr": "Александр Волков - Давать консультации и рассказывать всем про Практи",
    "action_flag": 1,
    "change_message": "[{\"added\": {}}]"
  }
},
{
  "model": "admin.logentry",
  "pk": 235,
  "fields": {
    "action_time": "2024-03-03T11:41:36.752Z",
    "user": 3,
    "content_type": 15,
    "object_id": "baa32aaa-a8e7-4427-a4ec-e1d13dcdb3c1",
    "object_repr": "Александр Волков - Писать статьи",
    "action_flag": 1,
    "change_message": "[{\"added\": {}}]"
  }
},
{
  "model": "admin.logentry",
  "pk": 236,
  "fields": {
    "action_time": "2024-03-03T11:41:51.237Z",
    "user": 3,
    "content_type": 15,
    "object_id": "cc90baf6-09ea-4a46-a8af-dfadaab78ff8",
    "object_repr": "Валентин Иллистратов - Знакомить коллег на работе с продуктом Практикума",
    "action_flag": 1,
    "change_message": "[{\"added\": {}}]"
  }
},
{
  "model": "admin.logentry",
  "pk": 237,
  "fields": {
    "action_time": "2024-03-03T11:42:02.328Z",
    "user": 3,
    "content_type": 15,
    "object_id": "55a688a7-f9e3-425c-9941-f2f8e2de34d4",
    "object_repr": "Валентин Иллистратов - Давать консультации и рассказывать всем про Практи",
    "action_flag": 1,
    "change_message": "[{\"added\": {}}]"
  }
},
{
  "model": "admin.logentry",
  "pk": 238,
  "fields": {
    "action_time": "2024-03-03T11:42:16.662Z",
    "user": 3,
    "content_type": 15,
    "object_id": "6b5855e5-48a3-4540-bde4-d1a181405bfd",
    "object_repr": "Валентин Иллистратов - Писать статьи",
    "action_flag": 1,
    "change_message": "[{\"added\": {}}]"
  }
},
{
  "model": "admin.logentry",
  "pk": 239,
  "fields": {
    "action_time": "2024-03-03T11:42:32.094Z",
    "user": 3,
    "content_type": 15,
    "object_id": "2bee29db-25a4-4e7c-b92e-af31fbf6a02e",
    "object_repr": "Степан Каверин - Выступать на мероприятиях",
    "action_flag": 1,
    "change_message": "[{\"added\": {}}]"
  }
},
{
  "model": "admin.logentry",
  "pk": 240,
  "fields": {
    "action_time": "2024-03-03T11:42:43.469Z",
    "user": 3,
    "content_type": 15,
    "object_id": "0037cf55-d72b-4c3a-b49a-84839144e6d2",
    "object_repr": "Степан Каверин - Развивать локальное профессиональное сообщество в",
    "action_flag": 1,
    "change_message": "[{\"added\": {}}]"
  }
},
{
  "model": "admin.logentry",
  "pk": 241,
  "fields": {
    "action_time": "2024-03-03T11:43:00.031Z",
    "user": 3,
    "content_type": 15,
    "object_id": "077a0373-47ab-4a2d-9cea-dec2abfcdc0d",
    "object_repr": "Михаил Василевский - Давать консультации и рассказывать всем про Практи",
    "action_flag": 1,
    "change_message": "[{\"added\": {}}]"
  }
},
{
  "model": "admin.logentry",
  "pk": 242,
  "fields": {
    "action_time": "2024-03-03T11:43:09.978Z",
    "user": 3,
    "content_type": 15,
    "object_id": "0372b332-2713-439d-a32c-663808ad59ea",
    "object_repr": "Александр Александров - Писать статьи",
    "action_flag": 1,
    "change_message": "[{\"added\": {}}]"
  }
},
{
  "model": "admin.logentry",
  "pk": 243,
  "fields": {
    "action_time": "2024-03-03T11:43:44.232Z",
    "user": 3,
    "content_type": 15,
    "object_id": "2fddd123-1fe6-4b7c-9e9b-c1952b899d0b",
    "object_repr": "Вадим Петров - Давать консультации и рассказывать всем про Практи",
    "action_flag": 1,
    "change_message": "[{\"added\": {}}]"
  }
},
{
  "model": "admin.logentry",
  "pk": 244,
  "fields": {
    "action_time": "2024-03-03T11:43:57.298Z",
    "user": 3,
    "content_type": 15,
    "object_id": "6bd086dd-c9bd-4a3d-b9b3-f97d12598293",
    "object_repr": "Вадим Петров - Знакомить коллег на работе с продуктом Практикума",
    "action_flag": 1,
    "change_message": "[{\"added\": {}}]"
  }
},
{
  "model": "admin.logentry",
  "pk": 245,
  "fields": {
    "action_time": "2024-03-03T11:44:11.397Z",
    "user": 3,
    "content_type": 15,
    "object_id": "dfa089ba-4731-4b76-977f-934bc6f8974e",
    "object_repr": "Инесса Залужная - Вести блог",
    "action_flag": 1,
    "change_message": "[{\"added\": {}}]"
  }
},
{
  "model": "admin.logentry",
  "pk": 246,
  "fields": {
    "action_time": "2024-03-03T11:44:24.372Z",
    "user": 3,
    "content_type": 15,
    "object_id": "e407df95-b41d-4c22-907d-3c978940f368",
    "object_repr": "Инесса Залужная - Писать статьи",
    "action_flag": 1,
    "change_message": "[{\"added\": {}}]"
  }
},
{
  "model": "admin.logentry",
  "pk": 247,
  "fields": {
    "action_time": "2024-03-03T11:44:50.061Z",
    "user": 3,
    "content_type": 15,
    "object_id": "cee6a26b-f1a6-477c-b3a7-31fbea7bce4f",
    "object_repr": "Игорь Ленц - Писать статьи",
    "action_flag": 1,
    "change_message": "[{\"added\": {}}]"
  }
},
{
  "model": "admin.logentry",
  "pk": 248,
  "fields": {
    "action_time": "2024-03-03T11:44:59.319Z",
    "user": 3,
    "content_type": 15,
    "object_id": "5dd7e688-e351-4bd0-9698-a2d53a280304",
    "object_repr": "Игорь Ленц - Давать консультации и рассказывать всем про Практи",
    "action_flag": 1,
    "change_message": "[{\"added\": {}}]"
  }
},
{
  "model": "admin.logentry",
  "pk": 249,
  "fields": {
    "action_time": "2024-03-03T11:56:42.730Z",
    "user": 3,
    "content_type": 10,
    "object_id": "d9eeb75e-b9fd-42f9-a273-be47bbce5844",
    "object_repr": "Инесса Залужная",
    "action_flag": 2,
    "change_message": "[{\"changed\": {\"fields\": [\"\\u041f\\u0440\\u043e\\u043c\\u043e\\u043a\\u043e\\u0434\"]}}]"
  }
},
{
  "model": "admin.logentry",
  "pk": 250,
  "fields": {
    "action_time": "2024-03-03T12:07:37.778Z",
    "user": 3,
    "content_type": 15,
    "object_id": "7cea56a9-525a-423c-8aa8-041672c86c7d",
    "object_repr": "Кристина Соколова - Вести блог",
    "action_flag": 1,
    "change_message": "[{\"added\": {}}]"
  }
},
{
  "model": "admin.logentry",
  "pk": 251,
  "fields": {
    "action_time": "2024-03-03T12:07:50.371Z",
    "user": 3,
    "content_type": 15,
    "object_id": "5891e30f-cb2d-4161-9a0c-047de2fd1271",
    "object_repr": "Кристина Соколова - Давать консультации и рассказывать всем про Практи",
    "action_flag": 1,
    "change_message": "[{\"added\": {}}]"
  }
},
{
  "model": "admin.logentry",
  "pk": 252,
  "fields": {
    "action_time": "2024-03-03T12:08:05.261Z",
    "user": 3,
    "content_type": 15,
    "object_id": "72996734-34f2-477b-bc79-50f055a05470",
    "object_repr": "Александр Александров - Писать статьи",
    "action_flag": 1,
    "change_message": "[{\"added\": {}}]"
  }
},
{
  "model": "admin.logentry",
  "pk": 253,
  "fields": {
    "action_time": "2024-03-03T12:08:19.523Z",
    "user": 3,
    "content_type": 15,
    "object_id": "ada7b2fc-288c-478c-9144-c9c14cb88190",
    "object_repr": "Александр Александров - Давать консультации и рассказывать всем про Практи",
    "action_flag": 1,
    "change_message": "[{\"added\": {}}]"
  }
},
{
  "model": "admin.logentry",
  "pk": 254,
  "fields": {
    "action_time": "2024-03-03T12:08:35.575Z",
    "user": 3,
    "content_type": 15,
    "object_id": "cda10fe5-4fb8-43c2-a39c-95aa584c6e8a",
    "object_repr": "Валентина Бурмистрова - Знакомить коллег на работе с продуктом Практикума",
    "action_flag": 1,
    "change_message": "[{\"added\": {}}]"
  }
},
{
  "model": "admin.logentry",
  "pk": 255,
  "fields": {
    "action_time": "2024-03-03T12:08:57.598Z",
    "user": 3,
    "content_type": 15,
    "object_id": "f88998ae-1003-4ed6-892d-a8c771ce4f2d",
    "object_repr": "Валентина Бурмистрова - Давать консультации и рассказывать всем про Практи",
    "action_flag": 1,
    "change_message": "[{\"added\": {}}]"
  }
},
{
  "model": "admin.logentry",
  "pk": 256,
  "fields": {
    "action_time": "2024-03-03T12:09:28.194Z",
    "user": 3,
    "content_type": 15,
    "object_id": "0c459bd2-b48e-4d65-994b-956c4c331ecb",
    "object_repr": "Валентина Бурмистрова - Давать консультации и рассказывать всем про Практи",
    "action_flag": 1,
    "change_message": "[{\"added\": {}}]"
  }
},
{
  "model": "admin.logentry",
  "pk": 257,
  "fields": {
    "action_time": "2024-03-03T12:10:06.371Z",
    "user": 3,
    "content_type": 15,
    "object_id": "908a7b10-eeb9-4add-83d2-347216605166",
    "object_repr": "Ирина Степанова - Писать статьи",
    "action_flag": 1,
    "change_message": "[{\"added\": {}}]"
  }
},
{
  "model": "admin.logentry",
  "pk": 258,
  "fields": {
    "action_time": "2024-03-03T12:10:26.207Z",
    "user": 3,
    "content_type": 15,
    "object_id": "7046b6f4-1585-45a0-a036-2078eddb500d",
    "object_repr": "Ирина Степанова - Давать консультации и рассказывать всем про Практи",
    "action_flag": 1,
    "change_message": "[{\"added\": {}}]"
  }
},
{
  "model": "admin.logentry",
  "pk": 259,
  "fields": {
    "action_time": "2024-03-03T12:10:48.518Z",
    "user": 3,
    "content_type": 15,
    "object_id": "dfee45db-274e-43b7-999e-36772d9186a3",
    "object_repr": "Алексей Иванов - Выступать на мероприятиях",
    "action_flag": 1,
    "change_message": "[{\"added\": {}}]"
  }
},
{
  "model": "admin.logentry",
  "pk": 260,
  "fields": {
    "action_time": "2024-03-03T12:11:03.949Z",
    "user": 3,
    "content_type": 15,
    "object_id": "edf41562-5295-4a7d-b31a-3efd1ec44c8b",
    "object_repr": "Алексей Иванов - Развивать локальное профессиональное сообщество в",
    "action_flag": 1,
    "change_message": "[{\"added\": {}}]"
  }
},
{
  "model": "admin.logentry",
  "pk": 261,
  "fields": {
    "action_time": "2024-03-03T12:12:23.868Z",
    "user": 3,
    "content_type": 15,
    "object_id": "f88998ae-1003-4ed6-892d-a8c771ce4f2d",
    "object_repr": "Валентина Бурмистрова - Давать консультации и рассказывать всем про Практи",
    "action_flag": 3,
    "change_message": ""
  }
},
{
  "model": "admin.logentry",
  "pk": 262,
  "fields": {
    "action_time": "2024-03-03T12:19:44.173Z",
    "user": 3,
    "content_type": 10,
    "object_id": "a4918e6e-1b4a-4b16-a030-b1ee47f32a89",
    "object_repr": "Дмитрий Козлов",
    "action_flag": 2,
    "change_message": "[{\"changed\": {\"fields\": [\"\\u041f\\u0440\\u043e\\u043c\\u043e\\u043a\\u043e\\u0434\"]}}]"
  }
},
{
  "model": "admin.logentry",
  "pk": 263,
  "fields": {
    "action_time": "2024-03-03T12:28:55.694Z",
    "user": 3,
    "content_type": 10,
    "object_id": "fc27e8fb-e269-41be-9306-d8218f7ea72f",
    "object_repr": "Игорь Ленц",
    "action_flag": 2,
    "change_message": "[{\"changed\": {\"fields\": [\"\\u041f\\u0440\\u043e\\u043c\\u043e\\u043a\\u043e\\u0434\"]}}]"
  }
},
{
  "model": "admin.logentry",
  "pk": 264,
  "fields": {
    "action_time": "2024-03-03T12:29:40.282Z",
    "user": 3,
    "content_type": 10,
    "object_id": "d9eeb75e-b9fd-42f9-a273-be47bbce5844",
    "object_repr": "Инесса Залужная",
    "action_flag": 2,
    "change_message": "[{\"changed\": {\"fields\": [\"\\u041f\\u0440\\u043e\\u043c\\u043e\\u043a\\u043e\\u0434\"]}}]"
  }
},
{
  "model": "admin.logentry",
  "pk": 265,
  "fields": {
    "action_time": "2024-03-03T12:29:51.878Z",
    "user": 3,
    "content_type": 10,
    "object_id": "fc27e8fb-e269-41be-9306-d8218f7ea72f",
    "object_repr": "Игорь Ленц",
    "action_flag": 2,
    "change_message": "[{\"changed\": {\"fields\": [\"\\u041f\\u0440\\u043e\\u043c\\u043e\\u043a\\u043e\\u0434\"]}}]"
  }
},
{
  "model": "admin.logentry",
  "pk": 266,
  "fields": {
    "action_time": "2024-03-03T13:19:44.194Z",
    "user": 3,
    "content_type": 10,
    "object_id": "d885dc41-3e92-418b-8b91-82da961f3e07",
    "object_repr": "Степан Каверин",
    "action_flag": 2,
    "change_message": "[{\"changed\": {\"fields\": [\"\\u041f\\u0440\\u043e\\u043c\\u043e\\u043a\\u043e\\u0434\"]}}]"
  }
},
{
  "model": "admin.logentry",
  "pk": 267,
  "fields": {
    "action_time": "2024-03-03T13:20:21.979Z",
    "user": 3,
    "content_type": 10,
    "object_id": "a38068d3-5bb8-47b7-8b67-a8751c24f42b",
    "object_repr": "Петр Забелин",
    "action_flag": 2,
    "change_message": "[{\"changed\": {\"fields\": [\"\\u041f\\u0440\\u043e\\u043c\\u043e\\u043a\\u043e\\u0434\"]}}]"
  }
},
{
  "model": "admin.logentry",
  "pk": 268,
  "fields": {
    "action_time": "2024-03-03T13:22:26.426Z",
    "user": 3,
    "content_type": 10,
    "object_id": "baf23446-1d0e-449e-a2e1-a5b59da25731",
    "object_repr": "Валентин Иллистратов",
    "action_flag": 2,
    "change_message": "[{\"changed\": {\"fields\": [\"\\u041f\\u0440\\u043e\\u043c\\u043e\\u043a\\u043e\\u0434\"]}}]"
  }
},
{
  "model": "admin.logentry",
  "pk": 269,
  "fields": {
    "action_time": "2024-03-03T13:22:59.922Z",
    "user": 3,
    "content_type": 10,
    "object_id": "b705ecbf-65e0-477d-a5d6-f808ac83e236",
    "object_repr": "Марина Петрова",
    "action_flag": 2,
    "change_message": "[{\"changed\": {\"fields\": [\"\\u041f\\u0440\\u043e\\u043c\\u043e\\u043a\\u043e\\u0434\"]}}]"
  }
},
{
  "model": "admin.logentry",
  "pk": 270,
  "fields": {
    "action_time": "2024-03-03T13:23:03.892Z",
    "user": 3,
    "content_type": 10,
    "object_id": "92ed951d-6e62-4772-9453-2a6875796247",
    "object_repr": "Наталья Морозова",
    "action_flag": 2,
    "change_message": "[{\"changed\": {\"fields\": [\"\\u041f\\u0440\\u043e\\u043c\\u043e\\u043a\\u043e\\u0434\"]}}]"
  }
},
{
  "model": "admin.logentry",
  "pk": 271,
  "fields": {
    "action_time": "2024-03-03T13:23:16.496Z",
    "user": 3,
    "content_type": 10,
    "object_id": "b072e354-1572-41cc-9e0b-a37f53a26135",
    "object_repr": "Екатерина Николаева",
    "action_flag": 2,
    "change_message": "[{\"changed\": {\"fields\": [\"\\u041f\\u0440\\u043e\\u043c\\u043e\\u043a\\u043e\\u0434\"]}}]"
  }
},
{
  "model": "admin.logentry",
  "pk": 272,
  "fields": {
    "action_time": "2024-03-03T13:23:31.202Z",
    "user": 3,
    "content_type": 10,
    "object_id": "a4918e6e-1b4a-4b16-a030-b1ee47f32a89",
    "object_repr": "Дмитрий Козлов",
    "action_flag": 2,
    "change_message": "[{\"changed\": {\"fields\": [\"\\u041f\\u0440\\u043e\\u043c\\u043e\\u043a\\u043e\\u0434\"]}}]"
  }
},
{
  "model": "admin.logentry",
  "pk": 273,
  "fields": {
    "action_time": "2024-03-03T13:23:32.108Z",
    "user": 3,
    "content_type": 10,
    "object_id": "ee18379e-8f76-4f03-a35d-aa24a17d33cc",
    "object_repr": "Алексей Морозов",
    "action_flag": 2,
    "change_message": "[{\"changed\": {\"fields\": [\"\\u041f\\u0440\\u043e\\u043c\\u043e\\u043a\\u043e\\u0434\"]}}]"
  }
},
{
  "model": "admin.logentry",
  "pk": 274,
  "fields": {
    "action_time": "2024-03-03T13:23:53.639Z",
    "user": 3,
    "content_type": 10,
    "object_id": "198d61a6-f686-4c42-952b-939f89bd77b5",
    "object_repr": "Александр Чугунов",
    "action_flag": 2,
    "change_message": "[{\"changed\": {\"fields\": [\"\\u041f\\u0440\\u043e\\u043c\\u043e\\u043a\\u043e\\u0434\"]}}]"
  }
},
{
  "model": "admin.logentry",
  "pk": 275,
  "fields": {
    "action_time": "2024-03-03T13:24:21.719Z",
    "user": 3,
    "content_type": 10,
    "object_id": "20dec1f2-bb7d-4cbd-b0ba-eebc8ed4ee84",
    "object_repr": "Вадим Петров",
    "action_flag": 2,
    "change_message": "[{\"changed\": {\"fields\": [\"\\u041f\\u0440\\u043e\\u043c\\u043e\\u043a\\u043e\\u0434\"]}}]"
  }
},
{
  "model": "admin.logentry",
  "pk": 276,
  "fields": {
    "action_time": "2024-03-03T13:24:34.993Z",
    "user": 3,
    "content_type": 10,
    "object_id": "27dc2d34-5f12-45b9-9f0a-44a02299b312",
    "object_repr": "Абдурахмангаджи Попов",
    "action_flag": 2,
    "change_message": "[{\"changed\": {\"fields\": [\"\\u041f\\u0440\\u043e\\u043c\\u043e\\u043a\\u043e\\u0434\"]}}]"
  }
},
{
  "model": "admin.logentry",
  "pk": 277,
  "fields": {
    "action_time": "2024-03-03T13:24:49.665Z",
    "user": 3,
    "content_type": 10,
    "object_id": "28f86d31-733b-4a91-95c1-3f98a26ec921",
    "object_repr": "Антон Субботин",
    "action_flag": 2,
    "change_message": "[{\"changed\": {\"fields\": [\"\\u041f\\u0440\\u043e\\u043c\\u043e\\u043a\\u043e\\u0434\"]}}]"
  }
},
{
  "model": "admin.logentry",
  "pk": 278,
  "fields": {
    "action_time": "2024-03-03T13:25:03.113Z",
    "user": 3,
    "content_type": 10,
    "object_id": "3bf3b298-fddf-4d37-93d9-a1fceb81189b",
    "object_repr": "Александр Волков",
    "action_flag": 2,
    "change_message": "[{\"changed\": {\"fields\": [\"\\u041f\\u0440\\u043e\\u043c\\u043e\\u043a\\u043e\\u0434\"]}}]"
  }
},
{
  "model": "admin.logentry",
  "pk": 279,
  "fields": {
    "action_time": "2024-03-03T13:25:16.031Z",
    "user": 3,
    "content_type": 10,
    "object_id": "737f4bac-db02-4c1e-be09-c29776e78607",
    "object_repr": "Иван Смирнов",
    "action_flag": 2,
    "change_message": "[{\"changed\": {\"fields\": [\"\\u041f\\u0440\\u043e\\u043c\\u043e\\u043a\\u043e\\u0434\"]}}]"
  }
},
{
  "model": "admin.logentry",
  "pk": 280,
  "fields": {
    "action_time": "2024-03-03T13:25:22.814Z",
    "user": 3,
    "content_type": 10,
    "object_id": "737f4bac-db02-4c1e-be09-c29776e78607",
    "object_repr": "Иван Смирнов",
    "action_flag": 2,
    "change_message": "[{\"changed\": {\"fields\": [\"\\u041f\\u0440\\u043e\\u043c\\u043e\\u043a\\u043e\\u0434\"]}}]"
  }
},
{
  "model": "admin.logentry",
  "pk": 281,
  "fields": {
    "action_time": "2024-03-03T13:26:22.035Z",
    "user": 3,
    "content_type": 10,
    "object_id": "5afd2292-acf4-4764-a0d8-9cb08dd34f8b",
    "object_repr": "Елена Смирнова-Расколбасова",
    "action_flag": 2,
    "change_message": "[{\"changed\": {\"fields\": [\"\\u041f\\u0440\\u043e\\u043c\\u043e\\u043a\\u043e\\u0434\"]}}]"
  }
},
{
  "model": "admin.logentry",
  "pk": 282,
  "fields": {
    "action_time": "2024-03-03T13:26:38.808Z",
    "user": 3,
    "content_type": 10,
    "object_id": "4c05db77-103c-43a3-95cf-32f0ae2dd11b",
    "object_repr": "Мария Соколова",
    "action_flag": 2,
    "change_message": "[{\"changed\": {\"fields\": [\"\\u041f\\u0440\\u043e\\u043c\\u043e\\u043a\\u043e\\u0434\"]}}]"
  }
},
{
  "model": "admin.logentry",
  "pk": 283,
  "fields": {
    "action_time": "2024-03-03T13:26:45.644Z",
    "user": 3,
    "content_type": 10,
    "object_id": "73059e0e-5644-488a-8b6c-798454313c7e",
    "object_repr": "Денис Иванов",
    "action_flag": 2,
    "change_message": "[{\"changed\": {\"fields\": [\"\\u041f\\u0440\\u043e\\u043c\\u043e\\u043a\\u043e\\u0434\", \"\\u0414\\u0430\\u0442\\u0430 \\u043f\\u0440\\u0438\\u043d\\u044f\\u0442\\u0438\\u044f \\u0432 \\u0430\\u043c\\u0431\\u0430\\u0441\\u0441\\u0430\\u0434\\u043e\\u0440\\u044b\"]}}]"
  }
},
{
  "model": "admin.logentry",
  "pk": 284,
  "fields": {
    "action_time": "2024-03-03T13:26:54.975Z",
    "user": 3,
    "content_type": 10,
    "object_id": "4c05db77-103c-43a3-95cf-32f0ae2dd11b",
    "object_repr": "Мария Соколова",
    "action_flag": 2,
    "change_message": "[{\"changed\": {\"fields\": [\"\\u041f\\u0440\\u043e\\u043c\\u043e\\u043a\\u043e\\u0434\"]}}]"
  }
},
{
  "model": "admin.logentry",
  "pk": 285,
  "fields": {
    "action_time": "2024-03-03T13:27:43.815Z",
    "user": 3,
    "content_type": 10,
    "object_id": "001d2abd-2834-43ca-b123-f087991d1ac8",
    "object_repr": "Михаил Василевский",
    "action_flag": 2,
    "change_message": "[{\"changed\": {\"fields\": [\"\\u041f\\u0440\\u043e\\u043c\\u043e\\u043a\\u043e\\u0434\"]}}]"
  }
},
{
  "model": "admin.logentry",
  "pk": 286,
  "fields": {
    "action_time": "2024-03-03T13:33:43.893Z",
    "user": 3,
    "content_type": 10,
    "object_id": "001d2abd-2834-43ca-b123-f087991d1ac8",
    "object_repr": "Михаил Василевский",
    "action_flag": 2,
    "change_message": "[{\"changed\": {\"fields\": [\"\\u0414\\u0430\\u0442\\u0430 \\u043f\\u0440\\u0438\\u043d\\u044f\\u0442\\u0438\\u044f \\u0432 \\u0430\\u043c\\u0431\\u0430\\u0441\\u0441\\u0430\\u0434\\u043e\\u0440\\u044b\"]}}]"
  }
},
{
  "model": "admin.logentry",
  "pk": 287,
  "fields": {
    "action_time": "2024-03-03T13:34:42.237Z",
    "user": 3,
    "content_type": 28,
    "object_id": "5fe46e87-4866-4376-ae4f-b17ef46638c3",
    "object_repr": "Антон Субботин - Друг - 2024-01-11",
    "action_flag": 1,
    "change_message": "[{\"added\": {}}]"
  }
},
{
  "model": "admin.logentry",
  "pk": 288,
  "fields": {
    "action_time": "2024-03-03T13:36:20.560Z",
    "user": 3,
    "content_type": 28,
    "object_id": "fed9ebf3-399c-473d-a0c9-f11c3838b8cd",
    "object_repr": "Елена Смирнова-Расколбасова - Друг - 2024-02-07",
    "action_flag": 1,
    "change_message": "[{\"added\": {}}]"
  }
},
{
  "model": "admin.logentry",
  "pk": 289,
  "fields": {
    "action_time": "2024-03-03T13:37:43.117Z",
    "user": 3,
    "content_type": 28,
    "object_id": "dc3ffe6a-4c77-4b73-ba26-2a2ae2d3bfd9",
    "object_repr": "Степан Каверин - Друг - 2024-02-16",
    "action_flag": 1,
    "change_message": "[{\"added\": {}}]"
  }
},
{
  "model": "admin.logentry",
  "pk": 290,
  "fields": {
    "action_time": "2024-03-03T13:38:05.335Z",
    "user": 3,
    "content_type": 28,
    "object_id": "fbcacb34-566d-4f5a-b81c-b7ab8f9bc4f3",
    "object_repr": "Петр Забелин - Друг - 2024-02-15",
    "action_flag": 1,
    "change_message": "[{\"added\": {}}]"
  }
},
{
  "model": "admin.logentry",
  "pk": 291,
  "fields": {
    "action_time": "2024-03-03T13:38:52.688Z",
    "user": 3,
    "content_type": 28,
    "object_id": "907c9414-0336-4e61-8b14-a837c6ee2846",
    "object_repr": "Валентин Иллистратов - Надежный - 2024-02-06",
    "action_flag": 1,
    "change_message": "[{\"added\": {}}]"
  }
},
{
  "model": "admin.logentry",
  "pk": 292,
  "fields": {
    "action_time": "2024-03-03T13:39:37.318Z",
    "user": 3,
    "content_type": 28,
    "object_id": "56686b8e-129b-419d-a2db-95da73a68ee3",
    "object_repr": "Марина Петрова - Практикующий амбассадор - 2024-02-14",
    "action_flag": 1,
    "change_message": "[{\"added\": {}}]"
  }
},
{
  "model": "admin.logentry",
  "pk": 293,
  "fields": {
    "action_time": "2024-03-03T13:40:17.922Z",
    "user": 3,
    "content_type": 28,
    "object_id": "bb11be2a-8a64-4e07-9def-36b276e59cc0",
    "object_repr": "Наталья Морозова - Друг - 2024-03-01",
    "action_flag": 1,
    "change_message": "[{\"added\": {}}]"
  }
},
{
  "model": "admin.logentry",
  "pk": 294,
  "fields": {
    "action_time": "2024-03-03T13:41:28.909Z",
    "user": 3,
    "content_type": 28,
    "object_id": "8092f1d1-bfe5-415b-a251-623783ed018b",
    "object_repr": "Екатерина Николаева - Друг - 2024-02-15",
    "action_flag": 1,
    "change_message": "[{\"added\": {}}]"
  }
},
{
  "model": "admin.logentry",
  "pk": 295,
  "fields": {
    "action_time": "2024-03-03T13:42:05.546Z",
    "user": 3,
    "content_type": 28,
    "object_id": "bb11be2a-8a64-4e07-9def-36b276e59cc0",
    "object_repr": "Наталья Морозова - Практикующий амбассадор - 2024-03-01",
    "action_flag": 2,
    "change_message": "[{\"changed\": {\"fields\": [\"Achieve\"]}}]"
  }
},
{
  "model": "admin.logentry",
  "pk": 296,
  "fields": {
    "action_time": "2024-03-03T13:42:34.951Z",
    "user": 3,
    "content_type": 28,
    "object_id": "97a308ad-b4e0-4b41-a93a-df1a6f9db4fd",
    "object_repr": "Алексей Морозов - Не получал - 2024-02-01",
    "action_flag": 1,
    "change_message": "[{\"added\": {}}]"
  }
},
{
  "model": "admin.logentry",
  "pk": 297,
  "fields": {
    "action_time": "2024-03-03T13:43:21.527Z",
    "user": 3,
    "content_type": 28,
    "object_id": "cc17a74a-06ba-4f8f-9319-77d85fdae6db",
    "object_repr": "Александр Чугунов - Друг - 2024-02-29",
    "action_flag": 1,
    "change_message": "[{\"added\": {}}]"
  }
},
{
  "model": "admin.logentry",
  "pk": 298,
  "fields": {
    "action_time": "2024-03-03T13:44:06.838Z",
    "user": 3,
    "content_type": 28,
    "object_id": "6ef81356-3d56-4556-95e6-077020bda92e",
    "object_repr": "Вадим Петров - Практикующий амбассадор - 2024-03-03",
    "action_flag": 1,
    "change_message": "[{\"added\": {}}]"
  }
},
{
  "model": "admin.logentry",
  "pk": 299,
  "fields": {
    "action_time": "2024-03-03T13:44:33.221Z",
    "user": 3,
    "content_type": 28,
    "object_id": "76f6ffc3-6331-46ee-bb36-d790cb917cec",
    "object_repr": "Абдурахмангаджи Попов - Не получал - 2024-02-08",
    "action_flag": 1,
    "change_message": "[{\"added\": {}}]"
  }
},
{
  "model": "admin.logentry",
  "pk": 300,
  "fields": {
    "action_time": "2024-03-03T13:45:05.459Z",
    "user": 3,
    "content_type": 28,
    "object_id": "c685626e-c217-43ca-969b-87a206fa0a2f",
    "object_repr": "Александр Волков - Практикующий амбассадор - 2024-02-29",
    "action_flag": 1,
    "change_message": "[{\"added\": {}}]"
  }
},
{
  "model": "admin.logentry",
  "pk": 301,
  "fields": {
    "action_time": "2024-03-03T13:45:55.943Z",
    "user": 3,
    "content_type": 28,
    "object_id": "6009cc63-f30d-4f34-8ef5-97a54b24a3c2",
    "object_repr": "Иван Смирнов - Практикующий амбассадор - 2024-02-15",
    "action_flag": 1,
    "change_message": "[{\"added\": {}}]"
  }
},
{
  "model": "admin.logentry",
  "pk": 302,
  "fields": {
    "action_time": "2024-03-03T13:46:43.074Z",
    "user": 3,
    "content_type": 28,
    "object_id": "f22afddc-3195-454b-a905-8cebd555534e",
    "object_repr": "Денис Иванов - Надежный - 2023-08-02",
    "action_flag": 1,
    "change_message": "[{\"added\": {}}]"
  }
},
{
  "model": "admin.logentry",
  "pk": 303,
  "fields": {
    "action_time": "2024-03-03T13:47:10.351Z",
    "user": 3,
    "content_type": 28,
    "object_id": "8f3c55bb-d064-496e-8bc9-5edfa4334d5d",
    "object_repr": "Мария Соколова - Не получал - 2024-03-02",
    "action_flag": 1,
    "change_message": "[{\"added\": {}}]"
  }
},
{
  "model": "admin.logentry",
  "pk": 304,
  "fields": {
    "action_time": "2024-03-03T13:47:55.042Z",
    "user": 3,
    "content_type": 28,
    "object_id": "699c7e78-7d5d-4c07-a6d3-303a9c2a2bc0",
    "object_repr": "Михаил Василевский - Надежный - 2023-09-05",
    "action_flag": 1,
    "change_message": "[{\"added\": {}}]"
  }
},
{
  "model": "admin.logentry",
  "pk": 305,
  "fields": {
    "action_time": "2024-03-03T13:49:35.826Z",
    "user": 3,
    "content_type": 28,
    "object_id": "8008cd3b-4b8f-4847-a1ac-80d89ab47bef",
    "object_repr": "Инесса Залужная - Практикующий амбассадор - 2024-01-16",
    "action_flag": 1,
    "change_message": "[{\"added\": {}}]"
  }
},
{
  "model": "admin.logentry",
  "pk": 306,
  "fields": {
    "action_time": "2024-03-03T13:49:58.077Z",
    "user": 3,
    "content_type": 28,
    "object_id": "836bedba-07b9-4545-88ca-9d58efcdd39e",
    "object_repr": "Игорь Ленц - Практикующий амбассадор - 2023-12-21",
    "action_flag": 1,
    "change_message": "[{\"added\": {}}]"
  }
},
{
  "model": "admin.logentry",
  "pk": 307,
  "fields": {
    "action_time": "2024-03-03T13:50:38.012Z",
    "user": 3,
    "content_type": 28,
    "object_id": "eedee41a-44cf-4483-b744-d561ad25afde",
    "object_repr": "Дмитрий Козлов - Друг - 2024-01-24",
    "action_flag": 1,
    "change_message": "[{\"added\": {}}]"
  }
},
{
  "model": "admin.logentry",
  "pk": 308,
  "fields": {
    "action_time": "2024-03-03T13:53:02.667Z",
    "user": 3,
    "content_type": 13,
    "object_id": "830ed8fa-a05a-41a2-aed6-b4577008dc36",
    "object_repr": "Денис Иванов - Активный - 2023-03-01",
    "action_flag": 1,
    "change_message": "[{\"added\": {}}]"
  }
},
{
  "model": "admin.logentry",
  "pk": 309,
  "fields": {
    "action_time": "2024-03-03T13:53:34.666Z",
    "user": 3,
    "content_type": 13,
    "object_id": "4886f01e-aae4-4dcc-98e2-fbdaa984df4f",
    "object_repr": "Денис Иванов - Не амбассадор - 2024-02-07",
    "action_flag": 1,
    "change_message": "[{\"added\": {}}]"
  }
},
{
  "model": "admin.logentry",
  "pk": 310,
  "fields": {
    "action_time": "2024-03-03T13:54:19.391Z",
    "user": 3,
    "content_type": 13,
    "object_id": "2825bf9f-47c4-4fe7-9bff-d9074d612789",
    "object_repr": "Михаил Василевский - Активный - 2023-02-08",
    "action_flag": 1,
    "change_message": "[{\"added\": {}}]"
  }
},
{
  "model": "admin.logentry",
  "pk": 311,
  "fields": {
    "action_time": "2024-03-03T13:54:55.506Z",
    "user": 3,
    "content_type": 13,
    "object_id": "e642d10e-83ed-420c-a65b-abb32347ed82",
    "object_repr": "Михаил Василевский - Не амбассадор - 2024-01-16",
    "action_flag": 1,
    "change_message": "[{\"added\": {}}]"
  }
},
{
  "model": "admin.logentry",
  "pk": 312,
  "fields": {
    "action_time": "2024-03-03T13:56:46.430Z",
    "user": 3,
    "content_type": 13,
    "object_id": "d1a54b13-f514-4ec1-9285-15edc8d5ffda",
    "object_repr": "Мария Соколова - Уточняется - 2024-03-02",
    "action_flag": 1,
    "change_message": "[{\"added\": {}}]"
  }
},
{
  "model": "admin.logentry",
  "pk": 313,
  "fields": {
    "action_time": "2024-03-03T13:57:07.817Z",
    "user": 3,
    "content_type": 13,
    "object_id": "58a9b694-f708-4a70-8e2e-84c80e45e4ea",
    "object_repr": "Елена Смирнова-Расколбасова - Активный - 2024-01-17",
    "action_flag": 1,
    "change_message": "[{\"added\": {}}]"
  }
},
{
  "model": "admin.logentry",
  "pk": 314,
  "fields": {
    "action_time": "2024-03-03T13:57:23.138Z",
    "user": 3,
    "content_type": 13,
    "object_id": "0518b820-b9fd-4fd4-bde9-0c9ea76db4b6",
    "object_repr": "Елена Смирнова-Расколбасова - На паузе - 2024-03-01",
    "action_flag": 1,
    "change_message": "[{\"added\": {}}]"
  }
},
{
  "model": "admin.logentry",
  "pk": 315,
  "fields": {
    "action_time": "2024-03-03T13:58:14.980Z",
    "user": 3,
    "content_type": 13,
    "object_id": "7499a591-5a50-4653-b75f-e486dd86305c",
    "object_repr": "Алексей Морозов - Активный - 2024-02-01",
    "action_flag": 1,
    "change_message": "[{\"added\": {}}]"
  }
},
{
  "model": "admin.logentry",
  "pk": 316,
  "fields": {
    "action_time": "2024-03-03T13:58:30.918Z",
    "user": 3,
    "content_type": 13,
    "object_id": "3df5c15f-7605-43b0-a1ff-1c87ae3211bf",
    "object_repr": "Алексей Морозов - На паузе - 2024-03-03",
    "action_flag": 1,
    "change_message": "[{\"added\": {}}]"
  }
},
{
  "model": "admin.logentry",
  "pk": 317,
  "fields": {
    "action_time": "2024-03-03T13:59:06.564Z",
    "user": 3,
    "content_type": 13,
    "object_id": "b21d5c01-22b7-479d-94d3-5497be52a516",
    "object_repr": "Игорь Ленц - Активный - 2023-09-13",
    "action_flag": 1,
    "change_message": "[{\"added\": {}}]"
  }
},
{
  "model": "admin.logentry",
  "pk": 318,
  "fields": {
    "action_time": "2024-03-03T13:59:30.351Z",
    "user": 3,
    "content_type": 13,
    "object_id": "bfb48f6c-8297-4d4f-8220-5b06c59caf18",
    "object_repr": "Инесса Залужная - Активный - 2023-09-29",
    "action_flag": 1,
    "change_message": "[{\"added\": {}}]"
  }
},
{
  "model": "admin.logentry",
  "pk": 319,
  "fields": {
    "action_time": "2024-03-03T13:59:58.298Z",
    "user": 3,
    "content_type": 13,
    "object_id": "ee60a1fe-6b0a-498f-b768-86bf02d7f340",
    "object_repr": "Степан Каверин - Активный - 2024-01-18",
    "action_flag": 1,
    "change_message": "[{\"added\": {}}]"
  }
},
{
  "model": "admin.logentry",
  "pk": 320,
  "fields": {
    "action_time": "2024-03-03T14:00:16.335Z",
    "user": 3,
    "content_type": 13,
    "object_id": "f866ea85-d9e8-49b3-8d5e-b24b61655ffc",
    "object_repr": "Валентин Иллистратов - Активный - 2023-09-14",
    "action_flag": 1,
    "change_message": "[{\"added\": {}}]"
  }
},
{
  "model": "admin.logentry",
  "pk": 321,
  "fields": {
    "action_time": "2024-03-03T14:00:41.877Z",
    "user": 3,
    "content_type": 13,
    "object_id": "7493c482-93d9-4f36-8e9e-8cc5833538f0",
    "object_repr": "Марина Петрова - Активный - 2023-12-11",
    "action_flag": 1,
    "change_message": "[{\"added\": {}}]"
  }
},
{
  "model": "admin.logentry",
  "pk": 322,
  "fields": {
    "action_time": "2024-03-03T14:01:21.402Z",
    "user": 3,
    "content_type": 13,
    "object_id": "5429ae44-2cde-4c79-a63e-3e1db37039d6",
    "object_repr": "Екатерина Николаева - Активный - 2024-01-11",
    "action_flag": 1,
    "change_message": "[{\"added\": {}}]"
  }
},
{
  "model": "admin.logentry",
  "pk": 323,
  "fields": {
    "action_time": "2024-03-03T14:02:11.617Z",
    "user": 3,
    "content_type": 13,
    "object_id": "e4ec1e8a-d072-4917-895f-a7f946a4d48e",
    "object_repr": "Дмитрий Козлов - Активный - 2023-12-15",
    "action_flag": 1,
    "change_message": "[{\"added\": {}}]"
  }
},
{
  "model": "admin.logentry",
  "pk": 324,
  "fields": {
    "action_time": "2024-03-03T14:02:40.810Z",
    "user": 3,
    "content_type": 13,
    "object_id": "66babfa1-1ae2-4aef-9731-46556aa2b72e",
    "object_repr": "Петр Забелин - Активный - 2024-01-18",
    "action_flag": 1,
    "change_message": "[{\"added\": {}}]"
  }
},
{
  "model": "admin.logentry",
  "pk": 325,
  "fields": {
    "action_time": "2024-03-03T14:03:21.967Z",
    "user": 3,
    "content_type": 13,
    "object_id": "aa58d2bb-875a-4478-9270-19a9900a9794",
    "object_repr": "Наталья Морозова - Активный - 2023-11-28",
    "action_flag": 1,
    "change_message": "[{\"added\": {}}]"
  }
},
{
  "model": "admin.logentry",
  "pk": 326,
  "fields": {
    "action_time": "2024-03-03T14:03:57.410Z",
    "user": 3,
    "content_type": 13,
    "object_id": "adca0b60-2e4e-4b85-857e-f23df6681090",
    "object_repr": "Иван Смирнов - Активный - 2023-10-21",
    "action_flag": 1,
    "change_message": "[{\"added\": {}}]"
  }
},
{
  "model": "admin.logentry",
  "pk": 327,
  "fields": {
    "action_time": "2024-03-03T14:04:25.662Z",
    "user": 3,
    "content_type": 13,
    "object_id": "93c1f70d-5f2c-4693-a7c9-6ea4670c3a56",
    "object_repr": "Александр Волков - Активный - 2023-11-21",
    "action_flag": 1,
    "change_message": "[{\"added\": {}}]"
  }
},
{
  "model": "admin.logentry",
  "pk": 328,
  "fields": {
    "action_time": "2024-03-03T14:04:52.057Z",
    "user": 3,
    "content_type": 13,
    "object_id": "5a4b0dc6-8e83-49d1-b6b1-86767de26d15",
    "object_repr": "Антон Субботин - Активный - 2023-12-14",
    "action_flag": 1,
    "change_message": "[{\"added\": {}}]"
  }
},
{
  "model": "admin.logentry",
  "pk": 329,
  "fields": {
    "action_time": "2024-03-03T14:05:51.413Z",
    "user": 3,
    "content_type": 13,
    "object_id": "fa941da3-91b4-43c9-b7ef-392280f170c0",
    "object_repr": "Абдурахмангаджи Попов - Активный - 2024-02-08",
    "action_flag": 1,
    "change_message": "[{\"added\": {}}]"
  }
},
{
  "model": "admin.logentry",
  "pk": 330,
  "fields": {
    "action_time": "2024-03-03T14:06:19.806Z",
    "user": 3,
    "content_type": 13,
    "object_id": "fbed5108-14dc-4df2-a043-d74f4dfb3b27",
    "object_repr": "Вадим Петров - Активный - 2023-12-12",
    "action_flag": 1,
    "change_message": "[{\"added\": {}}]"
  }
},
{
  "model": "admin.logentry",
  "pk": 331,
  "fields": {
    "action_time": "2024-03-03T14:06:38.864Z",
    "user": 3,
    "content_type": 13,
    "object_id": "723f71ef-9d53-4a03-a64d-2f00da77e852",
    "object_repr": "Александр Чугунов - Активный - 2024-01-31",
    "action_flag": 1,
    "change_message": "[{\"added\": {}}]"
  }
},
{
  "model": "admin.logentry",
  "pk": 332,
  "fields": {
    "action_time": "2024-03-03T14:09:13.405Z",
    "user": 3,
    "content_type": 13,
    "object_id": "902ba1c7-c905-44ed-ac14-d4d2897c422b",
    "object_repr": "Кристина Соколова - Кандидат - 2024-03-02",
    "action_flag": 1,
    "change_message": "[{\"added\": {}}]"
  }
},
{
  "model": "admin.logentry",
  "pk": 333,
  "fields": {
    "action_time": "2024-03-03T14:09:36.615Z",
    "user": 3,
    "content_type": 13,
    "object_id": "8121f40d-a818-41e2-bd35-dd50791fd2ae",
    "object_repr": "Александр Александров - Кандидат - 2024-03-01",
    "action_flag": 1,
    "change_message": "[{\"added\": {}}]"
  }
},
{
  "model": "admin.logentry",
  "pk": 334,
  "fields": {
    "action_time": "2024-03-03T14:09:58.309Z",
    "user": 3,
    "content_type": 13,
    "object_id": "ae90bc59-6d5a-4a0f-bf15-c73b389fc94e",
    "object_repr": "Валентина Бурмистрова - Кандидат - 2024-02-29",
    "action_flag": 1,
    "change_message": "[{\"added\": {}}]"
  }
},
{
  "model": "admin.logentry",
  "pk": 335,
  "fields": {
    "action_time": "2024-03-03T14:10:15.201Z",
    "user": 3,
    "content_type": 13,
    "object_id": "8e7564e2-cf9b-4d95-ac85-1904d30e2b69",
    "object_repr": "Ирина Степанова - Кандидат - 2024-03-01",
    "action_flag": 1,
    "change_message": "[{\"added\": {}}]"
  }
},
{
  "model": "admin.logentry",
  "pk": 336,
  "fields": {
    "action_time": "2024-03-03T14:10:30.343Z",
    "user": 3,
    "content_type": 13,
    "object_id": "859453da-d47a-4474-9484-f4af3ddbd026",
    "object_repr": "Алексей Иванов - Кандидат - 2024-03-03",
    "action_flag": 1,
    "change_message": "[{\"added\": {}}]"
  }
},
{
  "model": "admin.logentry",
  "pk": 337,
  "fields": {
    "action_time": "2024-03-03T14:27:46.922Z",
    "user": 3,
    "content_type": 31,
    "object_id": "71c592be-a872-4546-afdb-8fe3b440a840",
    "object_repr": "Отзыв об обучении",
    "action_flag": 1,
    "change_message": "[{\"added\": {}}]"
  }
},
{
  "model": "admin.logentry",
  "pk": 338,
  "fields": {
    "action_time": "2024-03-03T14:29:04.577Z",
    "user": 3,
    "content_type": 27,
    "object_id": "9760475a-3670-4460-95a8-62f937362ea3",
    "object_repr": "Друг Практикума",
    "action_flag": 2,
    "change_message": "[{\"changed\": {\"fields\": [\"\\u041d\\u0430\\u0437\\u0432\\u0430\\u043d\\u0438\\u0435 \\u0430\\u0447\\u0438\\u0432\\u043a\\u0438\"]}}]"
  }
},
{
  "model": "admin.logentry",
  "pk": 339,
  "fields": {
    "action_time": "2024-03-03T14:29:36.655Z",
    "user": 3,
    "content_type": 27,
    "object_id": "32cdcb0f-0332-4e8a-a260-d4c63d2981a0",
    "object_repr": "Я практикующий амбассадор",
    "action_flag": 2,
    "change_message": "[{\"changed\": {\"fields\": [\"\\u041d\\u0430\\u0437\\u0432\\u0430\\u043d\\u0438\\u0435 \\u0430\\u0447\\u0438\\u0432\\u043a\\u0438\"]}}]"
  }
},
{
  "model": "admin.logentry",
  "pk": 340,
  "fields": {
    "action_time": "2024-03-03T14:29:57.706Z",
    "user": 3,
    "content_type": 27,
    "object_id": "5e7cce27-747e-4746-a49e-610e02198213",
    "object_repr": "Я надежный амбассадор",
    "action_flag": 2,
    "change_message": "[{\"changed\": {\"fields\": [\"\\u041d\\u0430\\u0437\\u0432\\u0430\\u043d\\u0438\\u0435 \\u0430\\u0447\\u0438\\u0432\\u043a\\u0438\"]}}]"
  }
},
{
  "model": "admin.logentry",
  "pk": 341,
  "fields": {
    "action_time": "2024-03-03T14:35:02.970Z",
    "user": 3,
    "content_type": 32,
    "object_id": "1742f0d7-5c3e-43d5-bf57-3c5b71ae263f",
    "object_repr": "Елена Смирнова-Расколбасова - 7d071f6c-0545-401a-ba9f-841b77d06168 - 2024-03-03",
    "action_flag": 1,
    "change_message": "[{\"added\": {}}]"
  }
},
{
  "model": "admin.logentry",
  "pk": 342,
  "fields": {
    "action_time": "2024-03-03T14:35:54.445Z",
    "user": 3,
    "content_type": 30,
    "object_id": "23d79674-e7f6-40fb-bd7d-eea3ce3f98ae",
    "object_repr": "На доработке",
    "action_flag": 1,
    "change_message": "[{\"added\": {}}]"
  }
},
{
  "model": "admin.logentry",
  "pk": 343,
  "fields": {
    "action_time": "2024-03-03T14:36:03.775Z",
    "user": 3,
    "content_type": 30,
    "object_id": "0ba2d3c3-69d3-4c8c-af0c-ffa722c3ccb8",
    "object_repr": "Принят",
    "action_flag": 1,
    "change_message": "[{\"added\": {}}]"
  }
},
{
  "model": "admin.logentry",
  "pk": 344,
  "fields": {
    "action_time": "2024-03-03T14:36:56.207Z",
    "user": 3,
    "content_type": 29,
    "object_id": "7d071f6c-0545-401a-ba9f-841b77d06168",
    "object_repr": "Хабр Карьера",
    "action_flag": 2,
    "change_message": "[{\"changed\": {\"fields\": [\"\\u041f\\u043b\\u043e\\u0449\\u0430\\u0434\\u043a\\u0430 \\u0440\\u0430\\u0437\\u043c\\u0435\\u0449\\u0435\\u043d\\u0438\\u044f \\u043a\\u043e\\u043d\\u0442\\u0435\\u043d\\u0442\\u0430\"]}}]"
  }
},
{
  "model": "admin.logentry",
  "pk": 345,
  "fields": {
    "action_time": "2024-03-03T14:38:10.510Z",
    "user": 3,
    "content_type": 29,
    "object_id": "98db917f-c076-470d-a8b3-5ef712616d89",
    "object_repr": "Общая",
    "action_flag": 2,
    "change_message": "[{\"changed\": {\"fields\": [\"\\u041f\\u043b\\u043e\\u0449\\u0430\\u0434\\u043a\\u0430 \\u0440\\u0430\\u0437\\u043c\\u0435\\u0449\\u0435\\u043d\\u0438\\u044f \\u043a\\u043e\\u043d\\u0442\\u0435\\u043d\\u0442\\u0430\"]}}]"
  }
},
{
  "model": "admin.logentry",
  "pk": 346,
  "fields": {
    "action_time": "2024-03-03T14:38:34.296Z",
    "user": 3,
    "content_type": 29,
    "object_id": "9b7def7f-555d-4059-b1dd-7f35d6d69037",
    "object_repr": "Google Maps",
    "action_flag": 1,
    "change_message": "[{\"added\": {}}]"
  }
},
{
  "model": "admin.logentry",
  "pk": 347,
  "fields": {
    "action_time": "2024-03-03T14:38:48.426Z",
    "user": 3,
    "content_type": 29,
    "object_id": "a637d07f-f5b8-4b2c-8963-38605b7cdc3a",
    "object_repr": "Яндекс Карты",
    "action_flag": 1,
    "change_message": "[{\"added\": {}}]"
  }
},
{
  "model": "admin.logentry",
  "pk": 348,
  "fields": {
    "action_time": "2024-03-03T14:39:03.241Z",
    "user": 3,
    "content_type": 29,
    "object_id": "c182b0b0-6bf2-4efa-8f08-bddeaf3cf1dc",
    "object_repr": "Sravni.ru",
    "action_flag": 1,
    "change_message": "[{\"added\": {}}]"
  }
},
{
  "model": "admin.logentry",
  "pk": 349,
  "fields": {
    "action_time": "2024-03-03T14:39:16.992Z",
    "user": 3,
    "content_type": 29,
    "object_id": "8506be40-076c-4d1b-ae6f-4f4a5cd687f7",
    "object_repr": "TutorTop",
    "action_flag": 1,
    "change_message": "[{\"added\": {}}]"
  }
},
{
  "model": "admin.logentry",
  "pk": 350,
  "fields": {
    "action_time": "2024-03-03T14:40:30.789Z",
    "user": 3,
    "content_type": 29,
    "object_id": "f422f19c-a007-4153-afc8-cda8ea9efafc",
    "object_repr": "Irecommend",
    "action_flag": 1,
    "change_message": "[{\"added\": {}}]"
  }
},
{
  "model": "admin.logentry",
  "pk": 351,
  "fields": {
    "action_time": "2024-03-03T14:41:06.658Z",
    "user": 3,
    "content_type": 29,
    "object_id": "1db818a4-075d-45cd-92ab-96929b57b14e",
    "object_repr": "ТЖ",
    "action_flag": 1,
    "change_message": "[{\"added\": {}}]"
  }
},
{
  "model": "admin.logentry",
  "pk": 352,
  "fields": {
    "action_time": "2024-03-03T14:41:21.307Z",
    "user": 3,
    "content_type": 29,
    "object_id": "d25382de-51b1-4973-9057-7bae38dbf0f6",
    "object_repr": "Mooc",
    "action_flag": 1,
    "change_message": "[{\"added\": {}}]"
  }
},
{
  "model": "admin.logentry",
  "pk": 353,
  "fields": {
    "action_time": "2024-03-03T14:41:33.797Z",
    "user": 3,
    "content_type": 29,
    "object_id": "a4e11023-cca0-48f9-8bfb-a7ab56f4edbe",
    "object_repr": "KatalogKursov",
    "action_flag": 1,
    "change_message": "[{\"added\": {}}]"
  }
},
{
  "model": "admin.logentry",
  "pk": 354,
  "fields": {
    "action_time": "2024-03-03T14:41:50.769Z",
    "user": 3,
    "content_type": 29,
    "object_id": "1287a70f-5197-40c9-bb08-914f6aaa49b6",
    "object_repr": "Отзовик",
    "action_flag": 1,
    "change_message": "[{\"added\": {}}]"
  }
},
{
  "model": "admin.logentry",
  "pk": 355,
  "fields": {
    "action_time": "2024-03-03T14:44:08.400Z",
    "user": 3,
    "content_type": 32,
    "object_id": "1742f0d7-5c3e-43d5-bf57-3c5b71ae263f",
    "object_repr": "Елена Смирнова-Расколбасова - 7d071f6c-0545-401a-ba9f-841b77d06168 - 2024-03-03",
    "action_flag": 2,
    "change_message": "[{\"changed\": {\"fields\": [\"Report status\"]}}]"
  }
},
{
  "model": "admin.logentry",
  "pk": 356,
  "fields": {
    "action_time": "2024-03-03T15:25:11.857Z",
    "user": 3,
    "content_type": 32,
    "object_id": "baf97301-8453-4286-8ed9-bc362542af82",
    "object_repr": "Петр Забелин - 9b7def7f-555d-4059-b1dd-7f35d6d69037 - 2024-03-03",
    "action_flag": 1,
    "change_message": "[{\"added\": {}}]"
  }
},
{
  "model": "admin.logentry",
  "pk": 357,
  "fields": {
    "action_time": "2024-03-03T15:26:13.846Z",
    "user": 3,
    "content_type": 32,
    "object_id": "e5979b81-6190-4bb7-b52b-d1dd41da24bf",
    "object_repr": "Дмитрий Козлов - a637d07f-f5b8-4b2c-8963-38605b7cdc3a - 2024-03-03",
    "action_flag": 1,
    "change_message": "[{\"added\": {}}]"
  }
},
{
  "model": "admin.logentry",
  "pk": 358,
  "fields": {
    "action_time": "2024-03-03T15:26:53.857Z",
    "user": 3,
    "content_type": 32,
    "object_id": "031e7827-586b-4455-8922-8fbee6e5536a",
    "object_repr": "Степан Каверин - c182b0b0-6bf2-4efa-8f08-bddeaf3cf1dc - 2024-03-03",
    "action_flag": 1,
    "change_message": "[{\"added\": {}}]"
  }
},
{
  "model": "admin.logentry",
  "pk": 359,
  "fields": {
    "action_time": "2024-03-03T15:27:51.043Z",
    "user": 3,
    "content_type": 32,
    "object_id": "136b5716-d453-4f63-8648-bd703d78048b",
    "object_repr": "Александр Чугунов - 8506be40-076c-4d1b-ae6f-4f4a5cd687f7 - 2024-03-03",
    "action_flag": 1,
    "change_message": "[{\"added\": {}}]"
  }
},
{
  "model": "admin.logentry",
  "pk": 360,
  "fields": {
    "action_time": "2024-03-03T15:28:32.517Z",
    "user": 3,
    "content_type": 32,
    "object_id": "73c40a8f-cc0b-4cdc-af41-abec9cbbbcac",
    "object_repr": "Екатерина Николаева - f422f19c-a007-4153-afc8-cda8ea9efafc - 2024-03-03",
    "action_flag": 1,
    "change_message": "[{\"added\": {}}]"
  }
},
{
  "model": "admin.logentry",
  "pk": 361,
  "fields": {
    "action_time": "2024-03-03T15:29:23.622Z",
    "user": 3,
    "content_type": 32,
    "object_id": "2f33787f-9401-4135-b7aa-ec2044a95f78",
    "object_repr": "Антон Субботин - d25382de-51b1-4973-9057-7bae38dbf0f6 - 2024-03-03",
    "action_flag": 1,
    "change_message": "[{\"added\": {}}]"
  }
},
{
  "model": "admin.logentry",
  "pk": 362,
  "fields": {
    "action_time": "2024-03-03T15:30:00.884Z",
    "user": 3,
    "content_type": 32,
    "object_id": "a3195bbf-9b46-45ad-9809-bcdbf21887d8",
    "object_repr": "Денис Иванов - a4e11023-cca0-48f9-8bfb-a7ab56f4edbe - 2024-03-03",
    "action_flag": 1,
    "change_message": "[{\"added\": {}}]"
  }
},
{
  "model": "admin.logentry",
  "pk": 363,
  "fields": {
    "action_time": "2024-03-03T15:30:48.380Z",
    "user": 3,
    "content_type": 32,
    "object_id": "2d172d2b-dc4a-4332-9877-f67c5d1e6a12",
    "object_repr": "Михаил Василевский - 1287a70f-5197-40c9-bb08-914f6aaa49b6 - 2024-03-03",
    "action_flag": 1,
    "change_message": "[{\"added\": {}}]"
  }
},
{
  "model": "admin.logentry",
  "pk": 364,
  "fields": {
    "action_time": "2024-03-03T15:31:32.824Z",
    "user": 3,
    "content_type": 32,
    "object_id": "92f8955d-a9d5-4a7d-8fbe-a61e9dbd3629",
    "object_repr": "Александр Волков - 7d071f6c-0545-401a-ba9f-841b77d06168 - 2024-03-03",
    "action_flag": 1,
    "change_message": "[{\"added\": {}}]"
  }
},
{
  "model": "admin.logentry",
  "pk": 365,
  "fields": {
    "action_time": "2024-03-03T15:32:30.232Z",
    "user": 3,
    "content_type": 32,
    "object_id": "597755de-2554-46b6-ba90-96c2c2869f4a",
    "object_repr": "Наталья Морозова - 9b7def7f-555d-4059-b1dd-7f35d6d69037 - 2024-03-03",
    "action_flag": 1,
    "change_message": "[{\"added\": {}}]"
  }
},
{
  "model": "admin.logentry",
  "pk": 366,
  "fields": {
    "action_time": "2024-03-03T15:33:07.138Z",
    "user": 3,
    "content_type": 32,
    "object_id": "9a53f6a8-4964-4cbc-a249-5eb7b940f21f",
    "object_repr": "Игорь Ленц - a637d07f-f5b8-4b2c-8963-38605b7cdc3a - 2024-03-03",
    "action_flag": 1,
    "change_message": "[{\"added\": {}}]"
  }
},
{
  "model": "admin.logentry",
  "pk": 367,
  "fields": {
    "action_time": "2024-03-03T15:33:40.996Z",
    "user": 3,
    "content_type": 32,
    "object_id": "b565b7ae-8aa4-4aa9-be86-f81f90495750",
    "object_repr": "Инесса Залужная - c182b0b0-6bf2-4efa-8f08-bddeaf3cf1dc - 2024-03-03",
    "action_flag": 1,
    "change_message": "[{\"added\": {}}]"
  }
},
{
  "model": "admin.logentry",
  "pk": 368,
  "fields": {
    "action_time": "2024-03-03T15:34:16.021Z",
    "user": 3,
    "content_type": 32,
    "object_id": "78d0662c-9037-4c05-821f-0d95f7517fb0",
    "object_repr": "Вадим Петров - 8506be40-076c-4d1b-ae6f-4f4a5cd687f7 - 2024-03-03",
    "action_flag": 1,
    "change_message": "[{\"added\": {}}]"
  }
},
{
  "model": "admin.logentry",
  "pk": 369,
  "fields": {
    "action_time": "2024-03-03T15:34:56.167Z",
    "user": 3,
    "content_type": 32,
    "object_id": "51d5d212-0b31-4637-a9c8-ed9c3282c672",
    "object_repr": "Иван Смирнов - f422f19c-a007-4153-afc8-cda8ea9efafc - 2024-03-03",
    "action_flag": 1,
    "change_message": "[{\"added\": {}}]"
  }
},
{
  "model": "admin.logentry",
  "pk": 370,
  "fields": {
    "action_time": "2024-03-03T15:35:28.583Z",
    "user": 3,
    "content_type": 32,
    "object_id": "3508e945-9e02-456d-a230-410e87520dfb",
    "object_repr": "Марина Петрова - 7d071f6c-0545-401a-ba9f-841b77d06168 - 2024-03-03",
    "action_flag": 1,
    "change_message": "[{\"added\": {}}]"
  }
},
{
  "model": "admin.logentry",
  "pk": 371,
  "fields": {
    "action_time": "2024-03-03T15:39:05.307Z",
    "user": 3,
    "content_type": 32,
    "object_id": "f7961842-55a4-4c1e-8162-598f384a7abc",
    "object_repr": "Денис Иванов - 7aca76fc-9c01-4ddc-8b60-d0123aee9803 - 2024-03-03",
    "action_flag": 1,
    "change_message": "[{\"added\": {}}]"
  }
},
{
  "model": "admin.logentry",
  "pk": 372,
  "fields": {
    "action_time": "2024-03-03T15:39:45.274Z",
    "user": 3,
    "content_type": 32,
    "object_id": "15919d2a-98f8-43b9-948a-9fc447517297",
    "object_repr": "Михаил Василевский - 7aca76fc-9c01-4ddc-8b60-d0123aee9803 - 2024-03-03",
    "action_flag": 1,
    "change_message": "[{\"added\": {}}]"
  }
},
{
  "model": "admin.logentry",
  "pk": 373,
  "fields": {
    "action_time": "2024-03-03T15:40:26.656Z",
    "user": 3,
    "content_type": 32,
    "object_id": "16c4ec33-3168-454b-87ce-01dc1e06a2e1",
    "object_repr": "Александр Волков - 7aca76fc-9c01-4ddc-8b60-d0123aee9803 - 2024-03-03",
    "action_flag": 1,
    "change_message": "[{\"added\": {}}]"
  }
},
{
  "model": "admin.logentry",
  "pk": 374,
  "fields": {
    "action_time": "2024-03-03T15:41:14.596Z",
    "user": 3,
    "content_type": 32,
    "object_id": "dba46e85-beda-4a12-9f86-89cbdf93adfa",
    "object_repr": "Наталья Морозова - 7aca76fc-9c01-4ddc-8b60-d0123aee9803 - 2024-03-03",
    "action_flag": 1,
    "change_message": "[{\"added\": {}}]"
  }
},
{
  "model": "admin.logentry",
  "pk": 375,
  "fields": {
    "action_time": "2024-03-03T15:41:28.619Z",
    "user": 1,
    "content_type": 8,
    "object_id": "4",
    "object_repr": "  None",
    "action_flag": 1,
    "change_message": "[{\"added\": {}}]"
  }
},
{
  "model": "admin.logentry",
  "pk": 376,
  "fields": {
    "action_time": "2024-03-03T15:41:49.193Z",
    "user": 3,
    "content_type": 32,
    "object_id": "a07dd6eb-a4e4-4d59-9071-18d64dc4f714",
    "object_repr": "Игорь Ленц - 7aca76fc-9c01-4ddc-8b60-d0123aee9803 - 2024-03-03",
    "action_flag": 1,
    "change_message": "[{\"added\": {}}]"
  }
},
{
  "model": "admin.logentry",
  "pk": 377,
  "fields": {
    "action_time": "2024-03-03T15:42:19.075Z",
    "user": 1,
    "content_type": 8,
    "object_id": "4",
    "object_repr": "Борисову Анастасия None",
    "action_flag": 2,
    "change_message": "[{\"changed\": {\"fields\": [\"\\u0418\\u043c\\u044f\", \"\\u0424\\u0430\\u043c\\u0438\\u043b\\u0438\\u044f\", \"Email\", \"Staff status\", \"Superuser status\"]}}]"
  }
},
{
  "model": "admin.logentry",
  "pk": 378,
  "fields": {
    "action_time": "2024-03-03T15:42:36.947Z",
    "user": 3,
    "content_type": 32,
    "object_id": "3e87769c-ffa6-4c41-b28f-060c9a6f9641",
    "object_repr": "Инесса Залужная - 7aca76fc-9c01-4ddc-8b60-d0123aee9803 - 2024-03-03",
    "action_flag": 1,
    "change_message": "[{\"added\": {}}]"
  }
},
{
  "model": "admin.logentry",
  "pk": 379,
  "fields": {
    "action_time": "2024-03-03T15:43:02.039Z",
    "user": 1,
    "content_type": 8,
    "object_id": "4",
    "object_repr": "Борисову Анастасия None",
    "action_flag": 2,
    "change_message": "[{\"changed\": {\"fields\": [\"password\"]}}]"
  }
},
{
  "model": "admin.logentry",
  "pk": 380,
  "fields": {
    "action_time": "2024-03-03T15:43:23.203Z",
    "user": 1,
    "content_type": 8,
    "object_id": "4",
    "object_repr": "Борисову Анастасия None",
    "action_flag": 2,
    "change_message": "[]"
  }
},
{
  "model": "admin.logentry",
  "pk": 381,
  "fields": {
    "action_time": "2024-03-03T15:43:26.118Z",
    "user": 3,
    "content_type": 32,
    "object_id": "071f95c4-6c87-4231-b2c6-67885a25a412",
    "object_repr": "Вадим Петров - 7aca76fc-9c01-4ddc-8b60-d0123aee9803 - 2024-03-03",
    "action_flag": 1,
    "change_message": "[{\"added\": {}}]"
  }
},
{
  "model": "admin.logentry",
  "pk": 382,
  "fields": {
    "action_time": "2024-03-03T15:43:56.825Z",
    "user": 3,
    "content_type": 32,
    "object_id": "7a05f279-2fd0-4294-894e-3ddf33937f3c",
    "object_repr": "Иван Смирнов - 7aca76fc-9c01-4ddc-8b60-d0123aee9803 - 2024-03-03",
    "action_flag": 1,
    "change_message": "[{\"added\": {}}]"
  }
},
{
  "model": "admin.logentry",
  "pk": 383,
  "fields": {
    "action_time": "2024-03-03T15:44:29.171Z",
    "user": 3,
    "content_type": 32,
    "object_id": "3a0e9f3e-abe3-44e9-a9b6-682f46ecfe9e",
    "object_repr": "Марина Петрова - 7aca76fc-9c01-4ddc-8b60-d0123aee9803 - 2024-03-03",
    "action_flag": 1,
    "change_message": "[{\"added\": {}}]"
  }
},
{
  "model": "admin.logentry",
  "pk": 384,
  "fields": {
    "action_time": "2024-03-03T15:46:49.944Z",
    "user": 1,
    "content_type": 8,
    "object_id": "4",
    "object_repr": "Борисову Анастасия None",
    "action_flag": 2,
    "change_message": "[{\"changed\": {\"fields\": [\"password\"]}}]"
  }
},
{
  "model": "admin.logentry",
  "pk": 385,
  "fields": {
    "action_time": "2024-03-03T15:47:34.291Z",
    "user": 3,
    "content_type": 32,
    "object_id": "3af8b88d-0f81-4718-b8a4-e34d2f899cfa",
    "object_repr": "Денис Иванов - be45c174-d516-4c0b-b4cc-b38d1d2e39d3 - 2024-03-03",
    "action_flag": 1,
    "change_message": "[{\"added\": {}}]"
  }
},
{
  "model": "admin.logentry",
  "pk": 386,
  "fields": {
    "action_time": "2024-03-03T15:52:43.942Z",
    "user": 3,
    "content_type": 32,
    "object_id": "4ea715fb-f178-414f-bc72-45a14148a546",
    "object_repr": "Александр Волков - be45c174-d516-4c0b-b4cc-b38d1d2e39d3 - 2024-03-03",
    "action_flag": 1,
    "change_message": "[{\"added\": {}}]"
  }
},
{
  "model": "admin.logentry",
  "pk": 387,
  "fields": {
    "action_time": "2024-03-03T15:55:24.822Z",
    "user": 3,
    "content_type": 32,
    "object_id": "4ea715fb-f178-414f-bc72-45a14148a546",
    "object_repr": "Михаил Василевский - be45c174-d516-4c0b-b4cc-b38d1d2e39d3 - 2024-03-03",
    "action_flag": 2,
    "change_message": "[{\"changed\": {\"fields\": [\"Ambassador\", \"\\u041d\\u0430\\u0447\\u0438\\u043d\\u0430\\u044e\\u0449\\u0438\\u0439 \\u0430\\u043c\\u0431\\u0430\\u0441\\u0441\\u0430\\u0434\\u043e\\u0440?\"]}}]"
  }
},
{
  "model": "admin.logentry",
  "pk": 388,
  "fields": {
    "action_time": "2024-03-03T16:02:46.779Z",
    "user": 3,
    "content_type": 32,
    "object_id": "60bca211-9776-49b0-b27c-d7dc7a8cd997",
    "object_repr": "Александр Волков - 98db917f-c076-470d-a8b3-5ef712616d89 - 2024-03-03",
    "action_flag": 1,
    "change_message": "[{\"added\": {}}]"
  }
},
{
  "model": "admin.logentry",
  "pk": 389,
  "fields": {
    "action_time": "2024-03-03T16:03:24.644Z",
    "user": 3,
    "content_type": 32,
    "object_id": "92f9b16e-d56e-41c5-aac0-76419e092d1e",
    "object_repr": "Наталья Морозова - 7aca76fc-9c01-4ddc-8b60-d0123aee9803 - 2024-03-03",
    "action_flag": 1,
    "change_message": "[{\"added\": {}}]"
  }
},
{
  "model": "admin.logentry",
  "pk": 390,
  "fields": {
    "action_time": "2024-03-03T16:04:58.683Z",
    "user": 3,
    "content_type": 32,
    "object_id": "d2057984-0e1f-4442-92f6-c5371858e5db",
    "object_repr": "Игорь Ленц - 98db917f-c076-470d-a8b3-5ef712616d89 - 2024-03-03",
    "action_flag": 1,
    "change_message": "[{\"added\": {}}]"
  }
},
{
  "model": "admin.logentry",
  "pk": 391,
  "fields": {
    "action_time": "2024-03-03T16:05:48.662Z",
    "user": 3,
    "content_type": 32,
    "object_id": "3d2ac8a0-4eac-439a-94f5-65dd871bb217",
    "object_repr": "Инесса Залужная - 7aca76fc-9c01-4ddc-8b60-d0123aee9803 - 2024-03-03",
    "action_flag": 1,
    "change_message": "[{\"added\": {}}]"
  }
},
{
  "model": "admin.logentry",
  "pk": 392,
  "fields": {
    "action_time": "2024-03-03T16:06:27.067Z",
    "user": 3,
    "content_type": 32,
    "object_id": "eaaa3f4d-bbba-4c53-9fb6-cf07a2128aad",
    "object_repr": "Вадим Петров - 98db917f-c076-470d-a8b3-5ef712616d89 - 2024-03-03",
    "action_flag": 1,
    "change_message": "[{\"added\": {}}]"
  }
},
{
  "model": "admin.logentry",
  "pk": 393,
  "fields": {
    "action_time": "2024-03-03T16:07:17.232Z",
    "user": 3,
    "content_type": 32,
    "object_id": "2d533673-e82d-4c83-81fa-021066dd59f3",
    "object_repr": "Иван Смирнов - 7aca76fc-9c01-4ddc-8b60-d0123aee9803 - 2024-03-03",
    "action_flag": 1,
    "change_message": "[{\"added\": {}}]"
  }
},
{
  "model": "admin.logentry",
  "pk": 394,
  "fields": {
    "action_time": "2024-03-03T16:07:51.796Z",
    "user": 3,
    "content_type": 32,
    "object_id": "49d51417-5778-4411-867c-c8d496590c72",
    "object_repr": "Марина Петрова - 98db917f-c076-470d-a8b3-5ef712616d89 - 2024-03-03",
    "action_flag": 1,
    "change_message": "[{\"added\": {}}]"
  }
},
{
  "model": "admin.logentry",
  "pk": 395,
  "fields": {
    "action_time": "2024-03-03T16:21:33.577Z",
    "user": 3,
    "content_type": 32,
    "object_id": "1b094cd9-c909-4718-ac25-b52993b708a1",
    "object_repr": "Денис Иванов - 7aca76fc-9c01-4ddc-8b60-d0123aee9803 - 2024-03-03",
    "action_flag": 1,
    "change_message": "[{\"added\": {}}]"
  }
},
{
  "model": "admin.logentry",
  "pk": 396,
  "fields": {
    "action_time": "2024-03-03T16:22:08.552Z",
    "user": 3,
    "content_type": 32,
    "object_id": "7c122a22-d7ff-476c-b8d6-74081a240066",
    "object_repr": "Михаил Василевский - 7aca76fc-9c01-4ddc-8b60-d0123aee9803 - 2024-03-03",
    "action_flag": 1,
    "change_message": "[{\"added\": {}}]"
  }
},
{
  "model": "admin.logentry",
  "pk": 397,
  "fields": {
    "action_time": "2024-03-03T16:26:05.608Z",
    "user": 3,
    "content_type": 32,
    "object_id": "2368c69e-2cc4-41cb-a7ef-8bac4bbdf404",
    "object_repr": "Денис Иванов - fb04f0b5-c3e1-466a-8c47-1782b959f768 - 2024-03-03",
    "action_flag": 1,
    "change_message": "[{\"added\": {}}]"
  }
},
{
  "model": "admin.logentry",
  "pk": 398,
  "fields": {
    "action_time": "2024-03-03T16:27:42.573Z",
    "user": 3,
    "content_type": 32,
    "object_id": "1271a427-3fbf-48c2-8a7e-dd04aaa6da65",
    "object_repr": "Михаил Василевский - fb04f0b5-c3e1-466a-8c47-1782b959f768 - 2024-03-03",
    "action_flag": 1,
    "change_message": "[{\"added\": {}}]"
  }
},
{
  "model": "admin.logentry",
  "pk": 399,
  "fields": {
    "action_time": "2024-03-03T16:38:08.250Z",
    "user": 3,
    "content_type": 16,
    "object_id": "7333d627-e604-4c5d-acc8-52e24fb73597",
    "object_repr": "Привет, амбассадор! Добро пожа",
    "action_flag": 1,
    "change_message": "[{\"added\": {}}]"
  }
},
{
  "model": "admin.logentry",
  "pk": 400,
  "fields": {
    "action_time": "2024-03-03T16:42:54.905Z",
    "user": 3,
    "content_type": 16,
    "object_id": "7333d627-e604-4c5d-acc8-52e24fb73597",
    "object_repr": "Привет, амбассадор! Добро пожа",
    "action_flag": 2,
    "change_message": "[{\"changed\": {\"fields\": [\"\\u0414\\u0430\\u0442\\u0430 \\u0441\\u043e\\u043e\\u0431\\u0449\\u0435\\u043d\\u0438\\u044f\"]}}]"
  }
},
{
  "model": "admin.logentry",
  "pk": 401,
  "fields": {
    "action_time": "2024-03-03T16:43:40.653Z",
    "user": 3,
    "content_type": 20,
    "object_id": "56176f06-caaf-4b3e-80fc-fe9ccbd34ffc",
    "object_repr": "Борисову Анастасия None - Привет, амбассадор! Добро пожа",
    "action_flag": 1,
    "change_message": "[{\"added\": {}}]"
  }
},
{
  "model": "admin.logentry",
  "pk": 402,
  "fields": {
    "action_time": "2024-03-03T16:46:38.734Z",
    "user": 3,
    "content_type": 16,
    "object_id": "b1486165-38fd-4240-83e5-3fa5c2da80a2",
    "object_repr": "Всех наших милых девушек поздр",
    "action_flag": 1,
    "change_message": "[{\"added\": {}}]"
  }
},
{
  "model": "admin.logentry",
  "pk": 403,
  "fields": {
    "action_time": "2024-03-03T16:47:53.896Z",
    "user": 3,
    "content_type": 19,
    "object_id": "0a7d503b-c4f5-491d-98aa-3fb758088cb4",
    "object_repr": "Отложенное сообщение -  Всех наших милых девушек поздр - 2024-03-08 12:00:00+00:00",
    "action_flag": 1,
    "change_message": "[{\"added\": {}}]"
  }
},
{
  "model": "admin.logentry",
  "pk": 404,
  "fields": {
    "action_time": "2024-03-03T16:48:26.163Z",
    "user": 3,
    "content_type": 19,
    "object_id": "ee17cdaa-d6cc-4053-9e2e-0ea1759181e2",
    "object_repr": "",
    "action_flag": 1,
    "change_message": "[{\"added\": {}}]"
  }
},
{
  "model": "admin.logentry",
  "pk": 405,
  "fields": {
    "action_time": "2024-03-03T16:48:43.719Z",
    "user": 3,
    "content_type": 19,
    "object_id": "ee17cdaa-d6cc-4053-9e2e-0ea1759181e2",
    "object_repr": "",
    "action_flag": 2,
    "change_message": "[{\"changed\": {\"fields\": [\"Message status\"]}}]"
  }
},
{
  "model": "admin.logentry",
  "pk": 406,
  "fields": {
    "action_time": "2024-03-03T16:50:20.031Z",
    "user": 3,
    "content_type": 16,
    "object_id": "ba612e46-c23c-45ab-88b8-16c4a27ac9df",
    "object_repr": "После написания отзыва об обуч",
    "action_flag": 1,
    "change_message": "[{\"added\": {}}]"
  }
},
{
  "model": "admin.logentry",
  "pk": 407,
  "fields": {
    "action_time": "2024-03-03T16:50:44.461Z",
    "user": 3,
    "content_type": 19,
    "object_id": "16687a65-19d8-4dc7-85f5-9c3d2c6814f5",
    "object_repr": "",
    "action_flag": 1,
    "change_message": "[{\"added\": {}}]"
  }
},
{
  "model": "admin.logentry",
  "pk": 408,
  "fields": {
    "action_time": "2024-03-03T16:53:43.618Z",
    "user": 3,
    "content_type": 32,
    "object_id": "e5979b81-6190-4bb7-b52b-d1dd41da24bf",
    "object_repr": "Дмитрий Козлов - a637d07f-f5b8-4b2c-8963-38605b7cdc3a - 2024-01-29",
    "action_flag": 2,
    "change_message": "[{\"changed\": {\"fields\": [\"\\u0414\\u0430\\u0442\\u0430 \\u043e\\u0442\\u0447\\u0435\\u0442\\u0430\"]}}]"
  }
},
{
  "model": "admin.logentry",
  "pk": 409,
  "fields": {
    "action_time": "2024-03-03T16:54:45.858Z",
    "user": 3,
    "content_type": 32,
    "object_id": "baf97301-8453-4286-8ed9-bc362542af82",
    "object_repr": "Петр Забелин - 9b7def7f-555d-4059-b1dd-7f35d6d69037 - 2024-02-20",
    "action_flag": 2,
    "change_message": "[{\"changed\": {\"fields\": [\"\\u0414\\u0430\\u0442\\u0430 \\u043e\\u0442\\u0447\\u0435\\u0442\\u0430\"]}}]"
  }
},
{
  "model": "admin.logentry",
  "pk": 410,
  "fields": {
    "action_time": "2024-03-03T16:55:29.897Z",
    "user": 3,
    "content_type": 32,
    "object_id": "b565b7ae-8aa4-4aa9-be86-f81f90495750",
    "object_repr": "Инесса Залужная - c182b0b0-6bf2-4efa-8f08-bddeaf3cf1dc - 2024-01-20",
    "action_flag": 2,
    "change_message": "[{\"changed\": {\"fields\": [\"\\u0414\\u0430\\u0442\\u0430 \\u043e\\u0442\\u0447\\u0435\\u0442\\u0430\"]}}]"
  }
},
{
  "model": "admin.logentry",
  "pk": 411,
  "fields": {
    "action_time": "2024-03-03T16:57:10.664Z",
    "user": 3,
    "content_type": 32,
    "object_id": "e5979b81-6190-4bb7-b52b-d1dd41da24bf",
    "object_repr": "Дмитрий Козлов - a637d07f-f5b8-4b2c-8963-38605b7cdc3a - 2024-01-24",
    "action_flag": 2,
    "change_message": "[{\"changed\": {\"fields\": [\"\\u0414\\u0430\\u0442\\u0430 \\u043e\\u0442\\u0447\\u0435\\u0442\\u0430\"]}}]"
  }
},
{
  "model": "admin.logentry",
  "pk": 412,
  "fields": {
    "action_time": "2024-03-03T16:58:56.595Z",
    "user": 3,
    "content_type": 32,
    "object_id": "baf97301-8453-4286-8ed9-bc362542af82",
    "object_repr": "Петр Забелин - 9b7def7f-555d-4059-b1dd-7f35d6d69037 - 2024-02-15",
    "action_flag": 2,
    "change_message": "[{\"changed\": {\"fields\": [\"\\u0414\\u0430\\u0442\\u0430 \\u043e\\u0442\\u0447\\u0435\\u0442\\u0430\"]}}]"
  }
},
{
  "model": "admin.logentry",
  "pk": 413,
  "fields": {
    "action_time": "2024-03-03T16:59:58.128Z",
    "user": 3,
    "content_type": 32,
    "object_id": "b565b7ae-8aa4-4aa9-be86-f81f90495750",
    "object_repr": "Инесса Залужная - c182b0b0-6bf2-4efa-8f08-bddeaf3cf1dc - 2023-10-04",
    "action_flag": 2,
    "change_message": "[{\"changed\": {\"fields\": [\"\\u0414\\u0430\\u0442\\u0430 \\u043e\\u0442\\u0447\\u0435\\u0442\\u0430\"]}}]"
  }
},
{
  "model": "admin.logentry",
  "pk": 414,
  "fields": {
    "action_time": "2024-03-03T17:00:47.852Z",
    "user": 3,
    "content_type": 32,
    "object_id": "a3195bbf-9b46-45ad-9809-bcdbf21887d8",
    "object_repr": "Денис Иванов - a4e11023-cca0-48f9-8bfb-a7ab56f4edbe - 2023-03-10",
    "action_flag": 2,
    "change_message": "[{\"changed\": {\"fields\": [\"\\u0414\\u0430\\u0442\\u0430 \\u043e\\u0442\\u0447\\u0435\\u0442\\u0430\"]}}]"
  }
},
{
  "model": "admin.logentry",
  "pk": 415,
  "fields": {
    "action_time": "2024-03-03T17:01:36.692Z",
    "user": 3,
    "content_type": 32,
    "object_id": "9a53f6a8-4964-4cbc-a249-5eb7b940f21f",
    "object_repr": "Игорь Ленц - a637d07f-f5b8-4b2c-8963-38605b7cdc3a - 2023-09-20",
    "action_flag": 2,
    "change_message": "[{\"changed\": {\"fields\": [\"\\u0414\\u0430\\u0442\\u0430 \\u043e\\u0442\\u0447\\u0435\\u0442\\u0430\"]}}]"
  }
},
{
  "model": "admin.logentry",
  "pk": 416,
  "fields": {
    "action_time": "2024-03-03T17:02:11.654Z",
    "user": 3,
    "content_type": 32,
    "object_id": "92f8955d-a9d5-4a7d-8fbe-a61e9dbd3629",
    "object_repr": "Александр Волков - 7d071f6c-0545-401a-ba9f-841b77d06168 - 2023-11-29",
    "action_flag": 2,
    "change_message": "[{\"changed\": {\"fields\": [\"\\u0414\\u0430\\u0442\\u0430 \\u043e\\u0442\\u0447\\u0435\\u0442\\u0430\"]}}]"
  }
},
{
  "model": "admin.logentry",
  "pk": 417,
  "fields": {
    "action_time": "2024-03-03T17:03:20.286Z",
    "user": 3,
    "content_type": 32,
    "object_id": "78d0662c-9037-4c05-821f-0d95f7517fb0",
    "object_repr": "Вадим Петров - 8506be40-076c-4d1b-ae6f-4f4a5cd687f7 - 2023-12-15",
    "action_flag": 2,
    "change_message": "[{\"changed\": {\"fields\": [\"\\u0414\\u0430\\u0442\\u0430 \\u043e\\u0442\\u0447\\u0435\\u0442\\u0430\"]}}]"
  }
},
{
  "model": "admin.logentry",
  "pk": 418,
  "fields": {
    "action_time": "2024-03-03T17:04:20.927Z",
    "user": 3,
    "content_type": 32,
    "object_id": "eaaa3f4d-bbba-4c53-9fb6-cf07a2128aad",
    "object_repr": "Вадим Петров - 98db917f-c076-470d-a8b3-5ef712616d89 - 2024-01-10",
    "action_flag": 2,
    "change_message": "[{\"changed\": {\"fields\": [\"\\u0414\\u0430\\u0442\\u0430 \\u043e\\u0442\\u0447\\u0435\\u0442\\u0430\"]}}]"
  }
},
{
  "model": "admin.logentry",
  "pk": 419,
  "fields": {
    "action_time": "2024-03-03T17:05:13.382Z",
    "user": 3,
    "content_type": 32,
    "object_id": "071f95c4-6c87-4231-b2c6-67885a25a412",
    "object_repr": "Вадим Петров - 7aca76fc-9c01-4ddc-8b60-d0123aee9803 - 2024-02-29",
    "action_flag": 2,
    "change_message": "[{\"changed\": {\"fields\": [\"\\u0414\\u0430\\u0442\\u0430 \\u043e\\u0442\\u0447\\u0435\\u0442\\u0430\"]}}]"
  }
},
{
  "model": "admin.logentry",
  "pk": 420,
  "fields": {
    "action_time": "2024-03-03T17:06:09.068Z",
    "user": 3,
    "content_type": 32,
    "object_id": "73c40a8f-cc0b-4cdc-af41-abec9cbbbcac",
    "object_repr": "Екатерина Николаева - f422f19c-a007-4153-afc8-cda8ea9efafc - 2024-02-14",
    "action_flag": 2,
    "change_message": "[{\"changed\": {\"fields\": [\"\\u0414\\u0430\\u0442\\u0430 \\u043e\\u0442\\u0447\\u0435\\u0442\\u0430\"]}}]"
  }
},
{
  "model": "admin.logentry",
  "pk": 421,
  "fields": {
    "action_time": "2024-03-03T17:07:16.932Z",
    "user": 3,
    "content_type": 32,
    "object_id": "597755de-2554-46b6-ba90-96c2c2869f4a",
    "object_repr": "Наталья Морозова - 9b7def7f-555d-4059-b1dd-7f35d6d69037 - 2023-12-01",
    "action_flag": 2,
    "change_message": "[{\"changed\": {\"fields\": [\"\\u0414\\u0430\\u0442\\u0430 \\u043e\\u0442\\u0447\\u0435\\u0442\\u0430\"]}}]"
  }
},
{
  "model": "admin.logentry",
  "pk": 422,
  "fields": {
    "action_time": "2024-03-03T17:07:54.851Z",
    "user": 3,
    "content_type": 32,
    "object_id": "dba46e85-beda-4a12-9f86-89cbdf93adfa",
    "object_repr": "Наталья Морозова - 7aca76fc-9c01-4ddc-8b60-d0123aee9803 - 2023-12-29",
    "action_flag": 2,
    "change_message": "[{\"changed\": {\"fields\": [\"\\u0414\\u0430\\u0442\\u0430 \\u043e\\u0442\\u0447\\u0435\\u0442\\u0430\"]}}]"
  }
},
{
  "model": "admin.logentry",
  "pk": 423,
  "fields": {
    "action_time": "2024-03-03T17:08:36.824Z",
    "user": 3,
    "content_type": 32,
    "object_id": "92f9b16e-d56e-41c5-aac0-76419e092d1e",
    "object_repr": "Наталья Морозова - 7aca76fc-9c01-4ddc-8b60-d0123aee9803 - 2024-01-26",
    "action_flag": 2,
    "change_message": "[{\"changed\": {\"fields\": [\"\\u0414\\u0430\\u0442\\u0430 \\u043e\\u0442\\u0447\\u0435\\u0442\\u0430\"]}}]"
  }
},
{
  "model": "admin.logentry",
  "pk": 424,
  "fields": {
    "action_time": "2024-03-03T17:11:38.360Z",
    "user": 3,
    "content_type": 28,
    "object_id": "bb11be2a-8a64-4e07-9def-36b276e59cc0",
    "object_repr": "Наталья Морозова - Я практикующий амбассадор - 2024-01-28",
    "action_flag": 2,
    "change_message": "[{\"changed\": {\"fields\": [\"\\u0414\\u0430\\u0442\\u0430 \\u043f\\u043e\\u043b\\u0443\\u0447\\u0435\\u043d\\u0438\\u044f \\u0430\\u0447\\u0438\\u0432\\u043a\\u0438\"]}}]"
  }
},
{
  "model": "admin.logentry",
  "pk": 425,
  "fields": {
    "action_time": "2024-03-03T17:13:45.275Z",
    "user": 3,
    "content_type": 32,
    "object_id": "60bca211-9776-49b0-b27c-d7dc7a8cd997",
    "object_repr": "Александр Волков - 98db917f-c076-470d-a8b3-5ef712616d89 - 2023-12-18",
    "action_flag": 2,
    "change_message": "[{\"changed\": {\"fields\": [\"\\u0414\\u0430\\u0442\\u0430 \\u043e\\u0442\\u0447\\u0435\\u0442\\u0430\"]}}]"
  }
},
{
  "model": "admin.logentry",
  "pk": 426,
  "fields": {
    "action_time": "2024-03-03T17:14:30.843Z",
    "user": 3,
    "content_type": 32,
    "object_id": "16c4ec33-3168-454b-87ce-01dc1e06a2e1",
    "object_repr": "Александр Волков - 7aca76fc-9c01-4ddc-8b60-d0123aee9803 - 2024-01-26",
    "action_flag": 2,
    "change_message": "[{\"changed\": {\"fields\": [\"\\u0414\\u0430\\u0442\\u0430 \\u043e\\u0442\\u0447\\u0435\\u0442\\u0430\"]}}]"
  }
},
{
  "model": "admin.logentry",
  "pk": 427,
  "fields": {
    "action_time": "2024-03-03T17:15:07.203Z",
    "user": 3,
    "content_type": 28,
    "object_id": "c685626e-c217-43ca-969b-87a206fa0a2f",
    "object_repr": "Александр Волков - Я практикующий амбассадор - 2024-01-27",
    "action_flag": 2,
    "change_message": "[{\"changed\": {\"fields\": [\"\\u0414\\u0430\\u0442\\u0430 \\u043f\\u043e\\u043b\\u0443\\u0447\\u0435\\u043d\\u0438\\u044f \\u0430\\u0447\\u0438\\u0432\\u043a\\u0438\"]}}]"
  }
},
{
  "model": "admin.logentry",
  "pk": 428,
  "fields": {
    "action_time": "2024-03-03T17:16:34.642Z",
    "user": 3,
    "content_type": 32,
    "object_id": "d2057984-0e1f-4442-92f6-c5371858e5db",
    "object_repr": "Игорь Ленц - 98db917f-c076-470d-a8b3-5ef712616d89 - 2023-10-12",
    "action_flag": 2,
    "change_message": "[{\"changed\": {\"fields\": [\"\\u0414\\u0430\\u0442\\u0430 \\u043e\\u0442\\u0447\\u0435\\u0442\\u0430\"]}}]"
  }
},
{
  "model": "admin.logentry",
  "pk": 429,
  "fields": {
    "action_time": "2024-03-03T17:17:18.798Z",
    "user": 3,
    "content_type": 32,
    "object_id": "a07dd6eb-a4e4-4d59-9071-18d64dc4f714",
    "object_repr": "Игорь Ленц - 7aca76fc-9c01-4ddc-8b60-d0123aee9803 - 2023-11-02",
    "action_flag": 2,
    "change_message": "[{\"changed\": {\"fields\": [\"\\u0414\\u0430\\u0442\\u0430 \\u043e\\u0442\\u0447\\u0435\\u0442\\u0430\"]}}]"
  }
},
{
  "model": "admin.logentry",
  "pk": 430,
  "fields": {
    "action_time": "2024-03-03T17:17:54.386Z",
    "user": 3,
    "content_type": 28,
    "object_id": "836bedba-07b9-4545-88ca-9d58efcdd39e",
    "object_repr": "Игорь Ленц - Я практикующий амбассадор - 2023-11-04",
    "action_flag": 2,
    "change_message": "[{\"changed\": {\"fields\": [\"\\u0414\\u0430\\u0442\\u0430 \\u043f\\u043e\\u043b\\u0443\\u0447\\u0435\\u043d\\u0438\\u044f \\u0430\\u0447\\u0438\\u0432\\u043a\\u0438\"]}}]"
  }
},
{
  "model": "admin.logentry",
  "pk": 431,
  "fields": {
    "action_time": "2024-03-03T17:19:33.627Z",
    "user": 3,
    "content_type": 32,
    "object_id": "3e87769c-ffa6-4c41-b28f-060c9a6f9641",
    "object_repr": "Инесса Залужная - 7aca76fc-9c01-4ddc-8b60-d0123aee9803 - 2023-10-27",
    "action_flag": 2,
    "change_message": "[{\"changed\": {\"fields\": [\"\\u0414\\u0430\\u0442\\u0430 \\u043e\\u0442\\u0447\\u0435\\u0442\\u0430\"]}}]"
  }
},
{
  "model": "admin.logentry",
  "pk": 432,
  "fields": {
    "action_time": "2024-03-03T17:20:19.344Z",
    "user": 3,
    "content_type": 32,
    "object_id": "3d2ac8a0-4eac-439a-94f5-65dd871bb217",
    "object_repr": "Инесса Залужная - 7aca76fc-9c01-4ddc-8b60-d0123aee9803 - 2023-11-18",
    "action_flag": 2,
    "change_message": "[{\"changed\": {\"fields\": [\"\\u0414\\u0430\\u0442\\u0430 \\u043e\\u0442\\u0447\\u0435\\u0442\\u0430\"]}}]"
  }
},
{
  "model": "admin.logentry",
  "pk": 433,
  "fields": {
    "action_time": "2024-03-03T17:20:49.290Z",
    "user": 3,
    "content_type": 28,
    "object_id": "8008cd3b-4b8f-4847-a1ac-80d89ab47bef",
    "object_repr": "Инесса Залужная - Я практикующий амбассадор - 2023-11-20",
    "action_flag": 2,
    "change_message": "[{\"changed\": {\"fields\": [\"\\u0414\\u0430\\u0442\\u0430 \\u043f\\u043e\\u043b\\u0443\\u0447\\u0435\\u043d\\u0438\\u044f \\u0430\\u0447\\u0438\\u0432\\u043a\\u0438\"]}}]"
  }
},
{
  "model": "admin.logentry",
  "pk": 434,
  "fields": {
    "action_time": "2024-03-03T17:23:02.611Z",
    "user": 3,
    "content_type": 32,
    "object_id": "071f95c4-6c87-4231-b2c6-67885a25a412",
    "object_repr": "Вадим Петров - 7aca76fc-9c01-4ddc-8b60-d0123aee9803 - 2024-02-10",
    "action_flag": 2,
    "change_message": "[{\"changed\": {\"fields\": [\"\\u0414\\u0430\\u0442\\u0430 \\u043e\\u0442\\u0447\\u0435\\u0442\\u0430\"]}}]"
  }
},
{
  "model": "admin.logentry",
  "pk": 435,
  "fields": {
    "action_time": "2024-03-03T17:23:50.078Z",
    "user": 3,
    "content_type": 28,
    "object_id": "6ef81356-3d56-4556-95e6-077020bda92e",
    "object_repr": "Вадим Петров - Я практикующий амбассадор - 2024-02-11",
    "action_flag": 2,
    "change_message": "[{\"changed\": {\"fields\": [\"\\u0414\\u0430\\u0442\\u0430 \\u043f\\u043e\\u043b\\u0443\\u0447\\u0435\\u043d\\u0438\\u044f \\u0430\\u0447\\u0438\\u0432\\u043a\\u0438\"]}}]"
  }
},
{
  "model": "admin.logentry",
  "pk": 436,
  "fields": {
    "action_time": "2024-03-03T17:24:59.345Z",
    "user": 3,
    "content_type": 32,
    "object_id": "031e7827-586b-4455-8922-8fbee6e5536a",
    "object_repr": "Степан Каверин - c182b0b0-6bf2-4efa-8f08-bddeaf3cf1dc - 2024-02-16",
    "action_flag": 2,
    "change_message": "[{\"changed\": {\"fields\": [\"\\u0414\\u0430\\u0442\\u0430 \\u043e\\u0442\\u0447\\u0435\\u0442\\u0430\"]}}]"
  }
},
{
  "model": "admin.logentry",
  "pk": 437,
  "fields": {
    "action_time": "2024-03-03T17:25:35.455Z",
    "user": 3,
    "content_type": 32,
    "object_id": "1742f0d7-5c3e-43d5-bf57-3c5b71ae263f",
    "object_repr": "Елена Смирнова-Расколбасова - 7d071f6c-0545-401a-ba9f-841b77d06168 - 2024-02-07",
    "action_flag": 2,
    "change_message": "[{\"changed\": {\"fields\": [\"\\u0414\\u0430\\u0442\\u0430 \\u043e\\u0442\\u0447\\u0435\\u0442\\u0430\"]}}]"
  }
},
{
  "model": "admin.logentry",
  "pk": 438,
  "fields": {
    "action_time": "2024-03-03T17:26:07.586Z",
    "user": 3,
    "content_type": 32,
    "object_id": "136b5716-d453-4f63-8648-bd703d78048b",
    "object_repr": "Александр Чугунов - 8506be40-076c-4d1b-ae6f-4f4a5cd687f7 - 2024-02-29",
    "action_flag": 2,
    "change_message": "[{\"changed\": {\"fields\": [\"\\u0414\\u0430\\u0442\\u0430 \\u043e\\u0442\\u0447\\u0435\\u0442\\u0430\"]}}]"
  }
},
{
  "model": "admin.logentry",
  "pk": 439,
  "fields": {
    "action_time": "2024-03-03T17:26:46.387Z",
    "user": 3,
    "content_type": 32,
    "object_id": "2f33787f-9401-4135-b7aa-ec2044a95f78",
    "object_repr": "Антон Субботин - d25382de-51b1-4973-9057-7bae38dbf0f6 - 2024-02-11",
    "action_flag": 2,
    "change_message": "[{\"changed\": {\"fields\": [\"\\u0414\\u0430\\u0442\\u0430 \\u043e\\u0442\\u0447\\u0435\\u0442\\u0430\"]}}]"
  }
},
{
  "model": "admin.logentry",
  "pk": 440,
  "fields": {
    "action_time": "2024-03-03T17:30:42.853Z",
    "user": 3,
    "content_type": 32,
    "object_id": "51d5d212-0b31-4637-a9c8-ed9c3282c672",
    "object_repr": "Иван Смирнов - f422f19c-a007-4153-afc8-cda8ea9efafc - 2023-10-27",
    "action_flag": 2,
    "change_message": "[{\"changed\": {\"fields\": [\"\\u0414\\u0430\\u0442\\u0430 \\u043e\\u0442\\u0447\\u0435\\u0442\\u0430\", \"\\u041d\\u0430\\u0447\\u0438\\u043d\\u0430\\u044e\\u0449\\u0438\\u0439 \\u0430\\u043c\\u0431\\u0430\\u0441\\u0441\\u0430\\u0434\\u043e\\u0440?\"]}}]"
  }
},
{
  "model": "admin.logentry",
  "pk": 441,
  "fields": {
    "action_time": "2024-03-03T17:31:24.934Z",
    "user": 3,
    "content_type": 32,
    "object_id": "7a05f279-2fd0-4294-894e-3ddf33937f3c",
    "object_repr": "Иван Смирнов - 7aca76fc-9c01-4ddc-8b60-d0123aee9803 - 2023-11-18",
    "action_flag": 2,
    "change_message": "[{\"changed\": {\"fields\": [\"\\u0414\\u0430\\u0442\\u0430 \\u043e\\u0442\\u0447\\u0435\\u0442\\u0430\"]}}]"
  }
},
{
  "model": "admin.logentry",
  "pk": 442,
  "fields": {
    "action_time": "2024-03-03T17:32:09.791Z",
    "user": 3,
    "content_type": 32,
    "object_id": "2d533673-e82d-4c83-81fa-021066dd59f3",
    "object_repr": "Иван Смирнов - 7aca76fc-9c01-4ddc-8b60-d0123aee9803 - 2023-12-15",
    "action_flag": 2,
    "change_message": "[{\"changed\": {\"fields\": [\"\\u0414\\u0430\\u0442\\u0430 \\u043e\\u0442\\u0447\\u0435\\u0442\\u0430\"]}}]"
  }
},
{
  "model": "admin.logentry",
  "pk": 443,
  "fields": {
    "action_time": "2024-03-03T17:32:49.596Z",
    "user": 3,
    "content_type": 28,
    "object_id": "6009cc63-f30d-4f34-8ef5-97a54b24a3c2",
    "object_repr": "Иван Смирнов - Я практикующий амбассадор - 2023-12-22",
    "action_flag": 2,
    "change_message": "[{\"changed\": {\"fields\": [\"\\u0414\\u0430\\u0442\\u0430 \\u043f\\u043e\\u043b\\u0443\\u0447\\u0435\\u043d\\u0438\\u044f \\u0430\\u0447\\u0438\\u0432\\u043a\\u0438\"]}}]"
  }
},
{
  "model": "admin.logentry",
  "pk": 444,
  "fields": {
    "action_time": "2024-03-03T17:34:04.321Z",
    "user": 3,
    "content_type": 32,
    "object_id": "3508e945-9e02-456d-a230-410e87520dfb",
    "object_repr": "Марина Петрова - 7d071f6c-0545-401a-ba9f-841b77d06168 - 2023-12-15",
    "action_flag": 2,
    "change_message": "[{\"changed\": {\"fields\": [\"\\u0414\\u0430\\u0442\\u0430 \\u043e\\u0442\\u0447\\u0435\\u0442\\u0430\"]}}]"
  }
},
{
  "model": "admin.logentry",
  "pk": 445,
  "fields": {
    "action_time": "2024-03-03T17:34:36.384Z",
    "user": 3,
    "content_type": 32,
    "object_id": "49d51417-5778-4411-867c-c8d496590c72",
    "object_repr": "Марина Петрова - 98db917f-c076-470d-a8b3-5ef712616d89 - 2024-01-15",
    "action_flag": 2,
    "change_message": "[{\"changed\": {\"fields\": [\"\\u0414\\u0430\\u0442\\u0430 \\u043e\\u0442\\u0447\\u0435\\u0442\\u0430\"]}}]"
  }
},
{
  "model": "admin.logentry",
  "pk": 446,
  "fields": {
    "action_time": "2024-03-03T17:35:17.557Z",
    "user": 3,
    "content_type": 32,
    "object_id": "3a0e9f3e-abe3-44e9-a9b6-682f46ecfe9e",
    "object_repr": "Марина Петрова - 7aca76fc-9c01-4ddc-8b60-d0123aee9803 - 2024-02-12",
    "action_flag": 2,
    "change_message": "[{\"changed\": {\"fields\": [\"\\u0414\\u0430\\u0442\\u0430 \\u043e\\u0442\\u0447\\u0435\\u0442\\u0430\"]}}]"
  }
},
{
  "model": "admin.logentry",
  "pk": 447,
  "fields": {
    "action_time": "2024-03-03T17:36:52.228Z",
    "user": 3,
    "content_type": 32,
    "object_id": "f7961842-55a4-4c1e-8162-598f384a7abc",
    "object_repr": "Денис Иванов - 7aca76fc-9c01-4ddc-8b60-d0123aee9803 - 2023-04-03",
    "action_flag": 2,
    "change_message": "[{\"changed\": {\"fields\": [\"\\u0414\\u0430\\u0442\\u0430 \\u043e\\u0442\\u0447\\u0435\\u0442\\u0430\"]}}]"
  }
},
{
  "model": "admin.logentry",
  "pk": 448,
  "fields": {
    "action_time": "2024-03-03T17:38:32.184Z",
    "user": 3,
    "content_type": 32,
    "object_id": "3af8b88d-0f81-4718-b8a4-e34d2f899cfa",
    "object_repr": "Денис Иванов - be45c174-d516-4c0b-b4cc-b38d1d2e39d3 - 2023-05-03",
    "action_flag": 2,
    "change_message": "[{\"changed\": {\"fields\": [\"\\u0414\\u0430\\u0442\\u0430 \\u043e\\u0442\\u0447\\u0435\\u0442\\u0430\"]}}]"
  }
},
{
  "model": "admin.logentry",
  "pk": 449,
  "fields": {
    "action_time": "2024-03-03T17:39:19.338Z",
    "user": 3,
    "content_type": 32,
    "object_id": "2368c69e-2cc4-41cb-a7ef-8bac4bbdf404",
    "object_repr": "Денис Иванов - fb04f0b5-c3e1-466a-8c47-1782b959f768 - 2023-06-01",
    "action_flag": 2,
    "change_message": "[{\"changed\": {\"fields\": [\"\\u0414\\u0430\\u0442\\u0430 \\u043e\\u0442\\u0447\\u0435\\u0442\\u0430\"]}}]"
  }
},
{
  "model": "admin.logentry",
  "pk": 450,
  "fields": {
    "action_time": "2024-03-03T17:39:54.640Z",
    "user": 3,
    "content_type": 32,
    "object_id": "1b094cd9-c909-4718-ac25-b52993b708a1",
    "object_repr": "Денис Иванов - 7aca76fc-9c01-4ddc-8b60-d0123aee9803 - 2023-07-12",
    "action_flag": 2,
    "change_message": "[{\"changed\": {\"fields\": [\"\\u0414\\u0430\\u0442\\u0430 \\u043e\\u0442\\u0447\\u0435\\u0442\\u0430\"]}}]"
  }
},
{
  "model": "admin.logentry",
  "pk": 451,
  "fields": {
    "action_time": "2024-03-03T17:41:16.818Z",
    "user": 3,
    "content_type": 32,
    "object_id": "2d172d2b-dc4a-4332-9877-f67c5d1e6a12",
    "object_repr": "Михаил Василевский - 1287a70f-5197-40c9-bb08-914f6aaa49b6 - 2023-02-15",
    "action_flag": 2,
    "change_message": "[{\"changed\": {\"fields\": [\"\\u0414\\u0430\\u0442\\u0430 \\u043e\\u0442\\u0447\\u0435\\u0442\\u0430\"]}}]"
  }
},
{
  "model": "admin.logentry",
  "pk": 452,
  "fields": {
    "action_time": "2024-03-03T17:43:28.211Z",
    "user": 3,
    "content_type": 32,
    "object_id": "15919d2a-98f8-43b9-948a-9fc447517297",
    "object_repr": "Михаил Василевский - 7aca76fc-9c01-4ddc-8b60-d0123aee9803 - 2023-03-06",
    "action_flag": 2,
    "change_message": "[{\"changed\": {\"fields\": [\"\\u0414\\u0430\\u0442\\u0430 \\u043e\\u0442\\u0447\\u0435\\u0442\\u0430\"]}}]"
  }
},
{
  "model": "admin.logentry",
  "pk": 453,
  "fields": {
    "action_time": "2024-03-03T17:45:00.123Z",
    "user": 3,
    "content_type": 32,
    "object_id": "1271a427-3fbf-48c2-8a7e-dd04aaa6da65",
    "object_repr": "Михаил Василевский - fb04f0b5-c3e1-466a-8c47-1782b959f768 - 2023-04-07",
    "action_flag": 2,
    "change_message": "[{\"changed\": {\"fields\": [\"\\u0414\\u0430\\u0442\\u0430 \\u043e\\u0442\\u0447\\u0435\\u0442\\u0430\", \"\\u041d\\u0430\\u0447\\u0438\\u043d\\u0430\\u044e\\u0449\\u0438\\u0439 \\u0430\\u043c\\u0431\\u0430\\u0441\\u0441\\u0430\\u0434\\u043e\\u0440?\"]}}]"
  }
},
{
  "model": "admin.logentry",
  "pk": 454,
  "fields": {
    "action_time": "2024-03-03T17:46:16.805Z",
    "user": 3,
    "content_type": 32,
    "object_id": "4ea715fb-f178-414f-bc72-45a14148a546",
    "object_repr": "Михаил Василевский - be45c174-d516-4c0b-b4cc-b38d1d2e39d3 - 2023-05-08",
    "action_flag": 2,
    "change_message": "[{\"changed\": {\"fields\": [\"\\u0414\\u0430\\u0442\\u0430 \\u043e\\u0442\\u0447\\u0435\\u0442\\u0430\"]}}]"
  }
},
{
  "model": "admin.logentry",
  "pk": 455,
  "fields": {
    "action_time": "2024-03-03T17:46:49.750Z",
    "user": 3,
    "content_type": 32,
    "object_id": "7c122a22-d7ff-476c-b8d6-74081a240066",
    "object_repr": "Михаил Василевский - 7aca76fc-9c01-4ddc-8b60-d0123aee9803 - 2023-06-15",
    "action_flag": 2,
    "change_message": "[{\"changed\": {\"fields\": [\"\\u0414\\u0430\\u0442\\u0430 \\u043e\\u0442\\u0447\\u0435\\u0442\\u0430\"]}}]"
  }
},
{
  "model": "admin.logentry",
  "pk": 456,
  "fields": {
    "action_time": "2024-03-03T17:59:06.826Z",
    "user": 3,
    "content_type": 24,
    "object_id": "000add1e-695d-4b13-b4f7-2a47bda9a727",
    "object_repr": "на подтверждении адреса",
    "action_flag": 1,
    "change_message": "[{\"added\": {}}]"
  }
},
{
  "model": "admin.logentry",
  "pk": 457,
  "fields": {
    "action_time": "2024-03-03T17:59:45.331Z",
    "user": 3,
    "content_type": 24,
    "object_id": "0d9dd2bc-8b74-4dc5-a304-16b7594d6fc7",
    "object_repr": "адрес подтвержден",
    "action_flag": 1,
    "change_message": "[{\"added\": {}}]"
  }
},
{
  "model": "admin.logentry",
  "pk": 458,
  "fields": {
    "action_time": "2024-03-03T17:59:59.158Z",
    "user": 3,
    "content_type": 24,
    "object_id": "7125b0f5-7a15-440d-8d0f-89e96b0af103",
    "object_repr": "мерч направлен",
    "action_flag": 1,
    "change_message": "[{\"added\": {}}]"
  }
},
{
  "model": "admin.logentry",
  "pk": 459,
  "fields": {
    "action_time": "2024-03-03T18:08:03.611Z",
    "user": 3,
    "content_type": 22,
    "object_id": "86e9678b-b684-456f-a7be-e4c790c08356",
    "object_repr": "365234 - Россия -  -  - г. Москва - пр-кт Мира - 3А -  - 15",
    "action_flag": 1,
    "change_message": "[{\"added\": {}}]"
  }
},
{
  "model": "admin.logentry",
  "pk": 460,
  "fields": {
    "action_time": "2024-03-03T18:08:19.063Z",
    "user": 3,
    "content_type": 22,
    "object_id": "fc8a09a1-50d1-4819-b387-f4bb0feb4762",
    "object_repr": "365234 - Россия -  -  - г. Москва - пр-кт Мира - 3А -  - 15",
    "action_flag": 1,
    "change_message": "[{\"added\": {}}]"
  }
},
{
  "model": "admin.logentry",
  "pk": 461,
  "fields": {
    "action_time": "2024-03-03T18:08:19.920Z",
    "user": 3,
    "content_type": 22,
    "object_id": "582a2a36-4ca8-4632-a315-100b3ccc1f50",
    "object_repr": "365234 - Россия -  -  - г. Москва - пр-кт Мира - 3А -  - 15",
    "action_flag": 1,
    "change_message": "[{\"added\": {}}]"
  }
},
{
  "model": "admin.logentry",
  "pk": 462,
  "fields": {
    "action_time": "2024-03-03T18:09:54.956Z",
    "user": 3,
    "content_type": 22,
    "object_id": "2a9ea228-ab07-4f19-abdc-7fc10f0c106a",
    "object_repr": "187110 - Россия -  -  - г. Москва - ул. Маршала Жукова - 3А -  - 15",
    "action_flag": 1,
    "change_message": "[{\"added\": {}}]"
  }
},
{
  "model": "admin.logentry",
  "pk": 463,
  "fields": {
    "action_time": "2024-03-03T18:10:47.335Z",
    "user": 3,
    "content_type": 22,
    "object_id": "0912d3be-e19c-4f92-ba5d-6d9a7875b2cc",
    "object_repr": "658254 - Россия -  -  - г. Москва - ул. Ленина - 1 - 2 - 56",
    "action_flag": 1,
    "change_message": "[{\"added\": {}}]"
  }
},
{
  "model": "admin.logentry",
  "pk": 464,
  "fields": {
    "action_time": "2024-03-03T18:11:54.862Z",
    "user": 3,
    "content_type": 22,
    "object_id": "b410f272-f13d-4181-bc42-32fbecbfba4d",
    "object_repr": "626156 - Россия - Тюменская область -  - г. Тобольск - ул. Ленина - 2 -  - 45",
    "action_flag": 1,
    "change_message": "[{\"added\": {}}]"
  }
},
{
  "model": "admin.logentry",
  "pk": 465,
  "fields": {
    "action_time": "2024-03-03T18:12:48.537Z",
    "user": 3,
    "content_type": 22,
    "object_id": "02931534-ba0f-4975-8dd4-8675be72513c",
    "object_repr": "103274 - Россия -  -  - г. Москва - ул. Строителей - 7 -  - 25",
    "action_flag": 1,
    "change_message": "[{\"added\": {}}]"
  }
},
{
  "model": "admin.logentry",
  "pk": 466,
  "fields": {
    "action_time": "2024-03-03T18:13:54.265Z",
    "user": 3,
    "content_type": 22,
    "object_id": "e07ebc47-89c7-4906-a927-db58ed5fd29e",
    "object_repr": "123456 - Россия - Ленинградская -  - г. Волхов - ул. Садовая - 3 -  - 5",
    "action_flag": 1,
    "change_message": "[{\"added\": {}}]"
  }
},
{
  "model": "admin.logentry",
  "pk": 467,
  "fields": {
    "action_time": "2024-03-03T18:15:09.940Z",
    "user": 3,
    "content_type": 26,
    "object_id": "24048470-4aba-4cf4-a526-994a3c1e382d",
    "object_repr": "Толстовка - мерч направлен",
    "action_flag": 1,
    "change_message": "[{\"added\": {}}]"
  }
},
{
  "model": "admin.logentry",
  "pk": 468,
  "fields": {
    "action_time": "2024-03-03T18:16:57.558Z",
    "user": 3,
    "content_type": 21,
    "object_id": "756ebaea-c64d-45f8-8afc-343819e6b5f4",
    "object_repr": "Елена Смирнова-Расколбасова - Толстовка - мерч направлен",
    "action_flag": 1,
    "change_message": "[{\"added\": {}}]"
  }
},
{
  "model": "admin.logentry",
  "pk": 469,
  "fields": {
    "action_time": "2024-03-03T18:19:32.746Z",
    "user": 3,
    "content_type": 22,
    "object_id": "86e9678b-b684-456f-a7be-e4c790c08356",
    "object_repr": "365234 - Россия -  -  - г. Москва - пр-кт Мира - 45 -  - 25",
    "action_flag": 2,
    "change_message": "[{\"changed\": {\"fields\": [\"\\u0414\\u043e\\u043c\", \"\\u041a\\u0432\\u0430\\u0440\\u0442\\u0438\\u0440\\u0430\"]}}]"
  }
},
{
  "model": "admin.logentry",
  "pk": 470,
  "fields": {
    "action_time": "2024-03-04T02:28:57.123Z",
    "user": 3,
    "content_type": 8,
    "object_id": "4",
    "object_repr": "Борисова Анастасия None",
    "action_flag": 2,
    "change_message": "[{\"changed\": {\"fields\": [\"\\u0424\\u0430\\u043c\\u0438\\u043b\\u0438\\u044f\"]}}]"
  }
},
{
  "model": "admin.logentry",
  "pk": 471,
  "fields": {
    "action_time": "2024-03-04T12:27:27.148Z",
    "user": 3,
    "content_type": 26,
    "object_id": "24048470-4aba-4cf4-a526-994a3c1e382d",
    "object_repr": "Толстовка - мерч направлен",
    "action_flag": 2,
    "change_message": "[{\"changed\": {\"fields\": [\"\\u0410\\u0434\\u0440\\u0435\\u0441 \\u0434\\u043e\\u0441\\u0442\\u0430\\u0432\\u043a\\u0438\"]}}]"
  }
},
{
  "model": "admin.logentry",
  "pk": 472,
  "fields": {
    "action_time": "2024-03-04T12:28:53.140Z",
    "user": 3,
    "content_type": 22,
    "object_id": "fc8a09a1-50d1-4819-b387-f4bb0feb4762",
    "object_repr": "365234 - Россия -  -  - г. Москва - пр-кт Мира - 3А -  - 15",
    "action_flag": 3,
    "change_message": ""
  }
},
{
  "model": "admin.logentry",
  "pk": 473,
  "fields": {
    "action_time": "2024-03-04T12:29:15.005Z",
    "user": 3,
    "content_type": 22,
    "object_id": "582a2a36-4ca8-4632-a315-100b3ccc1f50",
    "object_repr": "365234 - Россия -  -  - г. Москва - пр-кт Мира - 3А -  - 15",
    "action_flag": 3,
    "change_message": ""
  }
},
{
  "model": "admin.logentry",
  "pk": 474,
  "fields": {
    "action_time": "2024-03-04T12:54:49.676Z",
    "user": 3,
    "content_type": 22,
    "object_id": "475266a0-5b9a-40cf-a806-72ff5a79b690",
    "object_repr": "105081 - Россия -  -  - г. Москва - пр-д Северный - 2 - 3 - 75",
    "action_flag": 1,
    "change_message": "[{\"added\": {}}]"
  }
},
{
  "model": "admin.logentry",
  "pk": 475,
  "fields": {
    "action_time": "2024-03-04T12:56:09.394Z",
    "user": 3,
    "content_type": 22,
    "object_id": "9fc8dd41-21b7-4fa9-93f7-7a6cc19b39d9",
    "object_repr": "105077 - Россия -  -  - г. Москва - переулок Зелёный - 5 -  - 12",
    "action_flag": 1,
    "change_message": "[{\"added\": {}}]"
  }
},
{
  "model": "admin.logentry",
  "pk": 476,
  "fields": {
    "action_time": "2024-03-04T12:57:19.548Z",
    "user": 3,
    "content_type": 22,
    "object_id": "1a739930-60c2-44b3-867a-5acb97344bf8",
    "object_repr": "105077 - Россия -  -  - г. Москва - Пролетарская - 45 -  - 89",
    "action_flag": 1,
    "change_message": "[{\"added\": {}}]"
  }
},
{
  "model": "admin.logentry",
  "pk": 477,
  "fields": {
    "action_time": "2024-03-04T12:58:35.158Z",
    "user": 3,
    "content_type": 22,
    "object_id": "f019cfd5-caa9-4ebb-861a-ad6cfb595ff6",
    "object_repr": "103132 - Россия -  -  - г. Москва - Парковая - 64 -  - 54",
    "action_flag": 1,
    "change_message": "[{\"added\": {}}]"
  }
},
{
  "model": "admin.logentry",
  "pk": 478,
  "fields": {
    "action_time": "2024-03-04T12:58:52.408Z",
    "user": 3,
    "content_type": 22,
    "object_id": "1a739930-60c2-44b3-867a-5acb97344bf8",
    "object_repr": "105077 - Россия -  -  - г. Москва - ул. Пролетарская - 45 -  - 89",
    "action_flag": 2,
    "change_message": "[{\"changed\": {\"fields\": [\"\\u0423\\u043b\\u0438\\u0446\\u0430\"]}}]"
  }
},
{
  "model": "admin.logentry",
  "pk": 479,
  "fields": {
    "action_time": "2024-03-04T12:59:05.663Z",
    "user": 3,
    "content_type": 22,
    "object_id": "f019cfd5-caa9-4ebb-861a-ad6cfb595ff6",
    "object_repr": "103132 - Россия -  -  - г. Москва - ул. Парковая - 64 -  - 54",
    "action_flag": 2,
    "change_message": "[{\"changed\": {\"fields\": [\"\\u0423\\u043b\\u0438\\u0446\\u0430\"]}}]"
  }
},
{
  "model": "admin.logentry",
  "pk": 480,
  "fields": {
    "action_time": "2024-03-04T12:59:56.402Z",
    "user": 3,
    "content_type": 22,
    "object_id": "f2053969-4788-41ed-9836-ecd7ff00c0e9",
    "object_repr": "105081 - Россия -  -  - г. Москва - пр-д Лесной - 3 -  - 45",
    "action_flag": 1,
    "change_message": "[{\"added\": {}}]"
  }
},
{
  "model": "admin.logentry",
  "pk": 481,
  "fields": {
    "action_time": "2024-03-04T13:01:04.580Z",
    "user": 3,
    "content_type": 22,
    "object_id": "2b636653-1780-45bc-9ea1-8c794ab48095",
    "object_repr": "103132 - Россия -  -  - г. Москва - ул. Цветочная - 45А - 1 - 42",
    "action_flag": 1,
    "change_message": "[{\"added\": {}}]"
  }
},
{
  "model": "admin.logentry",
  "pk": 482,
  "fields": {
    "action_time": "2024-03-04T13:02:00.079Z",
    "user": 3,
    "content_type": 22,
    "object_id": "0594fff4-65d6-432d-8902-280a3c8fcef4",
    "object_repr": "103132 - Россия -  -  - г. Москва - переулок Зелёный - 25 -  - 28",
    "action_flag": 1,
    "change_message": "[{\"added\": {}}]"
  }
},
{
  "model": "admin.logentry",
  "pk": 483,
  "fields": {
    "action_time": "2024-03-04T13:02:45.160Z",
    "user": 3,
    "content_type": 22,
    "object_id": "ea4f8b80-95c4-4d84-b395-b73e8da9d90d",
    "object_repr": "105037 - Россия -  -  - г. Москва - шоссе Энтузиастов - 13 -  - 5",
    "action_flag": 1,
    "change_message": "[{\"added\": {}}]"
  }
},
{
  "model": "admin.logentry",
  "pk": 484,
  "fields": {
    "action_time": "2024-03-04T13:03:33.135Z",
    "user": 3,
    "content_type": 22,
    "object_id": "b5c8b180-afe9-4f9c-8cef-8ba4ebd6d94a",
    "object_repr": "105081 - Россия -  -  - г. Москва - проезд Северный - 5 -  - 2",
    "action_flag": 1,
    "change_message": "[{\"added\": {}}]"
  }
},
{
  "model": "admin.logentry",
  "pk": 485,
  "fields": {
    "action_time": "2024-03-04T13:06:36.721Z",
    "user": 3,
    "content_type": 22,
    "object_id": "5c0ee7ea-257d-47d3-8616-e481c0960ffd",
    "object_repr": "105077 - Россия -  -  - г. Москва - бульвар Солнечный - 6Б -  - 45",
    "action_flag": 1,
    "change_message": "[{\"added\": {}}]"
  }
},
{
  "model": "admin.logentry",
  "pk": 486,
  "fields": {
    "action_time": "2024-03-04T13:07:33.776Z",
    "user": 3,
    "content_type": 22,
    "object_id": "1e70c1c5-e2c8-4ea3-b7ad-c21229626a3f",
    "object_repr": "105081 - Россия -  -  - г. Москва - аллея Сиреневая - 7 -  - 7",
    "action_flag": 1,
    "change_message": "[{\"added\": {}}]"
  }
},
{
  "model": "admin.logentry",
  "pk": 487,
  "fields": {
    "action_time": "2024-03-04T13:08:15.714Z",
    "user": 3,
    "content_type": 22,
    "object_id": "e0f176f7-6b1a-4827-bc34-71fc25375785",
    "object_repr": "105037 - Россия -  -  - г. Москва - наб. Речная - 5 - 3 - 85",
    "action_flag": 1,
    "change_message": "[{\"added\": {}}]"
  }
},
{
  "model": "admin.logentry",
  "pk": 488,
  "fields": {
    "action_time": "2024-03-04T13:08:52.682Z",
    "user": 3,
    "content_type": 22,
    "object_id": "d9a763fb-769d-4316-b83f-d0e89d7ef599",
    "object_repr": "103132 - Россия -  -  - г. Москва - ш. Шоссейное - 6 -  - 8",
    "action_flag": 1,
    "change_message": "[{\"added\": {}}]"
  }
},
{
  "model": "admin.logentry",
  "pk": 489,
  "fields": {
    "action_time": "2024-03-04T13:09:30.555Z",
    "user": 3,
    "content_type": 22,
    "object_id": "0d346b2a-fc53-4a22-bc4c-7ff9a0ee3e26",
    "object_repr": "105077 - Россия -  -  - г. Москва - пл. Торговая - 7 -  - 5",
    "action_flag": 1,
    "change_message": "[{\"added\": {}}]"
  }
},
{
  "model": "admin.logentry",
  "pk": 490,
  "fields": {
    "action_time": "2024-03-04T13:10:09.884Z",
    "user": 3,
    "content_type": 22,
    "object_id": "5c76bc91-cb9c-4854-b528-9a156598bcc8",
    "object_repr": "187015 - Россия -  -  - г. Санкт-Петербург - ул. Уточкина - 13 -  - 35",
    "action_flag": 1,
    "change_message": "[{\"added\": {}}]"
  }
},
{
  "model": "admin.logentry",
  "pk": 491,
  "fields": {
    "action_time": "2024-03-04T13:10:43.846Z",
    "user": 3,
    "content_type": 22,
    "object_id": "6a422c9c-f9e7-4a19-91d0-120e4f3c3a83",
    "object_repr": "630001 - Россия -  -  - г. Новосибирск - пр-т Ленина - 118 -  - 53",
    "action_flag": 1,
    "change_message": "[{\"added\": {}}]"
  }
},
{
  "model": "admin.logentry",
  "pk": 492,
  "fields": {
    "action_time": "2024-03-04T13:11:27.648Z",
    "user": 3,
    "content_type": 22,
    "object_id": "44efa017-52c6-4309-bba9-d0986c6bdb95",
    "object_repr": "353417 - Россия - Краснодарский край -  - г. Анапа - ул. Солнечная - 13 -  - ",
    "action_flag": 1,
    "change_message": "[{\"added\": {}}]"
  }
},
{
  "model": "admin.logentry",
  "pk": 493,
  "fields": {
    "action_time": "2024-03-04T13:12:14.963Z",
    "user": 3,
    "content_type": 22,
    "object_id": "10664866-b8a1-4a6f-87da-0116da9d13b2",
    "object_repr": "344001 - Россия -  -  - г. Ростов-на-Дону - ул. Строителей - 78 -  - 3",
    "action_flag": 1,
    "change_message": "[{\"added\": {}}]"
  }
},
{
  "model": "admin.logentry",
  "pk": 494,
  "fields": {
    "action_time": "2024-03-04T13:12:58.823Z",
    "user": 3,
    "content_type": 22,
    "object_id": "2a4f6d40-52ac-4969-bce6-0f199f69b997",
    "object_repr": "454000 - Россия -  -  - г. Челябинск - ул. Чичерина - 35Б -  - 12",
    "action_flag": 1,
    "change_message": "[{\"added\": {}}]"
  }
},
{
  "model": "admin.logentry",
  "pk": 495,
  "fields": {
    "action_time": "2024-03-04T13:22:54.915Z",
    "user": 3,
    "content_type": 26,
    "object_id": "359f491c-cd88-4580-bd3c-28399957c92f",
    "object_repr": "Кофе - мерч направлен",
    "action_flag": 1,
    "change_message": "[{\"added\": {}}]"
  }
},
{
  "model": "admin.logentry",
  "pk": 496,
  "fields": {
    "action_time": "2024-03-04T13:26:46.200Z",
    "user": 3,
    "content_type": 26,
    "object_id": "b1dc924b-3e4b-42a7-9120-dc5a10c1253c",
    "object_repr": "Стикеры - мерч направлен",
    "action_flag": 1,
    "change_message": "[{\"added\": {}}]"
  }
},
{
  "model": "admin.logentry",
  "pk": 497,
  "fields": {
    "action_time": "2024-03-04T13:36:07.969Z",
    "user": 3,
    "content_type": 26,
    "object_id": "99db8365-ddfc-4e42-b9eb-ad7afed5632c",
    "object_repr": "Толстовка - мерч направлен",
    "action_flag": 1,
    "change_message": "[{\"added\": {}}]"
  }
},
{
  "model": "admin.logentry",
  "pk": 498,
  "fields": {
    "action_time": "2024-03-04T13:38:51.388Z",
    "user": 3,
    "content_type": 26,
    "object_id": "80c4b785-a68b-43e6-af67-01fbe911b321",
    "object_repr": "Кофе - мерч направлен",
    "action_flag": 1,
    "change_message": "[{\"added\": {}}]"
  }
},
{
  "model": "admin.logentry",
  "pk": 499,
  "fields": {
    "action_time": "2024-03-04T13:39:04.516Z",
    "user": 3,
    "content_type": 26,
    "object_id": "7e4950b9-890d-45aa-a4ec-d8e4ce118ae1",
    "object_repr": "Стикеры - мерч направлен",
    "action_flag": 1,
    "change_message": "[{\"added\": {}}]"
  }
},
{
  "model": "admin.logentry",
  "pk": 500,
  "fields": {
    "action_time": "2024-03-04T13:39:18.146Z",
    "user": 3,
    "content_type": 26,
    "object_id": "dcad7d61-2f9d-4082-b2dc-bd4f399d948e",
    "object_repr": "Толстовка - мерч направлен",
    "action_flag": 1,
    "change_message": "[{\"added\": {}}]"
  }
},
{
  "model": "admin.logentry",
  "pk": 501,
  "fields": {
    "action_time": "2024-03-04T13:39:46.024Z",
    "user": 3,
    "content_type": 26,
    "object_id": "61c3478e-dcca-4f05-bd6a-57ba0f1de725",
    "object_repr": "Толстовка - мерч направлен",
    "action_flag": 1,
    "change_message": "[{\"added\": {}}]"
  }
},
{
  "model": "admin.logentry",
  "pk": 502,
  "fields": {
    "action_time": "2024-03-04T13:40:00.837Z",
    "user": 3,
    "content_type": 26,
    "object_id": "497cfd67-a7da-4132-b830-11485c8d24d3",
    "object_repr": "Кофе - мерч направлен",
    "action_flag": 1,
    "change_message": "[{\"added\": {}}]"
  }
},
{
  "model": "admin.logentry",
  "pk": 503,
  "fields": {
    "action_time": "2024-03-04T13:40:13.903Z",
    "user": 3,
    "content_type": 26,
    "object_id": "e36d59d7-8bcb-45c3-a50a-476141676f69",
    "object_repr": "Стикеры - мерч направлен",
    "action_flag": 1,
    "change_message": "[{\"added\": {}}]"
  }
},
{
  "model": "admin.logentry",
  "pk": 504,
  "fields": {
    "action_time": "2024-03-04T13:40:43.806Z",
    "user": 3,
    "content_type": 26,
    "object_id": "b17f053f-2b3c-4b86-b9fc-687b880015c1",
    "object_repr": "Толстовка - мерч направлен",
    "action_flag": 1,
    "change_message": "[{\"added\": {}}]"
  }
},
{
  "model": "admin.logentry",
  "pk": 505,
  "fields": {
    "action_time": "2024-03-04T13:40:56.174Z",
    "user": 3,
    "content_type": 26,
    "object_id": "a33f04d3-57e2-4191-a9fe-82fcd3346a7b",
    "object_repr": "Кофе - мерч направлен",
    "action_flag": 1,
    "change_message": "[{\"added\": {}}]"
  }
},
{
  "model": "admin.logentry",
  "pk": 506,
  "fields": {
    "action_time": "2024-03-04T13:41:09.977Z",
    "user": 3,
    "content_type": 26,
    "object_id": "ac43461e-3903-425e-9b4c-aaffcc5b8b02",
    "object_repr": "Стикеры - мерч направлен",
    "action_flag": 1,
    "change_message": "[{\"added\": {}}]"
  }
},
{
  "model": "admin.logentry",
  "pk": 507,
  "fields": {
    "action_time": "2024-03-04T13:41:49.569Z",
    "user": 3,
    "content_type": 26,
    "object_id": "6e78019e-a3ab-474c-a36f-858ab026f1a0",
    "object_repr": "Толстовка - мерч направлен",
    "action_flag": 1,
    "change_message": "[{\"added\": {}}]"
  }
},
{
  "model": "admin.logentry",
  "pk": 508,
  "fields": {
    "action_time": "2024-03-04T13:42:02.731Z",
    "user": 3,
    "content_type": 26,
    "object_id": "5aaf3ed3-0dff-4538-b61e-5256cb752068",
    "object_repr": "Кофе - мерч направлен",
    "action_flag": 1,
    "change_message": "[{\"added\": {}}]"
  }
},
{
  "model": "admin.logentry",
  "pk": 509,
  "fields": {
    "action_time": "2024-03-04T13:42:14.287Z",
    "user": 3,
    "content_type": 26,
    "object_id": "f44c80e5-08d8-4188-8dd9-58316a5862c3",
    "object_repr": "Стикеры - мерч направлен",
    "action_flag": 1,
    "change_message": "[{\"added\": {}}]"
  }
},
{
  "model": "admin.logentry",
  "pk": 510,
  "fields": {
    "action_time": "2024-03-04T13:42:46.296Z",
    "user": 3,
    "content_type": 26,
    "object_id": "9386ff7f-50cf-4657-a4e0-8f981cddc187",
    "object_repr": "Толстовка - мерч направлен",
    "action_flag": 1,
    "change_message": "[{\"added\": {}}]"
  }
},
{
  "model": "admin.logentry",
  "pk": 511,
  "fields": {
    "action_time": "2024-03-04T13:42:58.515Z",
    "user": 3,
    "content_type": 26,
    "object_id": "285bbe8f-5968-4d62-830f-f31aba39f7bf",
    "object_repr": "Кофе - мерч направлен",
    "action_flag": 1,
    "change_message": "[{\"added\": {}}]"
  }
},
{
  "model": "admin.logentry",
  "pk": 512,
  "fields": {
    "action_time": "2024-03-04T13:43:11.158Z",
    "user": 3,
    "content_type": 26,
    "object_id": "fbb1462a-d9a7-4232-9a3c-10c9ebcaaf1f",
    "object_repr": "Стикеры - мерч направлен",
    "action_flag": 1,
    "change_message": "[{\"added\": {}}]"
  }
},
{
  "model": "admin.logentry",
  "pk": 513,
  "fields": {
    "action_time": "2024-03-04T13:44:14.834Z",
    "user": 3,
    "content_type": 26,
    "object_id": "7d7320d8-7479-45aa-8fa0-6fae70ccd3ef",
    "object_repr": "Толстовка - мерч направлен",
    "action_flag": 1,
    "change_message": "[{\"added\": {}}]"
  }
},
{
  "model": "admin.logentry",
  "pk": 514,
  "fields": {
    "action_time": "2024-03-04T13:44:27.121Z",
    "user": 3,
    "content_type": 26,
    "object_id": "bc2493ca-cb19-41a9-bb37-50ad40054216",
    "object_repr": "Кофе - мерч направлен",
    "action_flag": 1,
    "change_message": "[{\"added\": {}}]"
  }
},
{
  "model": "admin.logentry",
  "pk": 515,
  "fields": {
    "action_time": "2024-03-04T13:44:39.759Z",
    "user": 3,
    "content_type": 26,
    "object_id": "6f3d7766-a31e-44f7-af94-2630bd3e31a9",
    "object_repr": "Стикеры - мерч направлен",
    "action_flag": 1,
    "change_message": "[{\"added\": {}}]"
  }
},
{
  "model": "admin.logentry",
  "pk": 516,
  "fields": {
    "action_time": "2024-03-04T13:45:10.778Z",
    "user": 3,
    "content_type": 26,
    "object_id": "d1693948-14c7-4726-86fb-3a3bde7958dc",
    "object_repr": "Толстовка - мерч направлен",
    "action_flag": 1,
    "change_message": "[{\"added\": {}}]"
  }
},
{
  "model": "admin.logentry",
  "pk": 517,
  "fields": {
    "action_time": "2024-03-04T13:45:24.490Z",
    "user": 3,
    "content_type": 26,
    "object_id": "61ebee2a-6871-44de-924f-8b9ac3ef5558",
    "object_repr": "Кофе - мерч направлен",
    "action_flag": 1,
    "change_message": "[{\"added\": {}}]"
  }
},
{
  "model": "admin.logentry",
  "pk": 518,
  "fields": {
    "action_time": "2024-03-04T13:45:35.970Z",
    "user": 3,
    "content_type": 26,
    "object_id": "b3f3a73e-1946-4630-9296-a40736d0c315",
    "object_repr": "Стикеры - мерч направлен",
    "action_flag": 1,
    "change_message": "[{\"added\": {}}]"
  }
},
{
  "model": "admin.logentry",
  "pk": 519,
  "fields": {
    "action_time": "2024-03-04T13:46:24.625Z",
    "user": 3,
    "content_type": 26,
    "object_id": "2c7d279b-a323-4b99-91e0-229624ae7d0c",
    "object_repr": "Толстовка - мерч направлен",
    "action_flag": 1,
    "change_message": "[{\"added\": {}}]"
  }
},
{
  "model": "admin.logentry",
  "pk": 520,
  "fields": {
    "action_time": "2024-03-04T13:46:37.487Z",
    "user": 3,
    "content_type": 26,
    "object_id": "a6fbd5f9-5b54-44ad-a027-03c26e4ed4c8",
    "object_repr": "Кофе - мерч направлен",
    "action_flag": 1,
    "change_message": "[{\"added\": {}}]"
  }
},
{
  "model": "admin.logentry",
  "pk": 521,
  "fields": {
    "action_time": "2024-03-04T13:46:49.875Z",
    "user": 3,
    "content_type": 26,
    "object_id": "f65644ca-2778-4679-ac63-c6d21b1c2fe1",
    "object_repr": "Стикеры - мерч направлен",
    "action_flag": 1,
    "change_message": "[{\"added\": {}}]"
  }
},
{
  "model": "admin.logentry",
  "pk": 522,
  "fields": {
    "action_time": "2024-03-04T13:47:27.291Z",
    "user": 3,
    "content_type": 26,
    "object_id": "4ce215f6-90e3-4ca4-accb-7da4b078ad6c",
    "object_repr": "Толстовка - мерч направлен",
    "action_flag": 1,
    "change_message": "[{\"added\": {}}]"
  }
},
{
  "model": "admin.logentry",
  "pk": 523,
  "fields": {
    "action_time": "2024-03-04T13:47:38.054Z",
    "user": 3,
    "content_type": 26,
    "object_id": "9381fbca-9873-4d30-83e4-8449929e3319",
    "object_repr": "Кофе - мерч направлен",
    "action_flag": 1,
    "change_message": "[{\"added\": {}}]"
  }
},
{
  "model": "admin.logentry",
  "pk": 524,
  "fields": {
    "action_time": "2024-03-04T13:47:49.541Z",
    "user": 3,
    "content_type": 26,
    "object_id": "54232df8-12bc-421e-8151-a567ef4d60e3",
    "object_repr": "Стикеры - мерч направлен",
    "action_flag": 1,
    "change_message": "[{\"added\": {}}]"
  }
},
{
  "model": "admin.logentry",
  "pk": 525,
  "fields": {
    "action_time": "2024-03-04T13:48:18.233Z",
    "user": 3,
    "content_type": 26,
    "object_id": "a2f77db2-fb1d-4db0-8326-55eabc6d3112",
    "object_repr": "Толстовка - мерч направлен",
    "action_flag": 1,
    "change_message": "[{\"added\": {}}]"
  }
},
{
  "model": "admin.logentry",
  "pk": 526,
  "fields": {
    "action_time": "2024-03-04T13:48:29.253Z",
    "user": 3,
    "content_type": 26,
    "object_id": "5e3d3bd5-9066-4e42-b8b0-c1e1022fb30b",
    "object_repr": "Кофе - мерч направлен",
    "action_flag": 1,
    "change_message": "[{\"added\": {}}]"
  }
},
{
  "model": "admin.logentry",
  "pk": 527,
  "fields": {
    "action_time": "2024-03-04T13:48:42.820Z",
    "user": 3,
    "content_type": 26,
    "object_id": "2e0f92c0-eeb4-4fb9-8b01-03e6a354c500",
    "object_repr": "Стикеры - мерч направлен",
    "action_flag": 1,
    "change_message": "[{\"added\": {}}]"
  }
},
{
  "model": "admin.logentry",
  "pk": 528,
  "fields": {
    "action_time": "2024-03-04T13:48:53.378Z",
    "user": 3,
    "content_type": 26,
    "object_id": "0a931def-4db8-44f1-805c-48dfc9b27f31",
    "object_repr": "Кофе - мерч направлен",
    "action_flag": 1,
    "change_message": "[{\"added\": {}}]"
  }
},
{
  "model": "admin.logentry",
  "pk": 529,
  "fields": {
    "action_time": "2024-03-04T13:49:07.519Z",
    "user": 3,
    "content_type": 26,
    "object_id": "a030cb70-d849-47c4-8dee-42e7d7e6e3e7",
    "object_repr": "Стикеры - мерч направлен",
    "action_flag": 1,
    "change_message": "[{\"added\": {}}]"
  }
},
{
  "model": "admin.logentry",
  "pk": 530,
  "fields": {
    "action_time": "2024-03-04T13:49:15.643Z",
    "user": 3,
    "content_type": 26,
    "object_id": "a81adfdf-fd37-417b-8a89-2a60f3aec185",
    "object_repr": "Толстовка - мерч направлен",
    "action_flag": 1,
    "change_message": "[{\"added\": {}}]"
  }
},
{
  "model": "admin.logentry",
  "pk": 531,
  "fields": {
    "action_time": "2024-03-04T13:49:26.423Z",
    "user": 3,
    "content_type": 26,
    "object_id": "6cc4dea9-a5ef-46be-a9bd-aaecc6c127a1",
    "object_repr": "Кофе - мерч направлен",
    "action_flag": 1,
    "change_message": "[{\"added\": {}}]"
  }
},
{
  "model": "admin.logentry",
  "pk": 532,
  "fields": {
    "action_time": "2024-03-04T13:49:38.233Z",
    "user": 3,
    "content_type": 26,
    "object_id": "bd197cbb-e826-4e69-9405-b13561e8af5d",
    "object_repr": "Стикеры - мерч направлен",
    "action_flag": 1,
    "change_message": "[{\"added\": {}}]"
  }
},
{
  "model": "admin.logentry",
  "pk": 533,
  "fields": {
    "action_time": "2024-03-04T13:49:44.310Z",
    "user": 3,
    "content_type": 26,
    "object_id": "56d46ae6-d624-4e90-911e-99740f74cd0c",
    "object_repr": "Толстовка - мерч направлен",
    "action_flag": 1,
    "change_message": "[{\"added\": {}}]"
  }
},
{
  "model": "admin.logentry",
  "pk": 534,
  "fields": {
    "action_time": "2024-03-04T13:50:07.374Z",
    "user": 3,
    "content_type": 26,
    "object_id": "9f9c1512-9741-487d-a302-50e7d6fa4dbc",
    "object_repr": "Кофе - мерч направлен",
    "action_flag": 1,
    "change_message": "[{\"added\": {}}]"
  }
},
{
  "model": "admin.logentry",
  "pk": 535,
  "fields": {
    "action_time": "2024-03-04T13:50:26.702Z",
    "user": 3,
    "content_type": 26,
    "object_id": "328646ec-4d6a-413f-b0e2-5a127fa97c92",
    "object_repr": "Стикеры - мерч направлен",
    "action_flag": 1,
    "change_message": "[{\"added\": {}}]"
  }
},
{
  "model": "admin.logentry",
  "pk": 536,
  "fields": {
    "action_time": "2024-03-04T13:50:55.204Z",
    "user": 3,
    "content_type": 26,
    "object_id": "b29dcad0-0709-4985-a659-c850c353003e",
    "object_repr": "Толстовка - мерч направлен",
    "action_flag": 1,
    "change_message": "[{\"added\": {}}]"
  }
},
{
  "model": "admin.logentry",
  "pk": 537,
  "fields": {
    "action_time": "2024-03-04T13:51:12.298Z",
    "user": 3,
    "content_type": 26,
    "object_id": "359c53b1-7183-49ab-a3af-b76fbc0349e4",
    "object_repr": "Кофе - мерч направлен",
    "action_flag": 1,
    "change_message": "[{\"added\": {}}]"
  }
},
{
  "model": "admin.logentry",
  "pk": 538,
  "fields": {
    "action_time": "2024-03-04T13:51:42.781Z",
    "user": 3,
    "content_type": 26,
    "object_id": "9abab80d-61fa-4ffd-b590-6d80ce2126c6",
    "object_repr": "Стикеры - мерч направлен",
    "action_flag": 1,
    "change_message": "[{\"added\": {}}]"
  }
},
{
  "model": "admin.logentry",
  "pk": 539,
  "fields": {
    "action_time": "2024-03-04T13:52:26.883Z",
    "user": 3,
    "content_type": 26,
    "object_id": "a2fb810e-6fb3-40cc-8997-69044ca1ca32",
    "object_repr": "Толстовка - мерч направлен",
    "action_flag": 1,
    "change_message": "[{\"added\": {}}]"
  }
},
{
  "model": "admin.logentry",
  "pk": 540,
  "fields": {
    "action_time": "2024-03-04T13:54:01.600Z",
    "user": 3,
    "content_type": 26,
    "object_id": "ce0970b0-9ff7-4f7a-826a-c0aa34ecaf2f",
    "object_repr": "Кофе - мерч направлен",
    "action_flag": 1,
    "change_message": "[{\"added\": {}}]"
  }
},
{
  "model": "admin.logentry",
  "pk": 541,
  "fields": {
    "action_time": "2024-03-04T13:54:26.986Z",
    "user": 3,
    "content_type": 26,
    "object_id": "9780133c-865a-413b-b7cc-57e3703cdab8",
    "object_repr": "Стикеры - мерч направлен",
    "action_flag": 1,
    "change_message": "[{\"added\": {}}]"
  }
},
{
  "model": "admin.logentry",
  "pk": 542,
  "fields": {
    "action_time": "2024-03-04T13:55:33.720Z",
    "user": 3,
    "content_type": 26,
    "object_id": "2c902f17-65f3-431f-b412-65cede01ef59",
    "object_repr": "Толстовка - мерч направлен",
    "action_flag": 1,
    "change_message": "[{\"added\": {}}]"
  }
},
{
  "model": "admin.logentry",
  "pk": 543,
  "fields": {
    "action_time": "2024-03-04T13:55:50.584Z",
    "user": 3,
    "content_type": 26,
    "object_id": "513f5040-2a28-4959-ba7c-4469690512ba",
    "object_repr": "Кофе - мерч направлен",
    "action_flag": 1,
    "change_message": "[{\"added\": {}}]"
  }
},
{
  "model": "admin.logentry",
  "pk": 544,
  "fields": {
    "action_time": "2024-03-04T13:56:07.660Z",
    "user": 3,
    "content_type": 26,
    "object_id": "a273d372-7eb2-4e37-8dbc-d9bf85309e9e",
    "object_repr": "Стикеры - мерч направлен",
    "action_flag": 1,
    "change_message": "[{\"added\": {}}]"
  }
},
{
  "model": "admin.logentry",
  "pk": 545,
  "fields": {
    "action_time": "2024-03-04T13:56:37.800Z",
    "user": 3,
    "content_type": 26,
    "object_id": "c963eb32-70f6-4fea-aa7f-95ea0a227efd",
    "object_repr": "Толстовка - мерч направлен",
    "action_flag": 1,
    "change_message": "[{\"added\": {}}]"
  }
},
{
  "model": "admin.logentry",
  "pk": 546,
  "fields": {
    "action_time": "2024-03-04T13:57:04.143Z",
    "user": 3,
    "content_type": 26,
    "object_id": "50b884fd-d82e-4d2f-a0b0-b0473a690c23",
    "object_repr": "Кофе - мерч направлен",
    "action_flag": 1,
    "change_message": "[{\"added\": {}}]"
  }
},
{
  "model": "admin.logentry",
  "pk": 547,
  "fields": {
    "action_time": "2024-03-04T13:57:18.131Z",
    "user": 3,
    "content_type": 26,
    "object_id": "1075a704-2de8-4d02-9667-bc09d2b80f9a",
    "object_repr": "Стикеры - мерч направлен",
    "action_flag": 1,
    "change_message": "[{\"added\": {}}]"
  }
},
{
  "model": "admin.logentry",
  "pk": 548,
  "fields": {
    "action_time": "2024-03-04T13:57:39.360Z",
    "user": 3,
    "content_type": 26,
    "object_id": "d6e8c13c-a85c-4d9a-b801-7b63a9a7c324",
    "object_repr": "Толстовка - мерч направлен",
    "action_flag": 1,
    "change_message": "[{\"added\": {}}]"
  }
},
{
  "model": "admin.logentry",
  "pk": 549,
  "fields": {
    "action_time": "2024-03-04T13:57:56.215Z",
    "user": 3,
    "content_type": 26,
    "object_id": "59996af6-b79b-498b-a9f6-d560a71db062",
    "object_repr": "Кофе - мерч направлен",
    "action_flag": 1,
    "change_message": "[{\"added\": {}}]"
  }
},
{
  "model": "admin.logentry",
  "pk": 550,
  "fields": {
    "action_time": "2024-03-04T13:58:11.068Z",
    "user": 3,
    "content_type": 26,
    "object_id": "853f951a-156e-466b-bd3d-028ef608a60c",
    "object_repr": "Стикеры - мерч направлен",
    "action_flag": 1,
    "change_message": "[{\"added\": {}}]"
  }
},
{
  "model": "admin.logentry",
  "pk": 551,
  "fields": {
    "action_time": "2024-03-04T13:58:42.399Z",
    "user": 3,
    "content_type": 26,
    "object_id": "1f44e918-c6fe-4a51-ab1a-dc0cb42e80ea",
    "object_repr": "Толстовка - мерч направлен",
    "action_flag": 1,
    "change_message": "[{\"added\": {}}]"
  }
},
{
  "model": "admin.logentry",
  "pk": 552,
  "fields": {
    "action_time": "2024-03-04T13:58:57.454Z",
    "user": 3,
    "content_type": 26,
    "object_id": "b6b1a2c0-ab78-4268-840a-fb14bb5ea196",
    "object_repr": "Кофе - мерч направлен",
    "action_flag": 1,
    "change_message": "[{\"added\": {}}]"
  }
},
{
  "model": "admin.logentry",
  "pk": 553,
  "fields": {
    "action_time": "2024-03-04T13:59:12.636Z",
    "user": 3,
    "content_type": 26,
    "object_id": "6e983088-aa32-40f6-84b6-f7029750f40c",
    "object_repr": "Стикеры - мерч направлен",
    "action_flag": 1,
    "change_message": "[{\"added\": {}}]"
  }
},
{
  "model": "admin.logentry",
  "pk": 554,
  "fields": {
    "action_time": "2024-03-04T14:06:47.608Z",
    "user": 3,
    "content_type": 21,
    "object_id": "3523d242-61fc-4f6f-b175-fbe4b5456f2f",
    "object_repr": "Елена Смирнова-Расколбасова - Кофе - мерч направлен",
    "action_flag": 1,
    "change_message": "[{\"added\": {}}]"
  }
},
{
  "model": "admin.logentry",
  "pk": 555,
  "fields": {
    "action_time": "2024-03-04T14:07:48.665Z",
    "user": 3,
    "content_type": 21,
    "object_id": "1d0ea3f1-f8b1-4611-a753-cb43bb226c96",
    "object_repr": "Елена Смирнова-Расколбасова - Стикеры - мерч направлен",
    "action_flag": 1,
    "change_message": "[{\"added\": {}}]"
  }
},
{
  "model": "admin.logentry",
  "pk": 556,
  "fields": {
    "action_time": "2024-03-04T14:08:43.569Z",
    "user": 3,
    "content_type": 23,
    "object_id": "148a1707-bda6-469e-a972-fac4481df577",
    "object_repr": "Толстовка - мерч направлен - 2024-02-15",
    "action_flag": 1,
    "change_message": "[{\"added\": {}}]"
  }
},
{
  "model": "admin.logentry",
  "pk": 557,
  "fields": {
    "action_time": "2024-03-04T14:09:00.810Z",
    "user": 3,
    "content_type": 23,
    "object_id": "d5b46c8a-aa02-4bea-bb43-792d01de5271",
    "object_repr": "Кофе - мерч направлен - 2024-02-15",
    "action_flag": 1,
    "change_message": "[{\"added\": {}}]"
  }
},
{
  "model": "admin.logentry",
  "pk": 558,
  "fields": {
    "action_time": "2024-03-04T14:09:16.136Z",
    "user": 3,
    "content_type": 23,
    "object_id": "b9d7b6e1-0afb-452b-83e1-aa04cda53421",
    "object_repr": "Стикеры - мерч направлен - 2024-02-15",
    "action_flag": 1,
    "change_message": "[{\"added\": {}}]"
  }
},
{
  "model": "admin.logentry",
  "pk": 559,
  "fields": {
    "action_time": "2024-03-04T14:14:40.964Z",
    "user": 3,
    "content_type": 26,
    "object_id": "99db8365-ddfc-4e42-b9eb-ad7afed5632c",
    "object_repr": "Толстовка - мерч направлен",
    "action_flag": 2,
    "change_message": "[]"
  }
},
{
  "model": "admin.logentry",
  "pk": 560,
  "fields": {
    "action_time": "2024-03-04T14:41:09.947Z",
    "user": 3,
    "content_type": 21,
    "object_id": "41c4b6bd-cddd-4730-acb0-163aa265fe6c",
    "object_repr": "Игорь Ленц - Кофе - мерч направлен",
    "action_flag": 1,
    "change_message": "[{\"added\": {}}]"
  }
},
{
  "model": "admin.logentry",
  "pk": 561,
  "fields": {
    "action_time": "2024-03-04T14:42:01.993Z",
    "user": 3,
    "content_type": 21,
    "object_id": "1bf9709a-412d-47a8-965f-92112ac12918",
    "object_repr": "Игорь Ленц - Стикеры - мерч направлен",
    "action_flag": 1,
    "change_message": "[{\"added\": {}}]"
  }
},
{
  "model": "admin.logentry",
  "pk": 562,
  "fields": {
    "action_time": "2024-03-04T14:42:33.977Z",
    "user": 3,
    "content_type": 21,
    "object_id": "5184a8eb-e590-40f0-b9f1-7b3cce15d8ea",
    "object_repr": "Игорь Ленц - Толстовка - мерч направлен",
    "action_flag": 1,
    "change_message": "[{\"added\": {}}]"
  }
},
{
  "model": "admin.logentry",
  "pk": 563,
  "fields": {
    "action_time": "2024-03-04T14:57:53.545Z",
    "user": 3,
    "content_type": 26,
    "object_id": "dcad7d61-2f9d-4082-b2dc-bd4f399d948e",
    "object_repr": "Толстовка - мерч направлен",
    "action_flag": 3,
    "change_message": ""
  }
},
{
  "model": "admin.logentry",
  "pk": 564,
  "fields": {
    "action_time": "2024-03-04T14:58:18.994Z",
    "user": 3,
    "content_type": 26,
    "object_id": "a030cb70-d849-47c4-8dee-42e7d7e6e3e7",
    "object_repr": "Стикеры - мерч направлен",
    "action_flag": 3,
    "change_message": ""
  }
},
{
  "model": "admin.logentry",
  "pk": 565,
  "fields": {
    "action_time": "2024-03-04T14:58:54.868Z",
    "user": 3,
    "content_type": 26,
    "object_id": "0a931def-4db8-44f1-805c-48dfc9b27f31",
    "object_repr": "Кофе - мерч направлен",
    "action_flag": 3,
    "change_message": ""
  }
},
{
  "model": "admin.logentry",
  "pk": 566,
  "fields": {
    "action_time": "2024-03-04T15:00:20.967Z",
    "user": 3,
    "content_type": 26,
    "object_id": "a2fb810e-6fb3-40cc-8997-69044ca1ca32",
    "object_repr": "Толстовка - мерч направлен",
    "action_flag": 3,
    "change_message": ""
  }
},
{
  "model": "admin.logentry",
  "pk": 567,
  "fields": {
    "action_time": "2024-03-04T15:00:43.366Z",
    "user": 3,
    "content_type": 26,
    "object_id": "ce0970b0-9ff7-4f7a-826a-c0aa34ecaf2f",
    "object_repr": "Кофе - мерч направлен",
    "action_flag": 3,
    "change_message": ""
  }
},
{
  "model": "admin.logentry",
  "pk": 568,
  "fields": {
    "action_time": "2024-03-04T15:01:13.397Z",
    "user": 3,
    "content_type": 26,
    "object_id": "9780133c-865a-413b-b7cc-57e3703cdab8",
    "object_repr": "Стикеры - мерч направлен",
    "action_flag": 3,
    "change_message": ""
  }
},
{
  "model": "admin.logentry",
  "pk": 569,
  "fields": {
    "action_time": "2024-03-04T15:01:46.565Z",
    "user": 3,
    "content_type": 26,
    "object_id": "a2f77db2-fb1d-4db0-8326-55eabc6d3112",
    "object_repr": "Толстовка - мерч направлен",
    "action_flag": 3,
    "change_message": ""
  }
},
{
  "model": "admin.logentry",
  "pk": 570,
  "fields": {
    "action_time": "2024-03-04T15:02:20.922Z",
    "user": 3,
    "content_type": 26,
    "object_id": "5e3d3bd5-9066-4e42-b8b0-c1e1022fb30b",
    "object_repr": "Кофе - мерч направлен",
    "action_flag": 3,
    "change_message": ""
  }
},
{
  "model": "admin.logentry",
  "pk": 571,
  "fields": {
    "action_time": "2024-03-04T15:02:53.585Z",
    "user": 3,
    "content_type": 26,
    "object_id": "2e0f92c0-eeb4-4fb9-8b01-03e6a354c500",
    "object_repr": "Стикеры - мерч направлен",
    "action_flag": 3,
    "change_message": ""
  }
},
{
  "model": "admin.logentry",
  "pk": 572,
  "fields": {
    "action_time": "2024-03-04T15:04:50.796Z",
    "user": 3,
    "content_type": 22,
    "object_id": "f2053969-4788-41ed-9836-ecd7ff00c0e9",
    "object_repr": "105081 - Россия -  -  - г. Москва - пр-д Лесной - 3 -  - 45",
    "action_flag": 3,
    "change_message": ""
  }
},
{
  "model": "admin.logentry",
  "pk": 573,
  "fields": {
    "action_time": "2024-03-04T15:05:09.583Z",
    "user": 3,
    "content_type": 22,
    "object_id": "2a9ea228-ab07-4f19-abdc-7fc10f0c106a",
    "object_repr": "187110 - Россия -  -  - г. Москва - ул. Маршала Жукова - 3А -  - 15",
    "action_flag": 3,
    "change_message": ""
  }
},
{
  "model": "admin.logentry",
  "pk": 574,
  "fields": {
    "action_time": "2024-03-04T15:05:42.343Z",
    "user": 3,
    "content_type": 22,
    "object_id": "02931534-ba0f-4975-8dd4-8675be72513c",
    "object_repr": "103274 - Россия -  -  - г. Москва - ул. Строителей - 7 -  - 25",
    "action_flag": 3,
    "change_message": ""
  }
},
{
  "model": "admin.logentry",
  "pk": 575,
  "fields": {
    "action_time": "2024-03-04T15:07:23.354Z",
    "user": 3,
    "content_type": 21,
    "object_id": "709802fb-2b79-4d59-a233-2a089928251c",
    "object_repr": "Инесса Залужная - Толстовка - мерч направлен",
    "action_flag": 1,
    "change_message": "[{\"added\": {}}]"
  }
},
{
  "model": "admin.logentry",
  "pk": 576,
  "fields": {
    "action_time": "2024-03-04T15:08:08.830Z",
    "user": 3,
    "content_type": 21,
    "object_id": "0f5f5ed9-bff3-450c-8f05-f3a5748211fe",
    "object_repr": "Инесса Залужная - Кофе - мерч направлен",
    "action_flag": 1,
    "change_message": "[{\"added\": {}}]"
  }
},
{
  "model": "admin.logentry",
  "pk": 577,
  "fields": {
    "action_time": "2024-03-04T15:09:01.368Z",
    "user": 3,
    "content_type": 21,
    "object_id": "ce3d6e23-0952-4617-9e5a-53ed33106b9d",
    "object_repr": "Инесса Залужная - Стикеры - мерч направлен",
    "action_flag": 1,
    "change_message": "[{\"added\": {}}]"
  }
},
{
  "model": "admin.logentry",
  "pk": 578,
  "fields": {
    "action_time": "2024-03-04T15:10:39.511Z",
    "user": 3,
    "content_type": 21,
    "object_id": "595c9fd3-5d95-45ab-928d-1959dcd9ea3c",
    "object_repr": "Вадим Петров - Толстовка - мерч направлен",
    "action_flag": 1,
    "change_message": "[{\"added\": {}}]"
  }
},
{
  "model": "admin.logentry",
  "pk": 579,
  "fields": {
    "action_time": "2024-03-04T15:11:26.839Z",
    "user": 3,
    "content_type": 21,
    "object_id": "ba512028-3cc4-49f6-a8df-f5139e621c93",
    "object_repr": "Вадим Петров - Кофе - мерч направлен",
    "action_flag": 1,
    "change_message": "[{\"added\": {}}]"
  }
},
{
  "model": "admin.logentry",
  "pk": 580,
  "fields": {
    "action_time": "2024-03-04T15:12:18.078Z",
    "user": 3,
    "content_type": 21,
    "object_id": "9903878e-0508-4ac3-859d-13d7cea8a5d3",
    "object_repr": "Вадим Петров - Стикеры - мерч направлен",
    "action_flag": 1,
    "change_message": "[{\"added\": {}}]"
  }
},
{
  "model": "admin.logentry",
  "pk": 581,
  "fields": {
    "action_time": "2024-03-04T15:13:39.113Z",
    "user": 3,
    "content_type": 21,
    "object_id": "a7ffaa43-39ef-48cd-b4cb-979e830f37b7",
    "object_repr": "Петр Забелин - Толстовка - мерч направлен",
    "action_flag": 1,
    "change_message": "[{\"added\": {}}]"
  }
},
{
  "model": "admin.logentry",
  "pk": 582,
  "fields": {
    "action_time": "2024-03-04T15:14:51.233Z",
    "user": 3,
    "content_type": 21,
    "object_id": "d1496117-8e4d-416d-b9f8-12f86f78400e",
    "object_repr": "Петр Забелин - Кофе - мерч направлен",
    "action_flag": 1,
    "change_message": "[{\"added\": {}}]"
  }
},
{
  "model": "admin.logentry",
  "pk": 583,
  "fields": {
    "action_time": "2024-03-04T15:15:38.314Z",
    "user": 3,
    "content_type": 21,
    "object_id": "b65a2b9d-33d7-40b1-af5d-9d4a56bcb9c6",
    "object_repr": "Петр Забелин - Стикеры - мерч направлен",
    "action_flag": 1,
    "change_message": "[{\"added\": {}}]"
  }
},
{
  "model": "admin.logentry",
  "pk": 584,
  "fields": {
    "action_time": "2024-03-04T15:17:31.294Z",
    "user": 3,
    "content_type": 21,
    "object_id": "aee0ba75-ee40-45dd-a8bd-66e27c722924",
    "object_repr": "Михаил Василевский - Толстовка - мерч направлен",
    "action_flag": 1,
    "change_message": "[{\"added\": {}}]"
  }
},
{
  "model": "admin.logentry",
  "pk": 585,
  "fields": {
    "action_time": "2024-03-04T15:18:16.700Z",
    "user": 3,
    "content_type": 21,
    "object_id": "d6c39bce-de4b-4c79-8907-ba3ead724456",
    "object_repr": "Михаил Василевский - Кофе - мерч направлен",
    "action_flag": 1,
    "change_message": "[{\"added\": {}}]"
  }
},
{
  "model": "admin.logentry",
  "pk": 586,
  "fields": {
    "action_time": "2024-03-04T15:18:58.298Z",
    "user": 3,
    "content_type": 21,
    "object_id": "756df42e-19e2-41d6-8746-3d1c041e356f",
    "object_repr": "Михаил Василевский - Стикеры - мерч направлен",
    "action_flag": 1,
    "change_message": "[{\"added\": {}}]"
  }
},
{
  "model": "admin.logentry",
  "pk": 587,
  "fields": {
    "action_time": "2024-03-04T15:21:08.362Z",
    "user": 3,
    "content_type": 21,
    "object_id": "6168ccc7-d7e9-49fd-a12d-3a21330c8b2b",
    "object_repr": "Степан Каверин - Толстовка - мерч направлен",
    "action_flag": 1,
    "change_message": "[{\"added\": {}}]"
  }
},
{
  "model": "admin.logentry",
  "pk": 588,
  "fields": {
    "action_time": "2024-03-04T15:21:45.775Z",
    "user": 3,
    "content_type": 21,
    "object_id": "cc42f468-ae68-43e7-88dd-8072ca6985d3",
    "object_repr": "Степан Каверин - Кофе - мерч направлен",
    "action_flag": 1,
    "change_message": "[{\"added\": {}}]"
  }
},
{
  "model": "admin.logentry",
  "pk": 589,
  "fields": {
    "action_time": "2024-03-04T15:22:21.300Z",
    "user": 3,
    "content_type": 21,
    "object_id": "d1721e06-4bfa-4584-b427-4097126538eb",
    "object_repr": "Степан Каверин - Стикеры - мерч направлен",
    "action_flag": 1,
    "change_message": "[{\"added\": {}}]"
  }
},
{
  "model": "admin.logentry",
  "pk": 590,
  "fields": {
    "action_time": "2024-03-04T15:28:18.453Z",
    "user": 3,
    "content_type": 32,
    "object_id": "e2a023c8-653c-426e-8df0-f75323fe474f",
    "object_repr": "Валентин Иллистратов - 7d071f6c-0545-401a-ba9f-841b77d06168 - 2023-10-04",
    "action_flag": 1,
    "change_message": "[{\"added\": {}}]"
  }
},
{
  "model": "admin.logentry",
  "pk": 591,
  "fields": {
    "action_time": "2024-03-04T15:29:50.179Z",
    "user": 3,
    "content_type": 32,
    "object_id": "2d8daac3-3925-48a1-8c9d-0a7b2c4697de",
    "object_repr": "Валентин Иллистратов - 98db917f-c076-470d-a8b3-5ef712616d89 - 2023-10-27",
    "action_flag": 1,
    "change_message": "[{\"added\": {}}]"
  }
},
{
  "model": "admin.logentry",
  "pk": 592,
  "fields": {
    "action_time": "2024-03-04T15:31:04.932Z",
    "user": 3,
    "content_type": 32,
    "object_id": "8d99f133-1104-49af-8452-53e6ed641692",
    "object_repr": "Валентин Иллистратов - be45c174-d516-4c0b-b4cc-b38d1d2e39d3 - 2023-11-24",
    "action_flag": 1,
    "change_message": "[{\"added\": {}}]"
  }
},
{
  "model": "admin.logentry",
  "pk": 593,
  "fields": {
    "action_time": "2024-03-04T15:33:31.434Z",
    "user": 3,
    "content_type": 32,
    "object_id": "e3eeed89-da76-4982-84ac-57b938c76538",
    "object_repr": "Валентин Иллистратов - 98db917f-c076-470d-a8b3-5ef712616d89 - 2023-12-22",
    "action_flag": 1,
    "change_message": "[{\"added\": {}}]"
  }
},
{
  "model": "admin.logentry",
  "pk": 594,
  "fields": {
    "action_time": "2024-03-04T15:36:39.996Z",
    "user": 3,
    "content_type": 21,
    "object_id": "7fa4aa06-274b-4afb-9d09-748af23520e3",
    "object_repr": "Александр Волков - Толстовка - мерч направлен",
    "action_flag": 1,
    "change_message": "[{\"added\": {}}]"
  }
},
{
  "model": "admin.logentry",
  "pk": 595,
  "fields": {
    "action_time": "2024-03-04T15:38:32.859Z",
    "user": 3,
    "content_type": 21,
    "object_id": "0e21bc07-2932-42f7-8aba-ec335a115d08",
    "object_repr": "Валентин Иллистратов - Кофе - мерч направлен",
    "action_flag": 1,
    "change_message": "[{\"added\": {}}]"
  }
},
{
  "model": "admin.logentry",
  "pk": 596,
  "fields": {
    "action_time": "2024-03-04T15:40:31.965Z",
    "user": 3,
    "content_type": 21,
    "object_id": "c428ce45-e9b0-4bd9-bb4c-ce1133672eba",
    "object_repr": "Валентин Иллистратов - Кофе - мерч направлен",
    "action_flag": 1,
    "change_message": "[{\"added\": {}}]"
  }
},
{
  "model": "admin.logentry",
  "pk": 597,
  "fields": {
    "action_time": "2024-03-04T15:41:52.909Z",
    "user": 3,
    "content_type": 21,
    "object_id": "213cd203-c529-4407-b9e8-c95cc5ffdbe8",
    "object_repr": "Валентин Иллистратов - Стикеры - мерч направлен",
    "action_flag": 1,
    "change_message": "[{\"added\": {}}]"
  }
},
{
  "model": "admin.logentry",
  "pk": 598,
  "fields": {
    "action_time": "2024-03-04T15:42:47.064Z",
    "user": 3,
    "content_type": 21,
    "object_id": "cb7b874c-cfda-4572-a963-fd9b353a1fa4",
    "object_repr": "Валентин Иллистратов - Толстовка - мерч направлен",
    "action_flag": 1,
    "change_message": "[{\"added\": {}}]"
  }
},
{
  "model": "admin.logentry",
  "pk": 599,
  "fields": {
    "action_time": "2024-03-04T15:44:45.861Z",
    "user": 3,
    "content_type": 21,
    "object_id": "cb2922ce-8fcc-49eb-bfb4-9be34d3edc67",
    "object_repr": "Александр Волков - Кофе - мерч направлен",
    "action_flag": 1,
    "change_message": "[{\"added\": {}}]"
  }
},
{
  "model": "admin.logentry",
  "pk": 600,
  "fields": {
    "action_time": "2024-03-04T15:45:22.044Z",
    "user": 3,
    "content_type": 21,
    "object_id": "5adc25dc-cf9d-4480-8264-5263bde79d0e",
    "object_repr": "Александр Волков - Стикеры - мерч направлен",
    "action_flag": 1,
    "change_message": "[{\"added\": {}}]"
  }
},
{
  "model": "admin.logentry",
  "pk": 601,
  "fields": {
    "action_time": "2024-03-04T15:47:35.327Z",
    "user": 3,
    "content_type": 21,
    "object_id": "d6b9711b-cae7-461a-80cb-3cf9d491bac8",
    "object_repr": "Марина Петрова - Толстовка - мерч направлен",
    "action_flag": 1,
    "change_message": "[{\"added\": {}}]"
  }
},
{
  "model": "admin.logentry",
  "pk": 602,
  "fields": {
    "action_time": "2024-03-04T15:48:36.122Z",
    "user": 3,
    "content_type": 21,
    "object_id": "60c3050d-d4b7-4756-9d10-270fcee48399",
    "object_repr": "Марина Петрова - Кофе - мерч направлен",
    "action_flag": 1,
    "change_message": "[{\"added\": {}}]"
  }
},
{
  "model": "admin.logentry",
  "pk": 603,
  "fields": {
    "action_time": "2024-03-04T15:49:11.460Z",
    "user": 3,
    "content_type": 21,
    "object_id": "25d3b7df-2886-4a9d-b569-bb1e58305383",
    "object_repr": "Марина Петрова - Стикеры - мерч направлен",
    "action_flag": 1,
    "change_message": "[{\"added\": {}}]"
  }
},
{
  "model": "admin.logentry",
  "pk": 604,
  "fields": {
    "action_time": "2024-03-04T15:50:35.239Z",
    "user": 3,
    "content_type": 21,
    "object_id": "6dc3b3d6-2166-434d-9781-d819c182c5fc",
    "object_repr": "Екатерина Николаева - Толстовка - мерч направлен",
    "action_flag": 1,
    "change_message": "[{\"added\": {}}]"
  }
},
{
  "model": "admin.logentry",
  "pk": 605,
  "fields": {
    "action_time": "2024-03-04T15:51:29.012Z",
    "user": 3,
    "content_type": 21,
    "object_id": "1facc436-662d-4e5c-8b5f-4fbb4c601690",
    "object_repr": "Екатерина Николаева - Кофе - мерч направлен",
    "action_flag": 1,
    "change_message": "[{\"added\": {}}]"
  }
},
{
  "model": "admin.logentry",
  "pk": 606,
  "fields": {
    "action_time": "2024-03-04T15:52:20.050Z",
    "user": 3,
    "content_type": 21,
    "object_id": "26eb5134-4b58-49cf-97a5-073e90a2ef17",
    "object_repr": "Екатерина Николаева - Стикеры - мерч направлен",
    "action_flag": 1,
    "change_message": "[{\"added\": {}}]"
  }
},
{
  "model": "admin.logentry",
  "pk": 607,
  "fields": {
    "action_time": "2024-03-04T15:54:53.444Z",
    "user": 3,
    "content_type": 21,
    "object_id": "dc46088e-3fb2-433e-ad6d-78ceb80fc6e9",
    "object_repr": "Денис Иванов - Толстовка - мерч направлен",
    "action_flag": 1,
    "change_message": "[{\"added\": {}}]"
  }
},
{
  "model": "admin.logentry",
  "pk": 608,
  "fields": {
    "action_time": "2024-03-04T15:56:42.843Z",
    "user": 3,
    "content_type": 21,
    "object_id": "a5b6588b-b04b-4d8b-8644-246af2b9d984",
    "object_repr": "Денис Иванов - Кофе - мерч направлен",
    "action_flag": 1,
    "change_message": "[{\"added\": {}}]"
  }
},
{
  "model": "admin.logentry",
  "pk": 609,
  "fields": {
    "action_time": "2024-03-04T15:57:23.319Z",
    "user": 3,
    "content_type": 21,
    "object_id": "82fa6e77-c2d7-45fb-bd29-71d5e3b997ea",
    "object_repr": "Денис Иванов - Стикеры - мерч направлен",
    "action_flag": 1,
    "change_message": "[{\"added\": {}}]"
  }
},
{
  "model": "admin.logentry",
  "pk": 610,
  "fields": {
    "action_time": "2024-03-04T15:58:44.983Z",
    "user": 1,
    "content_type": 27,
    "object_id": "da5a5d79-1843-4145-aa1c-fc3243767e70",
    "object_repr": "test",
    "action_flag": 1,
    "change_message": "[{\"added\": {}}]"
  }
},
{
  "model": "admin.logentry",
  "pk": 611,
  "fields": {
    "action_time": "2024-03-04T15:58:54.915Z",
    "user": 3,
    "content_type": 21,
    "object_id": "fec14f0e-faa5-44fd-a26b-982cb2188bae",
    "object_repr": "Антон Субботин - Толстовка - мерч направлен",
    "action_flag": 1,
    "change_message": "[{\"added\": {}}]"
  }
},
{
  "model": "admin.logentry",
  "pk": 612,
  "fields": {
    "action_time": "2024-03-04T15:58:57.466Z",
    "user": 1,
    "content_type": 27,
    "object_id": "da5a5d79-1843-4145-aa1c-fc3243767e70",
    "object_repr": "test",
    "action_flag": 3,
    "change_message": ""
  }
},
{
  "model": "admin.logentry",
  "pk": 613,
  "fields": {
    "action_time": "2024-03-04T15:59:26.140Z",
    "user": 3,
    "content_type": 21,
    "object_id": "7ac4df29-9925-41ea-8d27-1baf57c33ac9",
    "object_repr": "Антон Субботин - Кофе - мерч направлен",
    "action_flag": 1,
    "change_message": "[{\"added\": {}}]"
  }
},
{
  "model": "admin.logentry",
  "pk": 614,
  "fields": {
    "action_time": "2024-03-04T15:59:56.808Z",
    "user": 3,
    "content_type": 21,
    "object_id": "92354f21-450b-43f0-ac38-fea7784a284e",
    "object_repr": "Антон Субботин - Стикеры - мерч направлен",
    "action_flag": 1,
    "change_message": "[{\"added\": {}}]"
  }
},
{
  "model": "admin.logentry",
  "pk": 615,
  "fields": {
    "action_time": "2024-03-04T16:05:09.709Z",
    "user": 3,
    "content_type": 21,
    "object_id": "93778ff2-f2cb-4bc7-b993-65b4450c828c",
    "object_repr": "Наталья Морозова - Толстовка - мерч направлен",
    "action_flag": 1,
    "change_message": "[{\"added\": {}}]"
  }
},
{
  "model": "admin.logentry",
  "pk": 616,
  "fields": {
    "action_time": "2024-03-04T16:05:40.429Z",
    "user": 3,
    "content_type": 21,
    "object_id": "27809fe2-c0a1-438c-97c5-a0df3521817b",
    "object_repr": "Наталья Морозова - Кофе - мерч направлен",
    "action_flag": 1,
    "change_message": "[{\"added\": {}}]"
  }
},
{
  "model": "admin.logentry",
  "pk": 617,
  "fields": {
    "action_time": "2024-03-04T16:06:22.532Z",
    "user": 3,
    "content_type": 21,
    "object_id": "63da4a56-9217-48a3-9cb9-3a628dedf043",
    "object_repr": "Наталья Морозова - Стикеры - мерч направлен",
    "action_flag": 1,
    "change_message": "[{\"added\": {}}]"
  }
},
{
  "model": "admin.logentry",
  "pk": 618,
  "fields": {
    "action_time": "2024-03-04T16:07:42.585Z",
    "user": 3,
    "content_type": 21,
    "object_id": "36d016d6-8ab9-4538-b14b-d8a816ef881a",
    "object_repr": "Иван Смирнов - Толстовка - мерч направлен",
    "action_flag": 1,
    "change_message": "[{\"added\": {}}]"
  }
},
{
  "model": "admin.logentry",
  "pk": 619,
  "fields": {
    "action_time": "2024-03-04T16:07:49.937Z",
    "user": 3,
    "content_type": 21,
    "object_id": "6a6f5195-def4-4474-bd03-4a20376d08f8",
    "object_repr": "Иван Смирнов - Толстовка - мерч направлен",
    "action_flag": 1,
    "change_message": "[{\"added\": {}}]"
  }
},
{
  "model": "admin.logentry",
  "pk": 620,
  "fields": {
    "action_time": "2024-03-04T16:08:55.101Z",
    "user": 3,
    "content_type": 21,
    "object_id": "8b4d22be-6496-45d5-a689-21ff9dc460ac",
    "object_repr": "Иван Смирнов - Кофе - мерч направлен",
    "action_flag": 1,
    "change_message": "[{\"added\": {}}]"
  }
},
{
  "model": "admin.logentry",
  "pk": 621,
  "fields": {
    "action_time": "2024-03-04T16:09:43.321Z",
    "user": 3,
    "content_type": 21,
    "object_id": "0449d859-0393-48ec-a2ca-e3102e4c0e23",
    "object_repr": "Иван Смирнов - Стикеры - мерч направлен",
    "action_flag": 1,
    "change_message": "[{\"added\": {}}]"
  }
},
{
  "model": "admin.logentry",
  "pk": 622,
  "fields": {
    "action_time": "2024-03-04T16:11:11.841Z",
    "user": 3,
    "content_type": 21,
    "object_id": "fae2058e-6cb8-4337-b891-c1c51392f06b",
    "object_repr": "Дмитрий Козлов - Толстовка - мерч направлен",
    "action_flag": 1,
    "change_message": "[{\"added\": {}}]"
  }
},
{
  "model": "admin.logentry",
  "pk": 623,
  "fields": {
    "action_time": "2024-03-04T16:11:33.018Z",
    "user": 3,
    "content_type": 21,
    "object_id": "c6f58230-2216-4c75-abef-4e37bc0d4df7",
    "object_repr": "Дмитрий Козлов - Кофе - мерч направлен",
    "action_flag": 1,
    "change_message": "[{\"added\": {}}]"
  }
},
{
  "model": "admin.logentry",
  "pk": 624,
  "fields": {
    "action_time": "2024-03-04T16:11:50.580Z",
    "user": 3,
    "content_type": 21,
    "object_id": "d901eca1-c7cf-42c2-b7d5-a45e2b062d18",
    "object_repr": "Дмитрий Козлов - Стикеры - мерч направлен",
    "action_flag": 1,
    "change_message": "[{\"added\": {}}]"
  }
},
{
  "model": "admin.logentry",
  "pk": 625,
  "fields": {
    "action_time": "2024-03-04T16:13:31.896Z",
    "user": 3,
    "content_type": 21,
    "object_id": "6a6f5195-def4-4474-bd03-4a20376d08f8",
    "object_repr": "Иван Смирнов - Толстовка - мерч направлен",
    "action_flag": 3,
    "change_message": ""
  }
},
{
  "model": "admin.logentry",
  "pk": 626,
  "fields": {
    "action_time": "2024-03-04T16:41:32.877Z",
    "user": 3,
    "content_type": 26,
    "object_id": "f65644ca-2778-4679-ac63-c6d21b1c2fe1",
    "object_repr": "Стикеры - мерч направлен",
    "action_flag": 2,
    "change_message": "[{\"changed\": {\"fields\": [\"\\u0410\\u0434\\u0440\\u0435\\u0441 \\u0434\\u043e\\u0441\\u0442\\u0430\\u0432\\u043a\\u0438\"]}}]"
  }
},
{
  "model": "admin.logentry",
  "pk": 627,
  "fields": {
    "action_time": "2024-03-04T16:46:21.643Z",
    "user": 3,
    "content_type": 26,
    "object_id": "a273d372-7eb2-4e37-8dbc-d9bf85309e9e",
    "object_repr": "Стикеры - мерч направлен",
    "action_flag": 2,
    "change_message": "[{\"changed\": {\"fields\": [\"\\u0410\\u0434\\u0440\\u0435\\u0441 \\u0434\\u043e\\u0441\\u0442\\u0430\\u0432\\u043a\\u0438\"]}}]"
  }
},
{
  "model": "admin.logentry",
  "pk": 628,
  "fields": {
    "action_time": "2024-03-04T16:47:15.632Z",
    "user": 3,
    "content_type": 26,
    "object_id": "a273d372-7eb2-4e37-8dbc-d9bf85309e9e",
    "object_repr": "Стикеры - на подтверждении адреса",
    "action_flag": 2,
    "change_message": "[{\"changed\": {\"fields\": [\"\\u0421\\u0442\\u0430\\u0442\\u0443\\u0441 \\u0432\\u044b\\u043f\\u043e\\u043b\\u043d\\u0435\\u043d\\u0438\\u044f\"]}}]"
  }
},
{
  "model": "admin.logentry",
  "pk": 629,
  "fields": {
    "action_time": "2024-03-04T16:48:19.916Z",
    "user": 3,
    "content_type": 26,
    "object_id": "a6fbd5f9-5b54-44ad-a027-03c26e4ed4c8",
    "object_repr": "Кофе - на подтверждении адреса",
    "action_flag": 2,
    "change_message": "[{\"changed\": {\"fields\": [\"\\u0421\\u0442\\u0430\\u0442\\u0443\\u0441 \\u0432\\u044b\\u043f\\u043e\\u043b\\u043d\\u0435\\u043d\\u0438\\u044f\"]}}]"
  }
},
{
  "model": "admin.logentry",
  "pk": 630,
  "fields": {
    "action_time": "2024-03-04T16:49:34.768Z",
    "user": 3,
    "content_type": 26,
    "object_id": "2c7d279b-a323-4b99-91e0-229624ae7d0c",
    "object_repr": "Толстовка - на подтверждении адреса",
    "action_flag": 2,
    "change_message": "[{\"changed\": {\"fields\": [\"\\u0421\\u0442\\u0430\\u0442\\u0443\\u0441 \\u0432\\u044b\\u043f\\u043e\\u043b\\u043d\\u0435\\u043d\\u0438\\u044f\"]}}]"
  }
},
{
  "model": "admin.logentry",
  "pk": 631,
  "fields": {
    "action_time": "2024-03-04T16:50:50.333Z",
    "user": 3,
    "content_type": 21,
    "object_id": "919a9f15-be39-4845-b24b-a20703345e5f",
    "object_repr": "Александр Чугунов - Толстовка - на подтверждении адреса",
    "action_flag": 1,
    "change_message": "[{\"added\": {}}]"
  }
},
{
  "model": "admin.logentry",
  "pk": 632,
  "fields": {
    "action_time": "2024-03-04T16:51:10.408Z",
    "user": 3,
    "content_type": 21,
    "object_id": "4f3693f7-d74e-456b-91f2-8b5e0490aefe",
    "object_repr": "Александр Чугунов - Кофе - на подтверждении адреса",
    "action_flag": 1,
    "change_message": "[{\"added\": {}}]"
  }
},
{
  "model": "admin.logentry",
  "pk": 633,
  "fields": {
    "action_time": "2024-03-04T16:51:58.981Z",
    "user": 3,
    "content_type": 21,
    "object_id": "c34f2dd1-4a6c-4f59-8b0a-b0a5a1354adc",
    "object_repr": "Александр Чугунов - Стикеры - на подтверждении адреса",
    "action_flag": 1,
    "change_message": "[{\"added\": {}}]"
  }
},
{
  "model": "admin.logentry",
  "pk": 634,
  "fields": {
    "action_time": "2024-03-06T11:32:06.233Z",
    "user": 3,
    "content_type": 29,
    "object_id": "f22afddc-3195-454b-a905-8cebd555534e",
    "object_repr": "Денис Иванов - Я практикующий амбассадор - 2023-08-02",
    "action_flag": 2,
    "change_message": "[{\"changed\": {\"fields\": [\"Achieve\"]}}]"
  }
},
{
  "model": "admin.logentry",
  "pk": 635,
  "fields": {
    "action_time": "2024-03-06T11:32:39.658Z",
    "user": 3,
    "content_type": 29,
    "object_id": "699c7e78-7d5d-4c07-a6d3-303a9c2a2bc0",
    "object_repr": "Михаил Василевский - Я практикующий амбассадор - 2023-09-05",
    "action_flag": 2,
    "change_message": "[{\"changed\": {\"fields\": [\"Achieve\"]}}]"
  }
},
{
  "model": "admin.logentry",
  "pk": 636,
  "fields": {
    "action_time": "2024-03-06T11:33:05.748Z",
    "user": 3,
    "content_type": 29,
    "object_id": "97a308ad-b4e0-4b41-a93a-df1a6f9db4fd",
    "object_repr": "Алексей Морозов - Не получал - 2024-02-01",
    "action_flag": 3,
    "change_message": ""
  }
},
{
  "model": "admin.logentry",
  "pk": 637,
  "fields": {
    "action_time": "2024-03-06T11:33:18.583Z",
    "user": 3,
    "content_type": 29,
    "object_id": "8f3c55bb-d064-496e-8bc9-5edfa4334d5d",
    "object_repr": "Мария Соколова - Не получал - 2024-03-02",
    "action_flag": 3,
    "change_message": ""
  }
},
{
  "model": "admin.logentry",
  "pk": 638,
  "fields": {
    "action_time": "2024-03-06T11:33:38.315Z",
    "user": 3,
    "content_type": 29,
    "object_id": "907c9414-0336-4e61-8b14-a837c6ee2846",
    "object_repr": "Валентин Иллистратов - Я практикующий амбассадор - 2024-02-06",
    "action_flag": 2,
    "change_message": "[{\"changed\": {\"fields\": [\"Achieve\"]}}]"
  }
},
{
  "model": "admin.logentry",
  "pk": 639,
  "fields": {
    "action_time": "2024-03-06T11:34:31.167Z",
    "user": 3,
    "content_type": 29,
    "object_id": "76f6ffc3-6331-46ee-bb36-d790cb917cec",
    "object_repr": "Абдурахмангаджи Попов - Не получал - 2024-02-08",
    "action_flag": 3,
    "change_message": ""
  }
},
{
  "model": "admin.logentry",
  "pk": 640,
  "fields": {
    "action_time": "2024-03-06T11:34:54.607Z",
    "user": 3,
    "content_type": 28,
    "object_id": "c6510bc6-4833-4c46-998c-e3e6a02854fb",
    "object_repr": "Не получал",
    "action_flag": 3,
    "change_message": ""
  }
},
{
  "model": "admin.logentry",
  "pk": 641,
  "fields": {
    "action_time": "2024-03-06T11:35:12.792Z",
    "user": 3,
    "content_type": 28,
    "object_id": "5e7cce27-747e-4746-a49e-610e02198213",
    "object_repr": "Я надежный амбассадор",
    "action_flag": 3,
    "change_message": ""
  }
},
{
  "model": "admin.logentry",
  "pk": 642,
  "fields": {
    "action_time": "2024-03-06T12:58:09.748Z",
    "user": 3,
    "content_type": 24,
    "object_id": "4939af35-fcf4-4398-979a-64e874d58680",
    "object_repr": "Толстовка - мерч направлен - 2023-12-01",
    "action_flag": 1,
    "change_message": "[{\"added\": {}}]"
  }
},
{
  "model": "admin.logentry",
  "pk": 643,
  "fields": {
    "action_time": "2024-03-06T12:59:13.562Z",
    "user": 3,
    "content_type": 24,
    "object_id": "d5b46c8a-aa02-4bea-bb43-792d01de5271",
    "object_repr": "Кофе - мерч направлен - 2024-02-12",
    "action_flag": 2,
    "change_message": "[{\"changed\": {\"fields\": [\"\\u0414\\u0430\\u0442\\u0430 \\u043f\\u0440\\u0438\\u0441\\u0432\\u043e\\u0435\\u043d\\u0438\\u044f\"]}}]"
  }
},
{
  "model": "admin.logentry",
  "pk": 644,
  "fields": {
    "action_time": "2024-03-06T12:59:34.828Z",
    "user": 3,
    "content_type": 24,
    "object_id": "b9d7b6e1-0afb-452b-83e1-aa04cda53421",
    "object_repr": "Стикеры - мерч направлен - 2024-02-12",
    "action_flag": 2,
    "change_message": "[{\"changed\": {\"fields\": [\"\\u0414\\u0430\\u0442\\u0430 \\u043f\\u0440\\u0438\\u0441\\u0432\\u043e\\u0435\\u043d\\u0438\\u044f\"]}}]"
  }
},
{
  "model": "admin.logentry",
  "pk": 645,
  "fields": {
    "action_time": "2024-03-06T12:59:55.043Z",
    "user": 3,
    "content_type": 24,
    "object_id": "148a1707-bda6-469e-a972-fac4481df577",
    "object_repr": "Толстовка - мерч направлен - 2024-02-12",
    "action_flag": 2,
    "change_message": "[{\"changed\": {\"fields\": [\"\\u0414\\u0430\\u0442\\u0430 \\u043f\\u0440\\u0438\\u0441\\u0432\\u043e\\u0435\\u043d\\u0438\\u044f\"]}}]"
  }
},
{
  "model": "admin.logentry",
  "pk": 646,
  "fields": {
    "action_time": "2024-03-06T13:01:53.541Z",
    "user": 3,
    "content_type": 24,
    "object_id": "06c60d39-ea25-4e12-9e15-543a185fc303",
    "object_repr": "Стикеры - мерч направлен - 2023-12-04",
    "action_flag": 1,
    "change_message": "[{\"added\": {}}]"
  }
},
{
  "model": "admin.logentry",
  "pk": 647,
  "fields": {
    "action_time": "2024-03-06T13:04:22.652Z",
    "user": 3,
    "content_type": 24,
    "object_id": "c28df88b-3b1c-48fe-a29f-87e7a3fb1c76",
    "object_repr": "Толстовка - мерч направлен - 2024-01-29",
    "action_flag": 1,
    "change_message": "[{\"added\": {}}]"
  }
},
{
  "model": "admin.logentry",
  "pk": 648,
  "fields": {
    "action_time": "2024-03-06T13:06:12.568Z",
    "user": 3,
    "content_type": 24,
    "object_id": "f5057149-376e-43f2-a571-d2b9ca910373",
    "object_repr": "Кофе - мерч направлен - 2023-02-20",
    "action_flag": 1,
    "change_message": "[{\"added\": {}}]"
  }
},
{
  "model": "admin.logentry",
  "pk": 649,
  "fields": {
    "action_time": "2024-03-06T13:08:25.592Z",
    "user": 3,
    "content_type": 24,
    "object_id": "fdf2aedc-7aae-412b-a838-e1bd55f8a86f",
    "object_repr": "Толстовка - на подтверждении адреса - 2024-02-29",
    "action_flag": 1,
    "change_message": "[{\"added\": {}}]"
  }
},
{
  "model": "admin.logentry",
  "pk": 650,
  "fields": {
    "action_time": "2024-03-06T13:13:48.516Z",
    "user": 3,
    "content_type": 24,
    "object_id": "3edfd968-5ab4-4c7f-8e35-d8603a4d01b1",
    "object_repr": "Стикеры - мерч направлен - 2023-03-30",
    "action_flag": 1,
    "change_message": "[{\"added\": {}}]"
  }
},
{
  "model": "admin.logentry",
  "pk": 651,
  "fields": {
    "action_time": "2024-03-06T13:15:35.115Z",
    "user": 3,
    "content_type": 24,
    "object_id": "15a740f9-e32b-4c8c-885a-d7f17c1ba4d7",
    "object_repr": "Кофе - мерч направлен - 2024-01-15",
    "action_flag": 1,
    "change_message": "[{\"added\": {}}]"
  }
},
{
  "model": "admin.logentry",
  "pk": 652,
  "fields": {
    "action_time": "2024-03-06T13:17:14.866Z",
    "user": 3,
    "content_type": 24,
    "object_id": "d8a4ec40-c007-4e38-8ec0-6c61cba6ce29",
    "object_repr": "Кофе - мерч направлен - 2023-10-06",
    "action_flag": 1,
    "change_message": "[{\"added\": {}}]"
  }
},
{
  "model": "admin.logentry",
  "pk": 653,
  "fields": {
    "action_time": "2024-03-06T13:18:14.927Z",
    "user": 3,
    "content_type": 24,
    "object_id": "b10e410e-a5a3-482e-b757-b039517a6d7a",
    "object_repr": "Толстовка - мерч направлен - 2023-12-18",
    "action_flag": 1,
    "change_message": "[{\"added\": {}}]"
  }
},
{
  "model": "admin.logentry",
  "pk": 654,
  "fields": {
    "action_time": "2024-03-06T13:19:11.334Z",
    "user": 3,
    "content_type": 24,
    "object_id": "78f0a1bc-8534-4fb3-9a8f-ff1854e84d1c",
    "object_repr": "Кофе - мерч направлен - 2023-12-04",
    "action_flag": 1,
    "change_message": "[{\"added\": {}}]"
  }
},
{
  "model": "admin.logentry",
  "pk": 655,
  "fields": {
    "action_time": "2024-03-06T13:19:56.899Z",
    "user": 3,
    "content_type": 24,
    "object_id": "0f96156c-08eb-4bdd-a0ac-86d5821860f9",
    "object_repr": "Кофе - мерч направлен - 2023-12-01",
    "action_flag": 1,
    "change_message": "[{\"added\": {}}]"
  }
},
{
  "model": "admin.logentry",
  "pk": 656,
  "fields": {
    "action_time": "2024-03-06T13:20:47.921Z",
    "user": 3,
    "content_type": 24,
    "object_id": "5a05f18b-ba15-44a9-8d37-c7cb47b4f07a",
    "object_repr": "Стикеры - мерч направлен - 2023-12-18",
    "action_flag": 1,
    "change_message": "[{\"added\": {}}]"
  }
},
{
  "model": "admin.logentry",
  "pk": 657,
  "fields": {
    "action_time": "2024-03-06T13:21:58.186Z",
    "user": 3,
    "content_type": 24,
    "object_id": "b67520da-591c-44ff-845e-1f3f8beea9a1",
    "object_repr": "Толстовка - мерч направлен - 2023-03-30",
    "action_flag": 1,
    "change_message": "[{\"added\": {}}]"
  }
},
{
  "model": "admin.logentry",
  "pk": 658,
  "fields": {
    "action_time": "2024-03-06T13:23:18.480Z",
    "user": 3,
    "content_type": 24,
    "object_id": "c1e74d35-cdb5-4d78-ae84-305a57c89d78",
    "object_repr": "Кофе - мерч направлен - 2023-11-01",
    "action_flag": 1,
    "change_message": "[{\"added\": {}}]"
  }
},
{
  "model": "admin.logentry",
  "pk": 659,
  "fields": {
    "action_time": "2024-03-06T13:24:41.436Z",
    "user": 3,
    "content_type": 24,
    "object_id": "04316074-5f75-420f-b021-6dfd39b82925",
    "object_repr": "Кофе - мерч направлен - 2024-02-19",
    "action_flag": 1,
    "change_message": "[{\"added\": {}}]"
  }
},
{
  "model": "admin.logentry",
  "pk": 660,
  "fields": {
    "action_time": "2024-03-06T13:25:51.965Z",
    "user": 3,
    "content_type": 24,
    "object_id": "e2e0ee87-4609-4cb9-9637-53c96e53d6d8",
    "object_repr": "Толстовка - мерч направлен - 2023-10-06",
    "action_flag": 1,
    "change_message": "[{\"added\": {}}]"
  }
},
{
  "model": "admin.logentry",
  "pk": 661,
  "fields": {
    "action_time": "2024-03-06T13:27:05.467Z",
    "user": 3,
    "content_type": 24,
    "object_id": "a587ebe0-4117-46c2-b647-479704e87322",
    "object_repr": "Кофе - мерч направлен - 2023-10-09",
    "action_flag": 1,
    "change_message": "[{\"added\": {}}]"
  }
},
{
  "model": "admin.logentry",
  "pk": 662,
  "fields": {
    "action_time": "2024-03-06T13:28:26.935Z",
    "user": 3,
    "content_type": 24,
    "object_id": "0ad50825-de63-46d5-939a-3589fccd61f2",
    "object_repr": "Кофе - мерч направлен - 2024-02-19",
    "action_flag": 1,
    "change_message": "[{\"added\": {}}]"
  }
},
{
  "model": "admin.logentry",
  "pk": 663,
  "fields": {
    "action_time": "2024-03-06T13:36:23.016Z",
    "user": 3,
    "content_type": 24,
    "object_id": "225d2cf8-c011-473f-bb1e-4ffc2d47ddc9",
    "object_repr": "Толстовка - мерч направлен - 2024-02-19",
    "action_flag": 1,
    "change_message": "[{\"added\": {}}]"
  }
},
{
  "model": "admin.logentry",
  "pk": 664,
  "fields": {
    "action_time": "2024-03-06T13:38:17.792Z",
    "user": 3,
    "content_type": 24,
    "object_id": "2a052c11-9a3f-426e-8fcf-6c65eab622af",
    "object_repr": "Стикеры - мерч направлен - 2024-01-29",
    "action_flag": 1,
    "change_message": "[{\"added\": {}}]"
  }
},
{
  "model": "admin.logentry",
  "pk": 665,
  "fields": {
    "action_time": "2024-03-06T13:39:20.031Z",
    "user": 3,
    "content_type": 24,
    "object_id": "fd92970f-523d-4884-aa50-2fbd26a640bb",
    "object_repr": "Стикеры - мерч направлен - 2024-02-20",
    "action_flag": 1,
    "change_message": "[{\"added\": {}}]"
  }
},
{
  "model": "admin.logentry",
  "pk": 666,
  "fields": {
    "action_time": "2024-03-06T13:40:07.935Z",
    "user": 3,
    "content_type": 24,
    "object_id": "d919bb86-9159-441b-b8c4-890e5f9e473f",
    "object_repr": "Толстовка - мерч направлен - 2024-02-20",
    "action_flag": 1,
    "change_message": "[{\"added\": {}}]"
  }
},
{
  "model": "admin.logentry",
  "pk": 667,
  "fields": {
    "action_time": "2024-03-06T13:41:29.523Z",
    "user": 3,
    "content_type": 24,
    "object_id": "d7105a4c-4345-4020-8b95-d4c106dadda3",
    "object_repr": "Стикеры - мерч направлен - 2023-09-23",
    "action_flag": 1,
    "change_message": "[{\"added\": {}}]"
  }
},
{
  "model": "admin.logentry",
  "pk": 668,
  "fields": {
    "action_time": "2024-03-06T13:42:22.177Z",
    "user": 3,
    "content_type": 24,
    "object_id": "0714457f-0c33-4297-8d6b-f0874a65f59f",
    "object_repr": "Кофе - мерч направлен - 2023-09-23",
    "action_flag": 1,
    "change_message": "[{\"added\": {}}]"
  }
},
{
  "model": "admin.logentry",
  "pk": 669,
  "fields": {
    "action_time": "2024-03-06T13:43:42.280Z",
    "user": 3,
    "content_type": 24,
    "object_id": "ec723383-9888-4161-a398-131cf0250ab0",
    "object_repr": "Стикеры - мерч направлен - 2023-11-01",
    "action_flag": 1,
    "change_message": "[{\"added\": {}}]"
  }
},
{
  "model": "admin.logentry",
  "pk": 670,
  "fields": {
    "action_time": "2024-03-06T13:44:43.612Z",
    "user": 3,
    "content_type": 24,
    "object_id": "25dcab99-ad1c-4960-87c6-cad268951a28",
    "object_repr": "Кофе - мерч направлен - 2023-12-18",
    "action_flag": 1,
    "change_message": "[{\"added\": {}}]"
  }
},
{
  "model": "admin.logentry",
  "pk": 671,
  "fields": {
    "action_time": "2024-03-06T13:45:37.298Z",
    "user": 3,
    "content_type": 24,
    "object_id": "80f7a46b-a895-401d-bba7-254ee0871180",
    "object_repr": "Толстовка - мерч направлен - 2023-02-20",
    "action_flag": 1,
    "change_message": "[{\"added\": {}}]"
  }
},
{
  "model": "admin.logentry",
  "pk": 672,
  "fields": {
    "action_time": "2024-03-06T13:47:00.074Z",
    "user": 3,
    "content_type": 24,
    "object_id": "cbec3add-2590-4049-a616-a9232cfdd2ab",
    "object_repr": "Толстовка - мерч направлен - 2023-09-23",
    "action_flag": 1,
    "change_message": "[{\"added\": {}}]"
  }
},
{
  "model": "admin.logentry",
  "pk": 673,
  "fields": {
    "action_time": "2024-03-06T13:48:32.650Z",
    "user": 3,
    "content_type": 24,
    "object_id": "6e0cdf81-b241-4c7e-8313-56f94940d7a9",
    "object_repr": "Стикеры - мерч направлен - 2024-01-15",
    "action_flag": 1,
    "change_message": "[{\"added\": {}}]"
  }
},
{
  "model": "admin.logentry",
  "pk": 674,
  "fields": {
    "action_time": "2024-03-06T13:49:51.327Z",
    "user": 3,
    "content_type": 24,
    "object_id": "3b773934-a208-4268-baf7-3feb823a353a",
    "object_repr": "Кофе - мерч направлен - 2023-03-30",
    "action_flag": 1,
    "change_message": "[{\"added\": {}}]"
  }
},
{
  "model": "admin.logentry",
  "pk": 675,
  "fields": {
    "action_time": "2024-03-06T13:50:42.074Z",
    "user": 3,
    "content_type": 24,
    "object_id": "ad2c2ab7-688c-40b8-8699-2ad15a03d898",
    "object_repr": "Стикеры - на подтверждении адреса - 2024-02-29",
    "action_flag": 1,
    "change_message": "[{\"added\": {}}]"
  }
},
{
  "model": "admin.logentry",
  "pk": 676,
  "fields": {
    "action_time": "2024-03-06T13:52:12.204Z",
    "user": 3,
    "content_type": 24,
    "object_id": "f8f25b11-4ee6-47c4-b477-02715113a0f6",
    "object_repr": "Кофе - мерч направлен - 2023-12-18",
    "action_flag": 1,
    "change_message": "[{\"added\": {}}]"
  }
},
{
  "model": "admin.logentry",
  "pk": 677,
  "fields": {
    "action_time": "2024-03-06T13:52:32.463Z",
    "user": 3,
    "content_type": 24,
    "object_id": "47c86f73-4ecb-43b0-9d25-1c9a84263c0b",
    "object_repr": "Кофе - на подтверждении адреса - 2024-02-29",
    "action_flag": 1,
    "change_message": "[{\"added\": {}}]"
  }
},
{
  "model": "admin.logentry",
  "pk": 678,
  "fields": {
    "action_time": "2024-03-06T13:53:14.056Z",
    "user": 3,
    "content_type": 24,
    "object_id": "d691a715-cc84-4b8a-8e11-121e3cf0bdb1",
    "object_repr": "Толстовка - мерч направлен - 2024-02-19",
    "action_flag": 1,
    "change_message": "[{\"added\": {}}]"
  }
},
{
  "model": "admin.logentry",
  "pk": 679,
  "fields": {
    "action_time": "2024-03-06T13:53:55.792Z",
    "user": 3,
    "content_type": 24,
    "object_id": "188fd210-0c25-46f2-ae8c-c90c372b5fba",
    "object_repr": "Стикеры - мерч направлен - 2023-12-18",
    "action_flag": 1,
    "change_message": "[{\"added\": {}}]"
  }
},
{
  "model": "admin.logentry",
  "pk": 680,
  "fields": {
    "action_time": "2024-03-06T13:54:44.359Z",
    "user": 3,
    "content_type": 24,
    "object_id": "d6ae3205-2c12-43bc-a4c7-6f1df2d74da6",
    "object_repr": "Толстовка - мерч направлен - 2023-12-18",
    "action_flag": 1,
    "change_message": "[{\"added\": {}}]"
  }
},
{
  "model": "admin.logentry",
  "pk": 681,
  "fields": {
    "action_time": "2024-03-06T13:57:47.382Z",
    "user": 3,
    "content_type": 24,
    "object_id": "f1f4aeed-f0bd-4dfc-ae58-ac9a79c32120",
    "object_repr": "Стикеры - мерч направлен - 2023-10-09",
    "action_flag": 1,
    "change_message": "[{\"added\": {}}]"
  }
},
{
  "model": "admin.logentry",
  "pk": 682,
  "fields": {
    "action_time": "2024-03-06T14:00:21.845Z",
    "user": 3,
    "content_type": 24,
    "object_id": "227df7dd-9a59-4417-9c63-223733598e76",
    "object_repr": "Кофе - мерч направлен - 2024-01-29",
    "action_flag": 1,
    "change_message": "[{\"added\": {}}]"
  }
},
{
  "model": "admin.logentry",
  "pk": 683,
  "fields": {
    "action_time": "2024-03-06T14:01:11.186Z",
    "user": 3,
    "content_type": 24,
    "object_id": "3dce2c02-2224-4535-be2e-cec204577c7e",
    "object_repr": "Кофе - мерч направлен - 2024-02-20",
    "action_flag": 1,
    "change_message": "[{\"added\": {}}]"
  }
},
{
  "model": "admin.logentry",
  "pk": 684,
  "fields": {
    "action_time": "2024-03-06T14:01:52.256Z",
    "user": 3,
    "content_type": 24,
    "object_id": "64d2ce7d-31f7-4503-be4f-a526fbb86ad9",
    "object_repr": "Стикеры - мерч направлен - 2024-02-19",
    "action_flag": 1,
    "change_message": "[{\"added\": {}}]"
  }
},
{
  "model": "admin.logentry",
  "pk": 685,
  "fields": {
    "action_time": "2024-03-06T14:02:33.740Z",
    "user": 3,
    "content_type": 24,
    "object_id": "4f72af09-e5fc-4844-9e52-3cd5aff704eb",
    "object_repr": "Толстовка - мерч направлен - 2023-12-04",
    "action_flag": 1,
    "change_message": "[{\"added\": {}}]"
  }
},
{
  "model": "admin.logentry",
  "pk": 686,
  "fields": {
    "action_time": "2024-03-06T14:03:25.716Z",
    "user": 3,
    "content_type": 24,
    "object_id": "df071fbc-f837-41f3-bd4e-2ef1832bad3e",
    "object_repr": "Толстовка - мерч направлен - 2023-10-09",
    "action_flag": 1,
    "change_message": "[{\"added\": {}}]"
  }
},
{
  "model": "admin.logentry",
  "pk": 687,
  "fields": {
    "action_time": "2024-03-06T14:04:17.679Z",
    "user": 3,
    "content_type": 24,
    "object_id": "17f403cd-62c4-4ce8-8393-3d6d5ce643b9",
    "object_repr": "Толстовка - мерч направлен - 2023-11-01",
    "action_flag": 1,
    "change_message": "[{\"added\": {}}]"
  }
},
{
  "model": "admin.logentry",
  "pk": 688,
  "fields": {
    "action_time": "2024-03-06T14:05:05.984Z",
    "user": 3,
    "content_type": 24,
    "object_id": "e03d626b-b200-482f-a091-fed9b0d8f253",
    "object_repr": "Стикеры - мерч направлен - 2023-10-06",
    "action_flag": 1,
    "change_message": "[{\"added\": {}}]"
  }
},
{
  "model": "admin.logentry",
  "pk": 689,
  "fields": {
    "action_time": "2024-03-06T14:05:39.797Z",
    "user": 3,
    "content_type": 24,
    "object_id": "947443f3-908d-4102-abf5-af7f4dced691",
    "object_repr": "Стикеры - мерч направлен - 2024-02-19",
    "action_flag": 1,
    "change_message": "[{\"added\": {}}]"
  }
},
{
  "model": "admin.logentry",
  "pk": 690,
  "fields": {
    "action_time": "2024-03-06T14:06:31.312Z",
    "user": 3,
    "content_type": 24,
    "object_id": "413e7426-aded-4020-93bc-421ae58bc980",
    "object_repr": "Стикеры - мерч направлен - 2023-12-01",
    "action_flag": 1,
    "change_message": "[{\"added\": {}}]"
  }
},
{
  "model": "admin.logentry",
  "pk": 691,
  "fields": {
    "action_time": "2024-03-06T14:07:34.127Z",
    "user": 3,
    "content_type": 24,
    "object_id": "4f3648c3-4941-4e7b-8b7b-aa62eb91a40f",
    "object_repr": "Стикеры - мерч направлен - 2023-02-20",
    "action_flag": 1,
    "change_message": "[{\"added\": {}}]"
  }
},
{
  "model": "admin.logentry",
  "pk": 692,
  "fields": {
    "action_time": "2024-03-06T14:21:02.599Z",
    "user": 3,
    "content_type": 24,
    "object_id": "42b3a2cd-16c3-41c4-af11-ea17b5dabaee",
    "object_repr": "Толстовка - мерч направлен - 2024-01-15",
    "action_flag": 1,
    "change_message": "[{\"added\": {}}]"
  }
},
{
  "model": "admin.logentry",
  "pk": 693,
  "fields": {
    "action_time": "2024-03-06T14:22:46.222Z",
    "user": 3,
    "content_type": 27,
    "object_id": "0102db54-f714-4c72-98ab-fd1ed6def5ec",
    "object_repr": "Шоппер - мерч направлен",
    "action_flag": 1,
    "change_message": "[{\"added\": {}}]"
  }
},
{
  "model": "admin.logentry",
  "pk": 694,
  "fields": {
    "action_time": "2024-03-06T14:24:54.635Z",
    "user": 3,
    "content_type": 22,
    "object_id": "a1b553aa-838a-4b98-9556-98e1cdb7ad8c",
    "object_repr": "Денис Иванов - Шоппер - мерч направлен",
    "action_flag": 1,
    "change_message": "[{\"added\": {}}]"
  }
},
{
  "model": "admin.logentry",
  "pk": 695,
  "fields": {
    "action_time": "2024-03-06T14:26:17.809Z",
    "user": 3,
    "content_type": 27,
    "object_id": "ea7c7f8a-9c66-4c7b-b6ac-d5417f0a673c",
    "object_repr": "Шоппер - мерч направлен",
    "action_flag": 1,
    "change_message": "[{\"added\": {}}]"
  }
},
{
  "model": "admin.logentry",
  "pk": 696,
  "fields": {
    "action_time": "2024-03-06T14:27:06.434Z",
    "user": 3,
    "content_type": 27,
    "object_id": "341f19aa-8be0-4e0b-a24d-d6b707b72e16",
    "object_repr": "Шоппер - мерч направлен",
    "action_flag": 1,
    "change_message": "[{\"added\": {}}]"
  }
},
{
  "model": "admin.logentry",
  "pk": 697,
  "fields": {
    "action_time": "2024-03-06T14:27:55.083Z",
    "user": 3,
    "content_type": 27,
    "object_id": "8447ec94-3a20-455b-884f-3a495bb3dce1",
    "object_repr": "Шоппер - мерч направлен",
    "action_flag": 1,
    "change_message": "[{\"added\": {}}]"
  }
},
{
  "model": "admin.logentry",
  "pk": 698,
  "fields": {
    "action_time": "2024-03-06T14:29:56.103Z",
    "user": 3,
    "content_type": 27,
    "object_id": "d60bf861-690e-441a-9394-7141f7a4df09",
    "object_repr": "Шоппер - мерч направлен",
    "action_flag": 1,
    "change_message": "[{\"added\": {}}]"
  }
},
{
  "model": "admin.logentry",
  "pk": 699,
  "fields": {
    "action_time": "2024-03-06T14:30:54.897Z",
    "user": 3,
    "content_type": 27,
    "object_id": "a59e937e-e2ed-4bee-a378-60114c472a30",
    "object_repr": "Шоппер - мерч направлен",
    "action_flag": 1,
    "change_message": "[{\"added\": {}}]"
  }
},
{
  "model": "admin.logentry",
  "pk": 700,
  "fields": {
    "action_time": "2024-03-06T14:31:38.062Z",
    "user": 3,
    "content_type": 27,
    "object_id": "c35e844b-6403-491e-ae01-1a7f539bd35f",
    "object_repr": "Шоппер - мерч направлен",
    "action_flag": 1,
    "change_message": "[{\"added\": {}}]"
  }
},
{
  "model": "admin.logentry",
  "pk": 701,
  "fields": {
    "action_time": "2024-03-06T14:32:35.301Z",
    "user": 3,
    "content_type": 27,
    "object_id": "34950582-2d6e-4899-93ad-c115990c8099",
    "object_repr": "Шоппер - мерч направлен",
    "action_flag": 1,
    "change_message": "[{\"added\": {}}]"
  }
},
{
  "model": "admin.logentry",
  "pk": 702,
  "fields": {
    "action_time": "2024-03-06T14:33:14.431Z",
    "user": 3,
    "content_type": 27,
    "object_id": "70319e46-2d2e-40c6-ae71-3b20190a58b2",
    "object_repr": "Шоппер - мерч направлен",
    "action_flag": 1,
    "change_message": "[{\"added\": {}}]"
  }
},
{
  "model": "admin.logentry",
  "pk": 703,
  "fields": {
    "action_time": "2024-03-06T14:34:30.959Z",
    "user": 3,
    "content_type": 27,
    "object_id": "1eaac82f-90ab-46a8-aeb8-535ddb3970cc",
    "object_repr": "Шоппер - мерч направлен",
    "action_flag": 1,
    "change_message": "[{\"added\": {}}]"
  }
},
{
  "model": "admin.logentry",
  "pk": 704,
  "fields": {
    "action_time": "2024-03-06T14:36:15.021Z",
    "user": 3,
    "content_type": 22,
    "object_id": "15665ffc-a3f8-4ed5-b90d-3246c5aad991",
    "object_repr": "Михаил Василевский - Шоппер - мерч направлен",
    "action_flag": 1,
    "change_message": "[{\"added\": {}}]"
  }
},
{
  "model": "admin.logentry",
  "pk": 705,
  "fields": {
    "action_time": "2024-03-06T14:37:11.463Z",
    "user": 3,
    "content_type": 22,
    "object_id": "8e1dd2a8-1845-48e4-a25d-981a6af51b5f",
    "object_repr": "Александр Волков - Шоппер - мерч направлен",
    "action_flag": 1,
    "change_message": "[{\"added\": {}}]"
  }
},
{
  "model": "admin.logentry",
  "pk": 706,
  "fields": {
    "action_time": "2024-03-06T14:37:45.431Z",
    "user": 3,
    "content_type": 22,
    "object_id": "ecda458f-05b7-45e8-9f2d-7b454a7469fa",
    "object_repr": "Наталья Морозова - Шоппер - мерч направлен",
    "action_flag": 1,
    "change_message": "[{\"added\": {}}]"
  }
},
{
  "model": "admin.logentry",
  "pk": 707,
  "fields": {
    "action_time": "2024-03-06T14:38:33.677Z",
    "user": 3,
    "content_type": 22,
    "object_id": "775b3828-ebee-4728-acd2-6da3132615c9",
    "object_repr": "Игорь Ленц - Шоппер - мерч направлен",
    "action_flag": 1,
    "change_message": "[{\"added\": {}}]"
  }
},
{
  "model": "admin.logentry",
  "pk": 708,
  "fields": {
    "action_time": "2024-03-06T14:39:07.209Z",
    "user": 3,
    "content_type": 22,
    "object_id": "47c3d548-450a-40d4-901e-4463d6042eea",
    "object_repr": "Инесса Залужная - Шоппер - мерч направлен",
    "action_flag": 1,
    "change_message": "[{\"added\": {}}]"
  }
},
{
  "model": "admin.logentry",
  "pk": 709,
  "fields": {
    "action_time": "2024-03-06T14:39:47.262Z",
    "user": 3,
    "content_type": 22,
    "object_id": "af2d20ca-c2c7-42a4-b81c-dc53e5fcd31b",
    "object_repr": "Вадим Петров - Шоппер - мерч направлен",
    "action_flag": 1,
    "change_message": "[{\"added\": {}}]"
  }
},
{
  "model": "admin.logentry",
  "pk": 710,
  "fields": {
    "action_time": "2024-03-06T14:40:11.888Z",
    "user": 3,
    "content_type": 22,
    "object_id": "03e66f49-c7db-43b4-a642-8cdc8954951d",
    "object_repr": "Иван Смирнов - Шоппер - мерч направлен",
    "action_flag": 1,
    "change_message": "[{\"added\": {}}]"
  }
},
{
  "model": "admin.logentry",
  "pk": 711,
  "fields": {
    "action_time": "2024-03-06T14:40:33.102Z",
    "user": 3,
    "content_type": 22,
    "object_id": "c8309870-60a4-4d52-b847-3a22c6579f65",
    "object_repr": "Марина Петрова - Шоппер - мерч направлен",
    "action_flag": 1,
    "change_message": "[{\"added\": {}}]"
  }
},
{
  "model": "admin.logentry",
  "pk": 712,
  "fields": {
    "action_time": "2024-03-06T14:41:10.825Z",
    "user": 3,
    "content_type": 22,
    "object_id": "4abdc356-f06d-4994-8e53-3845b6f08778",
    "object_repr": "Валентин Иллистратов - Шоппер - мерч направлен",
    "action_flag": 1,
    "change_message": "[{\"added\": {}}]"
  }
},
{
  "model": "admin.logentry",
  "pk": 713,
  "fields": {
    "action_time": "2024-03-06T14:42:43.366Z",
    "user": 3,
    "content_type": 24,
    "object_id": "59a64c5f-86a7-4ba0-bf28-1cba00a1cba2",
    "object_repr": "Шоппер - мерч направлен - 2023-05-04",
    "action_flag": 1,
    "change_message": "[{\"added\": {}}]"
  }
},
{
  "model": "admin.logentry",
  "pk": 714,
  "fields": {
    "action_time": "2024-03-06T14:43:06.119Z",
    "user": 3,
    "content_type": 24,
    "object_id": "93c12986-9e6f-4631-98ed-4a862eb388c7",
    "object_repr": "Шоппер - мерч направлен - 2023-04-08",
    "action_flag": 1,
    "change_message": "[{\"added\": {}}]"
  }
},
{
  "model": "admin.logentry",
  "pk": 715,
  "fields": {
    "action_time": "2024-03-06T14:43:27.127Z",
    "user": 3,
    "content_type": 24,
    "object_id": "1061fea0-faa7-4a3c-a8fb-62f70317ecae",
    "object_repr": "Шоппер - мерч направлен - 2024-01-27",
    "action_flag": 1,
    "change_message": "[{\"added\": {}}]"
  }
},
{
  "model": "admin.logentry",
  "pk": 716,
  "fields": {
    "action_time": "2024-03-06T14:43:49.095Z",
    "user": 3,
    "content_type": 24,
    "object_id": "0e9e9f3b-3043-4bcc-ae17-b260173286d8",
    "object_repr": "Шоппер - мерч направлен - 2024-01-28",
    "action_flag": 1,
    "change_message": "[{\"added\": {}}]"
  }
},
{
  "model": "admin.logentry",
  "pk": 717,
  "fields": {
    "action_time": "2024-03-06T14:44:17.073Z",
    "user": 3,
    "content_type": 24,
    "object_id": "71dff224-f57f-4068-84b2-fa178c7342f6",
    "object_repr": "Шоппер - мерч направлен - 2023-11-04",
    "action_flag": 1,
    "change_message": "[{\"added\": {}}]"
  }
},
{
  "model": "admin.logentry",
  "pk": 718,
  "fields": {
    "action_time": "2024-03-06T14:44:42.213Z",
    "user": 3,
    "content_type": 24,
    "object_id": "a5dbac3d-1d2e-472c-999c-04130d36e545",
    "object_repr": "Шоппер - мерч направлен - 2023-11-20",
    "action_flag": 1,
    "change_message": "[{\"added\": {}}]"
  }
},
{
  "model": "admin.logentry",
  "pk": 719,
  "fields": {
    "action_time": "2024-03-06T14:45:06.118Z",
    "user": 3,
    "content_type": 24,
    "object_id": "35355f07-3957-40f8-918d-97ff2bab0ee3",
    "object_repr": "Шоппер - мерч направлен - 2024-02-11",
    "action_flag": 1,
    "change_message": "[{\"added\": {}}]"
  }
},
{
  "model": "admin.logentry",
  "pk": 720,
  "fields": {
    "action_time": "2024-03-06T14:45:27.519Z",
    "user": 3,
    "content_type": 24,
    "object_id": "825134d4-c3f4-4ee3-949a-f2cd54cffcda",
    "object_repr": "Шоппер - мерч направлен - 2023-12-22",
    "action_flag": 1,
    "change_message": "[{\"added\": {}}]"
  }
},
{
  "model": "admin.logentry",
  "pk": 721,
  "fields": {
    "action_time": "2024-03-06T14:45:57.069Z",
    "user": 3,
    "content_type": 24,
    "object_id": "57e6c06f-ea6c-477c-9b6d-20a745aa41f9",
    "object_repr": "Шоппер - мерч направлен - 2024-02-14",
    "action_flag": 1,
    "change_message": "[{\"added\": {}}]"
  }
},
{
  "model": "admin.logentry",
  "pk": 722,
  "fields": {
    "action_time": "2024-03-06T14:46:53.791Z",
    "user": 3,
    "content_type": 24,
    "object_id": "4b98463c-636e-47a4-bb2c-390713f9850e",
    "object_repr": "Шоппер - мерч направлен - 2023-12-22",
    "action_flag": 1,
    "change_message": "[{\"added\": {}}]"
  }
},
{
  "model": "admin.logentry",
  "pk": 723,
  "fields": {
    "action_time": "2024-03-06T14:48:58.185Z",
    "user": 3,
    "content_type": 27,
    "object_id": "35c88c59-0e6c-4c68-9f91-1efd669999c4",
    "object_repr": "Алиса биг - мерч направлен",
    "action_flag": 1,
    "change_message": "[{\"added\": {}}]"
  }
},
{
  "model": "admin.logentry",
  "pk": 724,
  "fields": {
    "action_time": "2024-03-06T14:49:50.709Z",
    "user": 3,
    "content_type": 27,
    "object_id": "60ef8c7e-6425-4edf-8169-cf9c926c45b9",
    "object_repr": "Алиса мини - мерч направлен",
    "action_flag": 1,
    "change_message": "[{\"added\": {}}]"
  }
},
{
  "model": "admin.logentry",
  "pk": 725,
  "fields": {
    "action_time": "2024-03-06T14:52:58.970Z",
    "user": 3,
    "content_type": 22,
    "object_id": "1dca1b8a-96c5-4c65-8929-19186a5bad68",
    "object_repr": "Денис Иванов - Алиса биг - мерч направлен",
    "action_flag": 1,
    "change_message": "[{\"added\": {}}]"
  }
},
{
  "model": "admin.logentry",
  "pk": 726,
  "fields": {
    "action_time": "2024-03-06T14:53:30.402Z",
    "user": 3,
    "content_type": 22,
    "object_id": "4d0ebd7a-8a8d-4651-9682-66148b930b4e",
    "object_repr": "Михаил Василевский - Алиса мини - мерч направлен",
    "action_flag": 1,
    "change_message": "[{\"added\": {}}]"
  }
},
{
  "model": "admin.logentry",
  "pk": 727,
  "fields": {
    "action_time": "2024-03-06T14:54:10.904Z",
    "user": 3,
    "content_type": 24,
    "object_id": "56d61e16-9f61-42cd-b682-f7f21023bcf8",
    "object_repr": "Алиса биг - мерч направлен - 2023-07-02",
    "action_flag": 1,
    "change_message": "[{\"added\": {}}]"
  }
},
{
  "model": "admin.logentry",
  "pk": 728,
  "fields": {
    "action_time": "2024-03-06T14:54:30.009Z",
    "user": 3,
    "content_type": 24,
    "object_id": "42aad306-61f1-40d7-933f-b24b90390115",
    "object_repr": "Алиса мини - мерч направлен - 2023-06-15",
    "action_flag": 1,
    "change_message": "[{\"added\": {}}]"
  }
},
{
  "model": "admin.logentry",
  "pk": 729,
  "fields": {
    "action_time": "2024-03-06T15:04:34.760Z",
    "user": 3,
    "content_type": 17,
    "object_id": "174122d0-67c0-4ecc-b6a7-8cc8854ea113",
    "object_repr": "Привет, амбассадор! Добро пожа",
    "action_flag": 1,
    "change_message": "[{\"added\": {}}]"
  }
},
{
  "model": "admin.logentry",
  "pk": 730,
  "fields": {
    "action_time": "2024-03-06T15:05:11.434Z",
    "user": 3,
    "content_type": 17,
    "object_id": "a60b059c-9b4b-4fe0-963d-24e93253ff69",
    "object_repr": "Привет, амбассадор! Добро пожа",
    "action_flag": 1,
    "change_message": "[{\"added\": {}}]"
  }
},
{
  "model": "admin.logentry",
  "pk": 731,
  "fields": {
    "action_time": "2024-03-06T15:05:32.759Z",
    "user": 3,
    "content_type": 17,
    "object_id": "ccd74c30-7497-4f66-b617-9a4b89d07be3",
    "object_repr": "Привет, амбассадор! Добро пожа",
    "action_flag": 1,
    "change_message": "[{\"added\": {}}]"
  }
},
{
  "model": "admin.logentry",
  "pk": 732,
  "fields": {
    "action_time": "2024-03-06T15:05:56.505Z",
    "user": 3,
    "content_type": 17,
    "object_id": "b5fd3acc-bc85-4bc3-bd98-c77703928cf6",
    "object_repr": "Привет, амбассадор! Добро пожа",
    "action_flag": 1,
    "change_message": "[{\"added\": {}}]"
  }
},
{
  "model": "admin.logentry",
  "pk": 733,
  "fields": {
    "action_time": "2024-03-06T15:06:18.763Z",
    "user": 3,
    "content_type": 17,
    "object_id": "56338505-3642-43f2-842b-73cfb85bc847",
    "object_repr": "Привет, амбассадор! Добро пожа",
    "action_flag": 1,
    "change_message": "[{\"added\": {}}]"
  }
},
{
  "model": "admin.logentry",
  "pk": 734,
  "fields": {
    "action_time": "2024-03-06T15:06:39.911Z",
    "user": 3,
    "content_type": 17,
    "object_id": "85a68c6f-d5bc-455f-b8c5-5b191188a9f4",
    "object_repr": "Привет, амбассадор! Добро пожа",
    "action_flag": 1,
    "change_message": "[{\"added\": {}}]"
  }
},
{
  "model": "admin.logentry",
  "pk": 735,
  "fields": {
    "action_time": "2024-03-06T15:06:56.283Z",
    "user": 3,
    "content_type": 17,
    "object_id": "41000fed-58f2-49af-ab3e-c389bfa6baae",
    "object_repr": "Привет, амбассадор! Добро пожа",
    "action_flag": 1,
    "change_message": "[{\"added\": {}}]"
  }
},
{
  "model": "admin.logentry",
  "pk": 736,
  "fields": {
    "action_time": "2024-03-06T15:07:12.412Z",
    "user": 3,
    "content_type": 17,
    "object_id": "b5ab4566-1772-45f0-a53c-d6ec6c7e7d10",
    "object_repr": "Привет, амбассадор! Добро пожа",
    "action_flag": 1,
    "change_message": "[{\"added\": {}}]"
  }
},
{
  "model": "admin.logentry",
  "pk": 737,
  "fields": {
    "action_time": "2024-03-06T15:07:35.713Z",
    "user": 3,
    "content_type": 17,
    "object_id": "36cfd731-cb26-4f10-87d7-e28324811c14",
    "object_repr": "Привет, амбассадор! Добро пожа",
    "action_flag": 1,
    "change_message": "[{\"added\": {}}]"
  }
},
{
  "model": "admin.logentry",
  "pk": 738,
  "fields": {
    "action_time": "2024-03-06T15:07:54.874Z",
    "user": 3,
    "content_type": 17,
    "object_id": "669548b7-511e-43b9-b5e4-91d714e23a2e",
    "object_repr": "Привет, амбассадор! Добро пожа",
    "action_flag": 1,
    "change_message": "[{\"added\": {}}]"
  }
},
{
  "model": "admin.logentry",
  "pk": 739,
  "fields": {
    "action_time": "2024-03-06T15:08:13.957Z",
    "user": 3,
    "content_type": 17,
    "object_id": "32a93528-cdd1-40e0-a788-a4aec006cf14",
    "object_repr": "Привет, амбассадор! Добро пожа",
    "action_flag": 1,
    "change_message": "[{\"added\": {}}]"
  }
},
{
  "model": "admin.logentry",
  "pk": 740,
  "fields": {
    "action_time": "2024-03-06T15:09:31.912Z",
    "user": 3,
    "content_type": 17,
    "object_id": "d7c901ad-8e71-4454-b8d4-a16ca483fac4",
    "object_repr": "Привет, амбассадор! Добро пожа",
    "action_flag": 1,
    "change_message": "[{\"added\": {}}]"
  }
},
{
  "model": "admin.logentry",
  "pk": 741,
  "fields": {
    "action_time": "2024-03-06T15:09:44.138Z",
    "user": 3,
    "content_type": 17,
    "object_id": "b5351b63-2f8e-4d75-bcde-8f45a4140377",
    "object_repr": "Привет, амбассадор! Добро пожа",
    "action_flag": 1,
    "change_message": "[{\"added\": {}}]"
  }
},
{
  "model": "admin.logentry",
  "pk": 742,
  "fields": {
    "action_time": "2024-03-06T15:10:00.880Z",
    "user": 3,
    "content_type": 17,
    "object_id": "eeed41f0-c4c0-4410-abf3-3d777318ef72",
    "object_repr": "Привет, амбассадор! Добро пожа",
    "action_flag": 1,
    "change_message": "[{\"added\": {}}]"
  }
},
{
  "model": "admin.logentry",
  "pk": 743,
  "fields": {
    "action_time": "2024-03-06T15:10:17.251Z",
    "user": 3,
    "content_type": 17,
    "object_id": "0f44c5cf-c907-43e8-a580-34dcba9af9f4",
    "object_repr": "Привет, амбассадор! Добро пожа",
    "action_flag": 1,
    "change_message": "[{\"added\": {}}]"
  }
},
{
  "model": "admin.logentry",
  "pk": 744,
  "fields": {
    "action_time": "2024-03-06T15:10:40.763Z",
    "user": 3,
    "content_type": 17,
    "object_id": "a0eba607-0e8d-476e-aa3f-b50bc08d7648",
    "object_repr": "Привет, амбассадор! Добро пожа",
    "action_flag": 1,
    "change_message": "[{\"added\": {}}]"
  }
},
{
  "model": "admin.logentry",
  "pk": 745,
  "fields": {
    "action_time": "2024-03-06T15:11:01.158Z",
    "user": 3,
    "content_type": 17,
    "object_id": "ebffd90c-5b87-44f7-95ad-0e33d558b281",
    "object_repr": "Привет, амбассадор! Добро пожа",
    "action_flag": 1,
    "change_message": "[{\"added\": {}}]"
  }
},
{
  "model": "admin.logentry",
  "pk": 746,
  "fields": {
    "action_time": "2024-03-06T15:12:08.877Z",
    "user": 3,
    "content_type": 21,
    "object_id": "0f07e9ba-5b7f-4768-827b-9cbd94e36c27",
    "object_repr": "Борисова Анастасия - Привет, амбассадор! Добро пожа",
    "action_flag": 1,
    "change_message": "[{\"added\": {}}]"
  }
},
{
  "model": "admin.logentry",
  "pk": 747,
  "fields": {
    "action_time": "2024-03-06T15:12:53.343Z",
    "user": 3,
    "content_type": 21,
    "object_id": "b11af4d2-f6c0-40d0-8aef-f56fcefb8492",
    "object_repr": "Борисова Анастасия - Привет, амбассадор! Добро пожа",
    "action_flag": 1,
    "change_message": "[{\"added\": {}}]"
  }
},
{
  "model": "admin.logentry",
  "pk": 748,
  "fields": {
    "action_time": "2024-03-06T15:13:24.478Z",
    "user": 3,
    "content_type": 21,
    "object_id": "a1f87e5e-bbbb-4366-81e6-3d7633fdc11d",
    "object_repr": "Борисова Анастасия - Привет, амбассадор! Добро пожа",
    "action_flag": 1,
    "change_message": "[{\"added\": {}}]"
  }
},
{
  "model": "admin.logentry",
  "pk": 749,
  "fields": {
    "action_time": "2024-03-06T15:13:52.324Z",
    "user": 3,
    "content_type": 21,
    "object_id": "ae1d2a71-ac33-4f8b-9c81-a097c388e4a6",
    "object_repr": "Борисова Анастасия - Привет, амбассадор! Добро пожа",
    "action_flag": 1,
    "change_message": "[{\"added\": {}}]"
  }
},
{
  "model": "admin.logentry",
  "pk": 750,
  "fields": {
    "action_time": "2024-03-06T15:14:24.497Z",
    "user": 3,
    "content_type": 21,
    "object_id": "73e4352b-9633-41d2-96a0-3156640ac20f",
    "object_repr": "Борисова Анастасия - Привет, амбассадор! Добро пожа",
    "action_flag": 1,
    "change_message": "[{\"added\": {}}]"
  }
},
{
  "model": "admin.logentry",
  "pk": 751,
  "fields": {
    "action_time": "2024-03-06T15:15:15.216Z",
    "user": 3,
    "content_type": 21,
    "object_id": "d8b777c2-9882-4c9f-b7ff-6bc3ca71a02c",
    "object_repr": "Борисова Анастасия - Привет, амбассадор! Добро пожа",
    "action_flag": 1,
    "change_message": "[{\"added\": {}}]"
  }
},
{
  "model": "admin.logentry",
  "pk": 752,
  "fields": {
    "action_time": "2024-03-06T15:16:02.633Z",
    "user": 3,
    "content_type": 21,
    "object_id": "e4937a41-836a-4cbf-b48b-c876f24ebcc0",
    "object_repr": "Борисова Анастасия - Привет, амбассадор! Добро пожа",
    "action_flag": 1,
    "change_message": "[{\"added\": {}}]"
  }
},
{
  "model": "admin.logentry",
  "pk": 753,
  "fields": {
    "action_time": "2024-03-06T15:17:11.940Z",
    "user": 3,
    "content_type": 21,
    "object_id": "e692ecd9-e2ad-440c-9131-27577f26e72b",
    "object_repr": "Борисова Анастасия - Привет, амбассадор! Добро пожа",
    "action_flag": 1,
    "change_message": "[{\"added\": {}}]"
  }
},
{
  "model": "admin.logentry",
  "pk": 754,
  "fields": {
    "action_time": "2024-03-06T15:23:05.377Z",
    "user": 3,
    "content_type": 21,
    "object_id": "03294e83-7d2a-48a2-9610-3c835374d078",
    "object_repr": "Борисова Анастасия - Привет, амбассадор! Добро пожа",
    "action_flag": 1,
    "change_message": "[{\"added\": {}}]"
  }
},
{
  "model": "admin.logentry",
  "pk": 755,
  "fields": {
    "action_time": "2024-03-06T15:23:50.613Z",
    "user": 3,
    "content_type": 21,
    "object_id": "e122fb5f-0607-4668-b6e3-ee7fe758793e",
    "object_repr": "Борисова Анастасия - Привет, амбассадор! Добро пожа",
    "action_flag": 1,
    "change_message": "[{\"added\": {}}]"
  }
},
{
  "model": "admin.logentry",
  "pk": 756,
  "fields": {
    "action_time": "2024-03-06T15:31:38.791Z",
    "user": 3,
    "content_type": 21,
    "object_id": "a574eb87-0d63-431d-8352-3fd988aa3445",
    "object_repr": "Борисова Анастасия - Привет, амбассадор! Добро пожа",
    "action_flag": 1,
    "change_message": "[{\"added\": {}}]"
  }
},
{
  "model": "admin.logentry",
  "pk": 757,
  "fields": {
    "action_time": "2024-03-06T15:32:13.825Z",
    "user": 3,
    "content_type": 21,
    "object_id": "54d162ba-b98e-4ab6-95d3-652aa3f0990e",
    "object_repr": "Борисова Анастасия - Привет, амбассадор! Добро пожа",
    "action_flag": 1,
    "change_message": "[{\"added\": {}}]"
  }
},
{
  "model": "admin.logentry",
  "pk": 758,
  "fields": {
    "action_time": "2024-03-06T15:32:45.338Z",
    "user": 3,
    "content_type": 21,
    "object_id": "433e5c56-36fa-45a4-a12c-5601051d10f0",
    "object_repr": "Борисова Анастасия - Привет, амбассадор! Добро пожа",
    "action_flag": 1,
    "change_message": "[{\"added\": {}}]"
  }
},
{
  "model": "admin.logentry",
  "pk": 759,
  "fields": {
    "action_time": "2024-03-06T15:33:19.020Z",
    "user": 3,
    "content_type": 21,
    "object_id": "abeeddbe-4a6f-447b-ac2a-299fa0099523",
    "object_repr": "Борисова Анастасия - Привет, амбассадор! Добро пожа",
    "action_flag": 1,
    "change_message": "[{\"added\": {}}]"
  }
},
{
  "model": "admin.logentry",
  "pk": 760,
  "fields": {
    "action_time": "2024-03-06T15:33:43.299Z",
    "user": 3,
    "content_type": 21,
    "object_id": "62ee6681-911e-469c-a0db-d6fc3550ef34",
    "object_repr": "Борисова Анастасия - Привет, амбассадор! Добро пожа",
    "action_flag": 1,
    "change_message": "[{\"added\": {}}]"
  }
},
{
  "model": "admin.logentry",
  "pk": 761,
  "fields": {
    "action_time": "2024-03-06T15:34:03.708Z",
    "user": 3,
    "content_type": 21,
    "object_id": "78d5413f-c29f-4f55-9c56-fadba13f9002",
    "object_repr": "Борисова Анастасия - Привет, амбассадор! Добро пожа",
    "action_flag": 1,
    "change_message": "[{\"added\": {}}]"
  }
},
{
  "model": "admin.logentry",
  "pk": 762,
  "fields": {
    "action_time": "2024-03-06T15:41:54.644Z",
    "user": 3,
    "content_type": 17,
    "object_id": "a8f01d7b-4cc9-4c97-ba5c-b101d4802b96",
    "object_repr": "Анастасия , добрый день! Хочу ",
    "action_flag": 1,
    "change_message": "[{\"added\": {}}]"
  }
},
{
  "model": "admin.logentry",
  "pk": 763,
  "fields": {
    "action_time": "2024-03-06T15:43:02.589Z",
    "user": 3,
    "content_type": 17,
    "object_id": "873f9eed-7ba5-4113-b46c-5b7fd259b4c4",
    "object_repr": "Анастасия , добрый день! Хочу ",
    "action_flag": 1,
    "change_message": "[{\"added\": {}}]"
  }
},
{
  "model": "admin.logentry",
  "pk": 764,
  "fields": {
    "action_time": "2024-03-06T15:43:41.374Z",
    "user": 3,
    "content_type": 17,
    "object_id": "873f9eed-7ba5-4113-b46c-5b7fd259b4c4",
    "object_repr": "Анастасия , добрый день! Хочу ",
    "action_flag": 2,
    "change_message": "[{\"changed\": {\"fields\": [\"\\u0422\\u0435\\u043a\\u0441\\u0442 \\u0441\\u043e\\u043e\\u0431\\u0449\\u0435\\u043d\\u0438\\u044f\", \"\\u0414\\u0430\\u0442\\u0430 \\u0441\\u043e\\u043e\\u0431\\u0449\\u0435\\u043d\\u0438\\u044f\"]}}]"
  }
},
{
  "model": "admin.logentry",
  "pk": 765,
  "fields": {
    "action_time": "2024-03-06T15:44:34.320Z",
    "user": 3,
    "content_type": 21,
    "object_id": "71daaba9-29a2-49f9-98e9-caa36279bdfc",
    "object_repr": "Борисова Анастасия - Анастасия , добрый день! Хочу ",
    "action_flag": 1,
    "change_message": "[{\"added\": {}}]"
  }
},
{
  "model": "admin.logentry",
  "pk": 766,
  "fields": {
    "action_time": "2024-03-06T15:44:59.881Z",
    "user": 3,
    "content_type": 21,
    "object_id": "601efad4-3bdf-4e1f-bc53-5dd7391f6418",
    "object_repr": "Борисова Анастасия - Анастасия , добрый день! Хочу ",
    "action_flag": 1,
    "change_message": "[{\"added\": {}}]"
  }
},
{
  "model": "admin.logentry",
  "pk": 767,
  "fields": {
    "action_time": "2024-03-06T15:46:13.176Z",
    "user": 3,
    "content_type": 17,
    "object_id": "a8f01d7b-4cc9-4c97-ba5c-b101d4802b96",
    "object_repr": "Анастасия , добрый день! Хочу ",
    "action_flag": 2,
    "change_message": "[{\"changed\": {\"fields\": [\"Message type\"]}}]"
  }
},
{
  "model": "admin.logentry",
  "pk": 768,
  "fields": {
    "action_time": "2024-03-06T15:46:31.169Z",
    "user": 3,
    "content_type": 17,
    "object_id": "873f9eed-7ba5-4113-b46c-5b7fd259b4c4",
    "object_repr": "Анастасия , добрый день! Хочу ",
    "action_flag": 2,
    "change_message": "[{\"changed\": {\"fields\": [\"Message type\"]}}]"
  }
},
{
  "model": "admin.logentry",
  "pk": 769,
  "fields": {
    "action_time": "2024-03-06T15:48:15.304Z",
    "user": 3,
    "content_type": 17,
    "object_id": "12438dbe-f9ae-4675-9afb-87b6bb9a17ee",
    "object_repr": "Направляю отчет о выполнении з",
    "action_flag": 1,
    "change_message": "[{\"added\": {}}]"
  }
},
{
  "model": "admin.logentry",
  "pk": 770,
  "fields": {
    "action_time": "2024-03-06T15:49:09.981Z",
    "user": 3,
    "content_type": 17,
    "object_id": "c47e882f-a137-4ec7-abd3-c1b64bff125b",
    "object_repr": "Направляю отчет о выполнении з",
    "action_flag": 1,
    "change_message": "[{\"added\": {}}]"
  }
},
{
  "model": "admin.logentry",
  "pk": 771,
  "fields": {
    "action_time": "2024-03-06T15:49:38.354Z",
    "user": 3,
    "content_type": 21,
    "object_id": "fd6b2a0d-be95-43d1-a4df-0dc2c5dda508",
    "object_repr": "Борисова Анастасия - Направляю отчет о выполнении з",
    "action_flag": 1,
    "change_message": "[{\"added\": {}}]"
  }
},
{
  "model": "admin.logentry",
  "pk": 772,
  "fields": {
    "action_time": "2024-03-06T15:50:09.449Z",
    "user": 3,
    "content_type": 21,
    "object_id": "58be6d12-a0b5-4f9b-ac80-f0b3bf6f1d3e",
    "object_repr": "Борисова Анастасия - Направляю отчет о выполнении з",
    "action_flag": 1,
    "change_message": "[{\"added\": {}}]"
  }
},
{
  "model": "admin.logentry",
  "pk": 773,
  "fields": {
    "action_time": "2024-03-07T08:49:39.466Z",
    "user": 3,
    "content_type": 35,
    "object_id": "786ebde5-75a7-4dfa-97cc-54b65a931962",
    "object_repr": "Middle Python",
    "action_flag": 2,
    "change_message": "[{\"changed\": {\"fields\": [\"\\u041d\\u0430\\u0437\\u0432\\u0430\\u043d\\u0438\\u0435 \\u043f\\u0440\\u043e\\u0433\\u0440\\u0430\\u043c\\u043c\\u044b \\u043e\\u0431\\u0443\\u0447\\u0435\\u043d\\u0438\\u044f\"]}}]"
  }
},
{
  "model": "admin.logentry",
  "pk": 774,
  "fields": {
    "action_time": "2024-03-07T08:50:02.890Z",
    "user": 3,
    "content_type": 35,
    "object_id": "4b4de162-8e94-4131-b246-17d584781bb7",
    "object_repr": "Python-разработчик",
    "action_flag": 2,
    "change_message": "[{\"changed\": {\"fields\": [\"\\u041d\\u0430\\u0437\\u0432\\u0430\\u043d\\u0438\\u0435 \\u043f\\u0440\\u043e\\u0433\\u0440\\u0430\\u043c\\u043c\\u044b \\u043e\\u0431\\u0443\\u0447\\u0435\\u043d\\u0438\\u044f\"]}}]"
  }
},
{
  "model": "admin.logentry",
  "pk": 775,
  "fields": {
    "action_time": "2024-03-09T18:43:17.475Z",
    "user": 1,
    "content_type": 36,
    "object_id": "1",
    "object_repr": "CrmSettings object (1)",
    "action_flag": 1,
    "change_message": "[{\"added\": {}}]"
  }
},
{
  "model": "admin.logentry",
  "pk": 776,
  "fields": {
    "action_time": "2024-03-09T18:43:55.543Z",
    "user": 1,
    "content_type": 34,
    "object_id": "b9210ae6-f08e-4426-8cae-1731c4a4173b",
    "object_repr": "testuser (123456789)",
    "action_flag": 1,
    "change_message": "[{\"added\": {}}]"
  }
},
{
  "model": "admin.logentry",
  "pk": 777,
  "fields": {
    "action_time": "2024-03-10T06:28:51.647Z",
    "user": 3,
    "content_type": 10,
    "object_id": "e7a023ee-623c-4096-8855-8dbacd388522",
    "object_repr": "Кристина Соколова",
    "action_flag": 2,
    "change_message": "[{\"changed\": {\"fields\": [\"\\u0414\\u0430\\u0442\\u0430 \\u043f\\u0440\\u0438\\u043d\\u044f\\u0442\\u0438\\u044f \\u0432 \\u0430\\u043c\\u0431\\u0430\\u0441\\u0441\\u0430\\u0434\\u043e\\u0440\\u044b\"]}}]"
  }
},
{
  "model": "admin.logentry",
  "pk": 778,
  "fields": {
    "action_time": "2024-03-10T06:29:36.306Z",
    "user": 3,
    "content_type": 10,
    "object_id": "cc57532f-71da-467b-a301-65a54b7e547d",
    "object_repr": "Александр Александров",
    "action_flag": 2,
    "change_message": "[{\"changed\": {\"fields\": [\"\\u0414\\u0430\\u0442\\u0430 \\u043f\\u0440\\u0438\\u043d\\u044f\\u0442\\u0438\\u044f \\u0432 \\u0430\\u043c\\u0431\\u0430\\u0441\\u0441\\u0430\\u0434\\u043e\\u0440\\u044b\"]}}]"
  }
},
{
  "model": "admin.logentry",
  "pk": 779,
  "fields": {
    "action_time": "2024-03-10T06:30:06.910Z",
    "user": 3,
    "content_type": 10,
    "object_id": "c5968489-7466-43b2-a591-b1eefed2250d",
    "object_repr": "Валентина Бурмистрова",
    "action_flag": 2,
    "change_message": "[{\"changed\": {\"fields\": [\"\\u0414\\u0430\\u0442\\u0430 \\u043f\\u0440\\u0438\\u043d\\u044f\\u0442\\u0438\\u044f \\u0432 \\u0430\\u043c\\u0431\\u0430\\u0441\\u0441\\u0430\\u0434\\u043e\\u0440\\u044b\"]}}]"
  }
},
{
  "model": "admin.logentry",
  "pk": 780,
  "fields": {
    "action_time": "2024-03-10T06:30:31.127Z",
    "user": 3,
    "content_type": 10,
    "object_id": "3d31e408-5c3f-4911-ac9c-266c2cade8c9",
    "object_repr": "Ирина Степанова",
    "action_flag": 2,
    "change_message": "[{\"changed\": {\"fields\": [\"\\u0414\\u0430\\u0442\\u0430 \\u043f\\u0440\\u0438\\u043d\\u044f\\u0442\\u0438\\u044f \\u0432 \\u0430\\u043c\\u0431\\u0430\\u0441\\u0441\\u0430\\u0434\\u043e\\u0440\\u044b\"]}}]"
  }
},
{
  "model": "admin.logentry",
  "pk": 781,
  "fields": {
    "action_time": "2024-03-10T06:30:54.952Z",
    "user": 3,
    "content_type": 10,
    "object_id": "39f2844b-b7ec-445f-996f-34c2aab0a59b",
    "object_repr": "Алексей Иванов",
    "action_flag": 2,
    "change_message": "[{\"changed\": {\"fields\": [\"\\u0414\\u0430\\u0442\\u0430 \\u043f\\u0440\\u0438\\u043d\\u044f\\u0442\\u0438\\u044f \\u0432 \\u0430\\u043c\\u0431\\u0430\\u0441\\u0441\\u0430\\u0434\\u043e\\u0440\\u044b\"]}}]"
  }
},
{
  "model": "admin.logentry",
  "pk": 782,
  "fields": {
    "action_time": "2024-03-10T06:38:19.110Z",
    "user": 3,
    "content_type": 34,
    "object_id": "3dd32832-1b40-4107-9125-4b24d9005851",
    "object_repr": "LencIgor (1006539732)",
    "action_flag": 2,
    "change_message": "[{\"changed\": {\"fields\": [\"\\u0414\\u0430\\u0442\\u0430 \\u0437\\u0430\\u043f\\u0443\\u0441\\u043a\\u0430 \\u0431\\u043e\\u0442\\u0430 \\u043f\\u043e\\u043b\\u044c\\u0437\\u043e\\u0432\\u0430\\u0442\\u0435\\u043b\\u0435\\u043c\"]}}]"
  }
},
{
  "model": "admin.logentry",
  "pk": 783,
  "fields": {
    "action_time": "2024-03-10T06:39:16.578Z",
    "user": 3,
    "content_type": 34,
    "object_id": "592049ce-e69e-4963-88bc-b700ca143c92",
    "object_repr": "alexmorozov (1107542867)",
    "action_flag": 2,
    "change_message": "[{\"changed\": {\"fields\": [\"\\u0414\\u0430\\u0442\\u0430 \\u0437\\u0430\\u043f\\u0443\\u0441\\u043a\\u0430 \\u0431\\u043e\\u0442\\u0430 \\u043f\\u043e\\u043b\\u044c\\u0437\\u043e\\u0432\\u0430\\u0442\\u0435\\u043b\\u0435\\u043c\"]}}]"
  }
},
{
  "model": "admin.logentry",
  "pk": 784,
  "fields": {
    "action_time": "2024-03-10T06:39:56.702Z",
    "user": 3,
    "content_type": 34,
    "object_id": "0bdeeea5-7300-432a-95a1-87ab7945f0d5",
    "object_repr": "InessaZaluzhnaya (1006539730)",
    "action_flag": 2,
    "change_message": "[{\"changed\": {\"fields\": [\"\\u0414\\u0430\\u0442\\u0430 \\u0437\\u0430\\u043f\\u0443\\u0441\\u043a\\u0430 \\u0431\\u043e\\u0442\\u0430 \\u043f\\u043e\\u043b\\u044c\\u0437\\u043e\\u0432\\u0430\\u0442\\u0435\\u043b\\u0435\\u043c\"]}}]"
  }
},
{
  "model": "admin.logentry",
  "pk": 785,
  "fields": {
    "action_time": "2024-03-10T06:40:23.238Z",
    "user": 3,
    "content_type": 34,
    "object_id": "7608c962-365e-4bbb-9832-131527bc7e08",
    "object_repr": "Kaverin (1107542873)",
    "action_flag": 2,
    "change_message": "[{\"changed\": {\"fields\": [\"\\u0414\\u0430\\u0442\\u0430 \\u0437\\u0430\\u043f\\u0443\\u0441\\u043a\\u0430 \\u0431\\u043e\\u0442\\u0430 \\u043f\\u043e\\u043b\\u044c\\u0437\\u043e\\u0432\\u0430\\u0442\\u0435\\u043b\\u0435\\u043c\"]}}]"
  }
},
{
  "model": "admin.logentry",
  "pk": 786,
  "fields": {
    "action_time": "2024-03-10T06:41:00.286Z",
    "user": 3,
    "content_type": 34,
    "object_id": "426df251-c10b-4dde-9e0c-d6b08cc41e49",
    "object_repr": "IllistratovV (1107542872)",
    "action_flag": 2,
    "change_message": "[{\"changed\": {\"fields\": [\"\\u0414\\u0430\\u0442\\u0430 \\u0437\\u0430\\u043f\\u0443\\u0441\\u043a\\u0430 \\u0431\\u043e\\u0442\\u0430 \\u043f\\u043e\\u043b\\u044c\\u0437\\u043e\\u0432\\u0430\\u0442\\u0435\\u043b\\u0435\\u043c\"]}}]"
  }
},
{
  "model": "admin.logentry",
  "pk": 787,
  "fields": {
    "action_time": "2024-03-10T06:41:29.172Z",
    "user": 3,
    "content_type": 34,
    "object_id": "795ec43f-40e7-4a9b-bc9b-97a60f7eb989",
    "object_repr": "PertovaMarina (1107542869)",
    "action_flag": 2,
    "change_message": "[{\"changed\": {\"fields\": [\"\\u0414\\u0430\\u0442\\u0430 \\u0437\\u0430\\u043f\\u0443\\u0441\\u043a\\u0430 \\u0431\\u043e\\u0442\\u0430 \\u043f\\u043e\\u043b\\u044c\\u0437\\u043e\\u0432\\u0430\\u0442\\u0435\\u043b\\u0435\\u043c\"]}}]"
  }
},
{
  "model": "admin.logentry",
  "pk": 788,
  "fields": {
    "action_time": "2024-03-10T06:44:04.550Z",
    "user": 3,
    "content_type": 34,
    "object_id": "954dde5d-4450-449f-821a-2ac1152dcc46",
    "object_repr": "nikatya (1089738570)",
    "action_flag": 2,
    "change_message": "[{\"changed\": {\"fields\": [\"\\u0414\\u0430\\u0442\\u0430 \\u0437\\u0430\\u043f\\u0443\\u0441\\u043a\\u0430 \\u0431\\u043e\\u0442\\u0430 \\u043f\\u043e\\u043b\\u044c\\u0437\\u043e\\u0432\\u0430\\u0442\\u0435\\u043b\\u0435\\u043c\"]}}]"
  }
},
{
  "model": "admin.logentry",
  "pk": 789,
  "fields": {
    "action_time": "2024-03-10T06:46:02.920Z",
    "user": 3,
    "content_type": 34,
    "object_id": "b75d0130-3454-4a4a-bab0-3db4e5c0b28e",
    "object_repr": "dima28 (1089738569)",
    "action_flag": 2,
    "change_message": "[{\"changed\": {\"fields\": [\"\\u0414\\u0430\\u0442\\u0430 \\u0437\\u0430\\u043f\\u0443\\u0441\\u043a\\u0430 \\u0431\\u043e\\u0442\\u0430 \\u043f\\u043e\\u043b\\u044c\\u0437\\u043e\\u0432\\u0430\\u0442\\u0435\\u043b\\u0435\\u043c\"]}}]"
  }
},
{
  "model": "admin.logentry",
  "pk": 790,
  "fields": {
    "action_time": "2024-03-10T06:46:23.913Z",
    "user": 3,
    "content_type": 34,
    "object_id": "4f547ad2-5a98-41e8-b435-391a88c4b19b",
    "object_repr": "ZabelinPeter (1006539726)",
    "action_flag": 2,
    "change_message": "[{\"changed\": {\"fields\": [\"\\u0414\\u0430\\u0442\\u0430 \\u0437\\u0430\\u043f\\u0443\\u0441\\u043a\\u0430 \\u0431\\u043e\\u0442\\u0430 \\u043f\\u043e\\u043b\\u044c\\u0437\\u043e\\u0432\\u0430\\u0442\\u0435\\u043b\\u0435\\u043c\"]}}]"
  }
},
{
  "model": "admin.logentry",
  "pk": 791,
  "fields": {
    "action_time": "2024-03-10T06:47:19.975Z",
    "user": 3,
    "content_type": 34,
    "object_id": "9f162073-7758-4f00-b2c4-d52e3af9100e",
    "object_repr": "NataliMoroz (1089738567)",
    "action_flag": 2,
    "change_message": "[{\"changed\": {\"fields\": [\"\\u0414\\u0430\\u0442\\u0430 \\u0437\\u0430\\u043f\\u0443\\u0441\\u043a\\u0430 \\u0431\\u043e\\u0442\\u0430 \\u043f\\u043e\\u043b\\u044c\\u0437\\u043e\\u0432\\u0430\\u0442\\u0435\\u043b\\u0435\\u043c\"]}}]"
  }
},
{
  "model": "admin.logentry",
  "pk": 792,
  "fields": {
    "action_time": "2024-03-10T06:47:42.619Z",
    "user": 3,
    "content_type": 34,
    "object_id": "6ccc792f-c6d1-40d2-8e07-0180e16e1c72",
    "object_repr": "SmirnovIvan (1089738568)",
    "action_flag": 2,
    "change_message": "[{\"changed\": {\"fields\": [\"\\u0414\\u0430\\u0442\\u0430 \\u0437\\u0430\\u043f\\u0443\\u0441\\u043a\\u0430 \\u0431\\u043e\\u0442\\u0430 \\u043f\\u043e\\u043b\\u044c\\u0437\\u043e\\u0432\\u0430\\u0442\\u0435\\u043b\\u0435\\u043c\"]}}]"
  }
},
{
  "model": "admin.logentry",
  "pk": 793,
  "fields": {
    "action_time": "2024-03-10T06:48:42.215Z",
    "user": 3,
    "content_type": 34,
    "object_id": "199d34fe-e444-482c-b6dc-e40f45429508",
    "object_repr": "deniska (1034155441)",
    "action_flag": 2,
    "change_message": "[{\"changed\": {\"fields\": [\"\\u0414\\u0430\\u0442\\u0430 \\u0437\\u0430\\u043f\\u0443\\u0441\\u043a\\u0430 \\u0431\\u043e\\u0442\\u0430 \\u043f\\u043e\\u043b\\u044c\\u0437\\u043e\\u0432\\u0430\\u0442\\u0435\\u043b\\u0435\\u043c\"]}}]"
  }
},
{
  "model": "admin.logentry",
  "pk": 794,
  "fields": {
    "action_time": "2024-03-10T06:49:32.643Z",
    "user": 3,
    "content_type": 34,
    "object_id": "23024018-1f97-47bb-9702-4d63280068cb",
    "object_repr": "elenasmirnova (1034155440)",
    "action_flag": 2,
    "change_message": "[{\"changed\": {\"fields\": [\"\\u0414\\u0430\\u0442\\u0430 \\u0437\\u0430\\u043f\\u0443\\u0441\\u043a\\u0430 \\u0431\\u043e\\u0442\\u0430 \\u043f\\u043e\\u043b\\u044c\\u0437\\u043e\\u0432\\u0430\\u0442\\u0435\\u043b\\u0435\\u043c\"]}}]"
  }
},
{
  "model": "admin.logentry",
  "pk": 795,
  "fields": {
    "action_time": "2024-03-10T06:50:32.744Z",
    "user": 3,
    "content_type": 34,
    "object_id": "0129645c-7b6b-41f1-a3af-f5e8da08e7d0",
    "object_repr": "marysokol (1034155443)",
    "action_flag": 2,
    "change_message": "[{\"changed\": {\"fields\": [\"\\u0414\\u0430\\u0442\\u0430 \\u0437\\u0430\\u043f\\u0443\\u0441\\u043a\\u0430 \\u0431\\u043e\\u0442\\u0430 \\u043f\\u043e\\u043b\\u044c\\u0437\\u043e\\u0432\\u0430\\u0442\\u0435\\u043b\\u0435\\u043c\"]}}]"
  }
},
{
  "model": "admin.logentry",
  "pk": 796,
  "fields": {
    "action_time": "2024-03-10T06:50:55.741Z",
    "user": 3,
    "content_type": 34,
    "object_id": "bf53ea1e-6bc6-48de-8bcd-9ab3a1a15fe7",
    "object_repr": "alexandrVolkov (1034155444)",
    "action_flag": 2,
    "change_message": "[{\"changed\": {\"fields\": [\"\\u0414\\u0430\\u0442\\u0430 \\u0437\\u0430\\u043f\\u0443\\u0441\\u043a\\u0430 \\u0431\\u043e\\u0442\\u0430 \\u043f\\u043e\\u043b\\u044c\\u0437\\u043e\\u0432\\u0430\\u0442\\u0435\\u043b\\u0435\\u043c\"]}}]"
  }
},
{
  "model": "admin.logentry",
  "pk": 797,
  "fields": {
    "action_time": "2024-03-10T06:51:22.552Z",
    "user": 3,
    "content_type": 34,
    "object_id": "1090ac28-5ce0-4c9d-a698-79c6bbf7c078",
    "object_repr": "SubbotinAnton (1034155442)",
    "action_flag": 2,
    "change_message": "[{\"changed\": {\"fields\": [\"\\u0414\\u0430\\u0442\\u0430 \\u0437\\u0430\\u043f\\u0443\\u0441\\u043a\\u0430 \\u0431\\u043e\\u0442\\u0430 \\u043f\\u043e\\u043b\\u044c\\u0437\\u043e\\u0432\\u0430\\u0442\\u0435\\u043b\\u0435\\u043c\"]}}]"
  }
},
{
  "model": "admin.logentry",
  "pk": 798,
  "fields": {
    "action_time": "2024-03-10T06:52:23.540Z",
    "user": 3,
    "content_type": 34,
    "object_id": "d92f0f50-58e4-4ce8-9cd4-dd52c585c6f7",
    "object_repr": "popovaf (1034155439)",
    "action_flag": 2,
    "change_message": "[{\"changed\": {\"fields\": [\"\\u0414\\u0430\\u0442\\u0430 \\u0437\\u0430\\u043f\\u0443\\u0441\\u043a\\u0430 \\u0431\\u043e\\u0442\\u0430 \\u043f\\u043e\\u043b\\u044c\\u0437\\u043e\\u0432\\u0430\\u0442\\u0435\\u043b\\u0435\\u043c\"]}}]"
  }
},
{
  "model": "admin.logentry",
  "pk": 799,
  "fields": {
    "action_time": "2024-03-10T06:52:52.960Z",
    "user": 3,
    "content_type": 34,
    "object_id": "75b0a534-2d1f-42ac-bb59-621293ec3e40",
    "object_repr": "petrovvadim (1006539729)",
    "action_flag": 2,
    "change_message": "[{\"changed\": {\"fields\": [\"\\u0414\\u0430\\u0442\\u0430 \\u0437\\u0430\\u043f\\u0443\\u0441\\u043a\\u0430 \\u0431\\u043e\\u0442\\u0430 \\u043f\\u043e\\u043b\\u044c\\u0437\\u043e\\u0432\\u0430\\u0442\\u0435\\u043b\\u0435\\u043c\"]}}]"
  }
},
{
  "model": "admin.logentry",
  "pk": 800,
  "fields": {
    "action_time": "2024-03-10T06:53:25.860Z",
    "user": 3,
    "content_type": 34,
    "object_id": "3c66a56b-06ff-46f6-bb88-3708ebed37ab",
    "object_repr": "ChugunovA (1107542871)",
    "action_flag": 2,
    "change_message": "[{\"changed\": {\"fields\": [\"\\u0414\\u0430\\u0442\\u0430 \\u0437\\u0430\\u043f\\u0443\\u0441\\u043a\\u0430 \\u0431\\u043e\\u0442\\u0430 \\u043f\\u043e\\u043b\\u044c\\u0437\\u043e\\u0432\\u0430\\u0442\\u0435\\u043b\\u0435\\u043c\"]}}]"
  }
},
{
  "model": "admin.logentry",
  "pk": 801,
  "fields": {
    "action_time": "2024-03-10T06:54:51.456Z",
    "user": 3,
    "content_type": 34,
    "object_id": "2e6750cb-cec9-45ce-8c4b-f4d29502fc82",
    "object_repr": "VasilevskyM (1006539725)",
    "action_flag": 2,
    "change_message": "[{\"changed\": {\"fields\": [\"\\u0414\\u0430\\u0442\\u0430 \\u0437\\u0430\\u043f\\u0443\\u0441\\u043a\\u0430 \\u0431\\u043e\\u0442\\u0430 \\u043f\\u043e\\u043b\\u044c\\u0437\\u043e\\u0432\\u0430\\u0442\\u0435\\u043b\\u0435\\u043c\"]}}]"
  }
},
{
  "model": "admin.logentry",
  "pk": 802,
  "fields": {
    "action_time": "2024-03-10T06:56:44.231Z",
    "user": 3,
    "content_type": 34,
    "object_id": "4520ec19-4c50-418e-ae78-184872fad8da",
    "object_repr": "sokolokk (1107542870)",
    "action_flag": 2,
    "change_message": "[{\"changed\": {\"fields\": [\"\\u0414\\u0430\\u0442\\u0430 \\u0437\\u0430\\u043f\\u0443\\u0441\\u043a\\u0430 \\u0431\\u043e\\u0442\\u0430 \\u043f\\u043e\\u043b\\u044c\\u0437\\u043e\\u0432\\u0430\\u0442\\u0435\\u043b\\u0435\\u043c\"]}}]"
  }
},
{
  "model": "admin.logentry",
  "pk": 803,
  "fields": {
    "action_time": "2024-03-10T06:57:19.219Z",
    "user": 3,
    "content_type": 34,
    "object_id": "db7d07ea-8382-4e63-9efc-031d73ce3443",
    "object_repr": "alexash (1006539727)",
    "action_flag": 2,
    "change_message": "[{\"changed\": {\"fields\": [\"\\u0414\\u0430\\u0442\\u0430 \\u0437\\u0430\\u043f\\u0443\\u0441\\u043a\\u0430 \\u0431\\u043e\\u0442\\u0430 \\u043f\\u043e\\u043b\\u044c\\u0437\\u043e\\u0432\\u0430\\u0442\\u0435\\u043b\\u0435\\u043c\"]}}]"
  }
},
{
  "model": "admin.logentry",
  "pk": 804,
  "fields": {
    "action_time": "2024-03-10T06:57:56.842Z",
    "user": 3,
    "content_type": 34,
    "object_id": "0fb8e511-c753-45e5-bb27-0dd977a82b62",
    "object_repr": "ValentinaBur (1006539731)",
    "action_flag": 2,
    "change_message": "[{\"changed\": {\"fields\": [\"\\u0414\\u0430\\u0442\\u0430 \\u0437\\u0430\\u043f\\u0443\\u0441\\u043a\\u0430 \\u0431\\u043e\\u0442\\u0430 \\u043f\\u043e\\u043b\\u044c\\u0437\\u043e\\u0432\\u0430\\u0442\\u0435\\u043b\\u0435\\u043c\"]}}]"
  }
},
{
  "model": "admin.logentry",
  "pk": 805,
  "fields": {
    "action_time": "2024-03-10T06:58:23.670Z",
    "user": 3,
    "content_type": 34,
    "object_id": "36386c81-e767-4f3d-81fb-8154c2540473",
    "object_repr": "StepanovaIrina (1107542868)",
    "action_flag": 2,
    "change_message": "[{\"changed\": {\"fields\": [\"\\u0414\\u0430\\u0442\\u0430 \\u0437\\u0430\\u043f\\u0443\\u0441\\u043a\\u0430 \\u0431\\u043e\\u0442\\u0430 \\u043f\\u043e\\u043b\\u044c\\u0437\\u043e\\u0432\\u0430\\u0442\\u0435\\u043b\\u0435\\u043c\"]}}]"
  }
},
{
  "model": "admin.logentry",
  "pk": 806,
  "fields": {
    "action_time": "2024-03-10T06:59:30.516Z",
    "user": 3,
    "content_type": 34,
    "object_id": "19c62a3e-747a-4fa2-b2ff-58a628f0e96a",
    "object_repr": "lexalexa (1006539728)",
    "action_flag": 2,
    "change_message": "[]"
  }
},
{
  "model": "admin.logentry",
  "pk": 807,
  "fields": {
    "action_time": "2024-03-10T07:00:04.407Z",
    "user": 3,
    "content_type": 34,
    "object_id": "36386c81-e767-4f3d-81fb-8154c2540473",
    "object_repr": "StepanovaIrina (1107542868)",
    "action_flag": 2,
    "change_message": "[{\"changed\": {\"fields\": [\"\\u0414\\u0430\\u0442\\u0430 \\u0437\\u0430\\u043f\\u0443\\u0441\\u043a\\u0430 \\u0431\\u043e\\u0442\\u0430 \\u043f\\u043e\\u043b\\u044c\\u0437\\u043e\\u0432\\u0430\\u0442\\u0435\\u043b\\u0435\\u043c\"]}}]"
  }
},
{
  "model": "admin.logentry",
  "pk": 808,
  "fields": {
    "action_time": "2024-03-10T07:00:22.275Z",
    "user": 3,
    "content_type": 34,
    "object_id": "0fb8e511-c753-45e5-bb27-0dd977a82b62",
    "object_repr": "ValentinaBur (1006539731)",
    "action_flag": 2,
    "change_message": "[{\"changed\": {\"fields\": [\"\\u0414\\u0430\\u0442\\u0430 \\u0437\\u0430\\u043f\\u0443\\u0441\\u043a\\u0430 \\u0431\\u043e\\u0442\\u0430 \\u043f\\u043e\\u043b\\u044c\\u0437\\u043e\\u0432\\u0430\\u0442\\u0435\\u043b\\u0435\\u043c\"]}}]"
  }
},
{
  "model": "admin.logentry",
  "pk": 809,
  "fields": {
    "action_time": "2024-03-10T07:01:03.866Z",
    "user": 3,
    "content_type": 34,
    "object_id": "db7d07ea-8382-4e63-9efc-031d73ce3443",
    "object_repr": "alexash (1006539727)",
    "action_flag": 2,
    "change_message": "[{\"changed\": {\"fields\": [\"\\u0414\\u0430\\u0442\\u0430 \\u0437\\u0430\\u043f\\u0443\\u0441\\u043a\\u0430 \\u0431\\u043e\\u0442\\u0430 \\u043f\\u043e\\u043b\\u044c\\u0437\\u043e\\u0432\\u0430\\u0442\\u0435\\u043b\\u0435\\u043c\"]}}]"
  }
},
{
  "model": "admin.logentry",
  "pk": 810,
  "fields": {
    "action_time": "2024-03-10T07:01:24.628Z",
    "user": 3,
    "content_type": 34,
    "object_id": "4520ec19-4c50-418e-ae78-184872fad8da",
    "object_repr": "sokolokk (1107542870)",
    "action_flag": 2,
    "change_message": "[{\"changed\": {\"fields\": [\"\\u0414\\u0430\\u0442\\u0430 \\u0437\\u0430\\u043f\\u0443\\u0441\\u043a\\u0430 \\u0431\\u043e\\u0442\\u0430 \\u043f\\u043e\\u043b\\u044c\\u0437\\u043e\\u0432\\u0430\\u0442\\u0435\\u043b\\u0435\\u043c\"]}}]"
  }
},
{
  "model": "admin.logentry",
  "pk": 811,
  "fields": {
    "action_time": "2024-03-10T10:37:21.135Z",
    "user": 3,
    "content_type": 33,
    "object_id": "136b5716-d453-4f63-8648-bd703d78048b",
    "object_repr": "Александр Чугунов - 8506be40-076c-4d1b-ae6f-4f4a5cd687f7 - 2024-02-29",
    "action_flag": 2,
    "change_message": "[{\"changed\": {\"fields\": [\"Report status\"]}}]"
  }
},
{
  "model": "admin.logentry",
  "pk": 812,
  "fields": {
    "action_time": "2024-03-10T10:37:34.411Z",
    "user": 3,
    "content_type": 33,
    "object_id": "baf97301-8453-4286-8ed9-bc362542af82",
    "object_repr": "Петр Забелин - 9b7def7f-555d-4059-b1dd-7f35d6d69037 - 2024-02-15",
    "action_flag": 2,
    "change_message": "[{\"changed\": {\"fields\": [\"Report status\"]}}]"
  }
},
{
  "model": "admin.logentry",
  "pk": 813,
  "fields": {
    "action_time": "2024-03-10T10:38:40.817Z",
    "user": 3,
    "content_type": 33,
    "object_id": "031e7827-586b-4455-8922-8fbee6e5536a",
    "object_repr": "Степан Каверин - c182b0b0-6bf2-4efa-8f08-bddeaf3cf1dc - 2024-02-16",
    "action_flag": 2,
    "change_message": "[{\"changed\": {\"fields\": [\"Report status\"]}}]"
  }
},
{
  "model": "admin.logentry",
  "pk": 814,
  "fields": {
    "action_time": "2024-03-10T10:40:26.112Z",
    "user": 3,
    "content_type": 23,
    "object_id": "a7ffaa43-39ef-48cd-b4cb-979e830f37b7",
    "object_repr": "Петр Забелин - Толстовка - мерч направлен",
    "action_flag": 3,
    "change_message": ""
  }
},
{
  "model": "admin.logentry",
  "pk": 815,
  "fields": {
    "action_time": "2024-03-10T10:40:40.663Z",
    "user": 3,
    "content_type": 23,
    "object_id": "d1721e06-4bfa-4584-b427-4097126538eb",
    "object_repr": "Степан Каверин - Стикеры - мерч направлен",
    "action_flag": 3,
    "change_message": ""
  }
},
{
  "model": "admin.logentry",
  "pk": 816,
  "fields": {
    "action_time": "2024-03-10T10:41:02.275Z",
    "user": 3,
    "content_type": 23,
    "object_id": "d1496117-8e4d-416d-b9f8-12f86f78400e",
    "object_repr": "Петр Забелин - Кофе - мерч направлен",
    "action_flag": 3,
    "change_message": ""
  }
},
{
  "model": "admin.logentry",
  "pk": 817,
  "fields": {
    "action_time": "2024-03-10T10:41:16.079Z",
    "user": 3,
    "content_type": 23,
    "object_id": "cc42f468-ae68-43e7-88dd-8072ca6985d3",
    "object_repr": "Степан Каверин - Кофе - мерч направлен",
    "action_flag": 3,
    "change_message": ""
  }
},
{
  "model": "admin.logentry",
  "pk": 818,
  "fields": {
    "action_time": "2024-03-10T10:41:46.648Z",
    "user": 3,
    "content_type": 23,
    "object_id": "b65a2b9d-33d7-40b1-af5d-9d4a56bcb9c6",
    "object_repr": "Петр Забелин - Стикеры - мерч направлен",
    "action_flag": 3,
    "change_message": ""
  }
},
{
  "model": "admin.logentry",
  "pk": 819,
  "fields": {
    "action_time": "2024-03-10T10:42:25.105Z",
    "user": 3,
    "content_type": 23,
    "object_id": "6168ccc7-d7e9-49fd-a12d-3a21330c8b2b",
    "object_repr": "Степан Каверин - Толстовка - мерч направлен",
    "action_flag": 3,
    "change_message": ""
  }
},
{
  "model": "admin.logentry",
  "pk": 820,
  "fields": {
    "action_time": "2024-03-10T10:49:15.092Z",
    "user": 3,
    "content_type": 33,
    "object_id": "baf97301-8453-4286-8ed9-bc362542af82",
    "object_repr": "Петр Забелин - 9b7def7f-555d-4059-b1dd-7f35d6d69037 - 2024-02-15",
    "action_flag": 2,
    "change_message": "[{\"changed\": {\"fields\": [\"Grade\"]}}]"
  }
},
{
  "model": "admin.logentry",
  "pk": 821,
  "fields": {
    "action_time": "2024-03-10T10:50:04.248Z",
    "user": 3,
    "content_type": 33,
    "object_id": "031e7827-586b-4455-8922-8fbee6e5536a",
    "object_repr": "Степан Каверин - c182b0b0-6bf2-4efa-8f08-bddeaf3cf1dc - 2024-02-16",
    "action_flag": 2,
    "change_message": "[{\"changed\": {\"fields\": [\"Grade\"]}}]"
  }
},
{
  "model": "admin.logentry",
  "pk": 822,
  "fields": {
    "action_time": "2024-03-10T11:00:32.043Z",
    "user": 3,
    "content_type": 33,
    "object_id": "baf97301-8453-4286-8ed9-bc362542af82",
    "object_repr": "Петр Забелин - 9b7def7f-555d-4059-b1dd-7f35d6d69037 - 2024-02-15",
    "action_flag": 2,
    "change_message": "[]"
  }
},
{
  "model": "admin.logentry",
  "pk": 823,
  "fields": {
    "action_time": "2024-03-10T11:03:33.288Z",
    "user": 3,
    "content_type": 17,
    "object_id": "fbcacb34-566d-4f5a-b81c-b7ab8f9bc4f3",
    "object_repr": "Петр Забелин - Друг Практикума - 2024-02-15",
    "action_flag": 3,
    "change_message": ""
  }
},
{
  "model": "admin.logentry",
  "pk": 824,
  "fields": {
    "action_time": "2024-03-10T11:04:03.406Z",
    "user": 3,
    "content_type": 17,
    "object_id": "dc3ffe6a-4c77-4b73-ba26-2a2ae2d3bfd9",
    "object_repr": "Степан Каверин - Друг Практикума - 2024-02-16",
    "action_flag": 3,
    "change_message": ""
  }
},
{
  "model": "admin.logentry",
  "pk": 825,
  "fields": {
    "action_time": "2024-03-10T13:20:23.361Z",
    "user": 1,
    "content_type": 8,
    "object_id": "5",
    "object_repr": " ",
    "action_flag": 1,
    "change_message": "[{\"added\": {}}]"
  }
},
{
  "model": "admin.logentry",
  "pk": 826,
  "fields": {
    "action_time": "2024-03-10T13:21:07.975Z",
    "user": 1,
    "content_type": 8,
    "object_id": "5",
    "object_repr": "Ассистент Бот",
    "action_flag": 2,
    "change_message": "[{\"changed\": {\"fields\": [\"\\u0418\\u043c\\u044f\", \"\\u0424\\u0430\\u043c\\u0438\\u043b\\u0438\\u044f\", \"Email\"]}}]"
  }
},
{
  "model": "auth.permission",
  "pk": 1,
  "fields": {
    "name": "Can add log entry",
    "content_type": 1,
    "codename": "add_logentry"
  }
},
{
  "model": "auth.permission",
  "pk": 2,
  "fields": {
    "name": "Can change log entry",
    "content_type": 1,
    "codename": "change_logentry"
  }
},
{
  "model": "auth.permission",
  "pk": 3,
  "fields": {
    "name": "Can delete log entry",
    "content_type": 1,
    "codename": "delete_logentry"
  }
},
{
  "model": "auth.permission",
  "pk": 4,
  "fields": {
    "name": "Can view log entry",
    "content_type": 1,
    "codename": "view_logentry"
  }
},
{
  "model": "auth.permission",
  "pk": 5,
  "fields": {
    "name": "Can add permission",
    "content_type": 2,
    "codename": "add_permission"
  }
},
{
  "model": "auth.permission",
  "pk": 6,
  "fields": {
    "name": "Can change permission",
    "content_type": 2,
    "codename": "change_permission"
  }
},
{
  "model": "auth.permission",
  "pk": 7,
  "fields": {
    "name": "Can delete permission",
    "content_type": 2,
    "codename": "delete_permission"
  }
},
{
  "model": "auth.permission",
  "pk": 8,
  "fields": {
    "name": "Can view permission",
    "content_type": 2,
    "codename": "view_permission"
  }
},
{
  "model": "auth.permission",
  "pk": 9,
  "fields": {
    "name": "Can add group",
    "content_type": 3,
    "codename": "add_group"
  }
},
{
  "model": "auth.permission",
  "pk": 10,
  "fields": {
    "name": "Can change group",
    "content_type": 3,
    "codename": "change_group"
  }
},
{
  "model": "auth.permission",
  "pk": 11,
  "fields": {
    "name": "Can delete group",
    "content_type": 3,
    "codename": "delete_group"
  }
},
{
  "model": "auth.permission",
  "pk": 12,
  "fields": {
    "name": "Can view group",
    "content_type": 3,
    "codename": "view_group"
  }
},
{
  "model": "auth.permission",
  "pk": 13,
  "fields": {
    "name": "Can add content type",
    "content_type": 4,
    "codename": "add_contenttype"
  }
},
{
  "model": "auth.permission",
  "pk": 14,
  "fields": {
    "name": "Can change content type",
    "content_type": 4,
    "codename": "change_contenttype"
  }
},
{
  "model": "auth.permission",
  "pk": 15,
  "fields": {
    "name": "Can delete content type",
    "content_type": 4,
    "codename": "delete_contenttype"
  }
},
{
  "model": "auth.permission",
  "pk": 16,
  "fields": {
    "name": "Can view content type",
    "content_type": 4,
    "codename": "view_contenttype"
  }
},
{
  "model": "auth.permission",
  "pk": 17,
  "fields": {
    "name": "Can add session",
    "content_type": 5,
    "codename": "add_session"
  }
},
{
  "model": "auth.permission",
  "pk": 18,
  "fields": {
    "name": "Can change session",
    "content_type": 5,
    "codename": "change_session"
  }
},
{
  "model": "auth.permission",
  "pk": 19,
  "fields": {
    "name": "Can delete session",
    "content_type": 5,
    "codename": "delete_session"
  }
},
{
  "model": "auth.permission",
  "pk": 20,
  "fields": {
    "name": "Can view session",
    "content_type": 5,
    "codename": "view_session"
  }
},
{
  "model": "auth.permission",
  "pk": 21,
  "fields": {
    "name": "Can add Token",
    "content_type": 6,
    "codename": "add_token"
  }
},
{
  "model": "auth.permission",
  "pk": 22,
  "fields": {
    "name": "Can change Token",
    "content_type": 6,
    "codename": "change_token"
  }
},
{
  "model": "auth.permission",
  "pk": 23,
  "fields": {
    "name": "Can delete Token",
    "content_type": 6,
    "codename": "delete_token"
  }
},
{
  "model": "auth.permission",
  "pk": 24,
  "fields": {
    "name": "Can view Token",
    "content_type": 6,
    "codename": "view_token"
  }
},
{
  "model": "auth.permission",
  "pk": 25,
  "fields": {
    "name": "Can add token",
    "content_type": 7,
    "codename": "add_tokenproxy"
  }
},
{
  "model": "auth.permission",
  "pk": 26,
  "fields": {
    "name": "Can change token",
    "content_type": 7,
    "codename": "change_tokenproxy"
  }
},
{
  "model": "auth.permission",
  "pk": 27,
  "fields": {
    "name": "Can delete token",
    "content_type": 7,
    "codename": "delete_tokenproxy"
  }
},
{
  "model": "auth.permission",
  "pk": 28,
  "fields": {
    "name": "Can view token",
    "content_type": 7,
    "codename": "view_tokenproxy"
  }
},
{
  "model": "auth.permission",
  "pk": 29,
  "fields": {
    "name": "Can add user",
    "content_type": 8,
    "codename": "add_manager"
  }
},
{
  "model": "auth.permission",
  "pk": 30,
  "fields": {
    "name": "Can change user",
    "content_type": 8,
    "codename": "change_manager"
  }
},
{
  "model": "auth.permission",
  "pk": 31,
  "fields": {
    "name": "Can delete user",
    "content_type": 8,
    "codename": "delete_manager"
  }
},
{
  "model": "auth.permission",
  "pk": 32,
  "fields": {
    "name": "Can view user",
    "content_type": 8,
    "codename": "view_manager"
  }
},
{
  "model": "auth.permission",
  "pk": 33,
  "fields": {
    "name": "Can add Вид деятельности",
    "content_type": 9,
    "codename": "add_activity"
  }
},
{
  "model": "auth.permission",
  "pk": 34,
  "fields": {
    "name": "Can change Вид деятельности",
    "content_type": 9,
    "codename": "change_activity"
  }
},
{
  "model": "auth.permission",
  "pk": 35,
  "fields": {
    "name": "Can delete Вид деятельности",
    "content_type": 9,
    "codename": "delete_activity"
  }
},
{
  "model": "auth.permission",
  "pk": 36,
  "fields": {
    "name": "Can view Вид деятельности",
    "content_type": 9,
    "codename": "view_activity"
  }
},
{
  "model": "auth.permission",
  "pk": 37,
  "fields": {
    "name": "Can add Амбасадор",
    "content_type": 10,
    "codename": "add_ambassador"
  }
},
{
  "model": "auth.permission",
  "pk": 38,
  "fields": {
    "name": "Can change Амбасадор",
    "content_type": 10,
    "codename": "change_ambassador"
  }
},
{
  "model": "auth.permission",
  "pk": 39,
  "fields": {
    "name": "Can delete Амбасадор",
    "content_type": 10,
    "codename": "delete_ambassador"
  }
},
{
  "model": "auth.permission",
  "pk": 40,
  "fields": {
    "name": "Can view Амбасадор",
    "content_type": 10,
    "codename": "view_ambassador"
  }
},
{
  "model": "auth.permission",
  "pk": 41,
  "fields": {
    "name": "Can add Статус амбассадора",
    "content_type": 11,
    "codename": "add_ambassadorstatus"
  }
},
{
  "model": "auth.permission",
  "pk": 42,
  "fields": {
    "name": "Can change Статус амбассадора",
    "content_type": 11,
    "codename": "change_ambassadorstatus"
  }
},
{
  "model": "auth.permission",
  "pk": 43,
  "fields": {
    "name": "Can delete Статус амбассадора",
    "content_type": 11,
    "codename": "delete_ambassadorstatus"
  }
},
{
  "model": "auth.permission",
  "pk": 44,
  "fields": {
    "name": "Can view Статус амбассадора",
    "content_type": 11,
    "codename": "view_ambassadorstatus"
  }
},
{
  "model": "auth.permission",
  "pk": 45,
  "fields": {
    "name": "Can add Цель обучения",
    "content_type": 12,
    "codename": "add_goal"
  }
},
{
  "model": "auth.permission",
  "pk": 46,
  "fields": {
    "name": "Can change Цель обучения",
    "content_type": 12,
    "codename": "change_goal"
  }
},
{
  "model": "auth.permission",
  "pk": 47,
  "fields": {
    "name": "Can delete Цель обучения",
    "content_type": 12,
    "codename": "delete_goal"
  }
},
{
  "model": "auth.permission",
  "pk": 48,
  "fields": {
    "name": "Can view Цель обучения",
    "content_type": 12,
    "codename": "view_goal"
  }
},
{
  "model": "auth.permission",
  "pk": 49,
  "fields": {
    "name": "Can add История присвоения статусов",
    "content_type": 13,
    "codename": "add_ambassadorstatushistory"
  }
},
{
  "model": "auth.permission",
  "pk": 50,
  "fields": {
    "name": "Can change История присвоения статусов",
    "content_type": 13,
    "codename": "change_ambassadorstatushistory"
  }
},
{
  "model": "auth.permission",
  "pk": 51,
  "fields": {
    "name": "Can delete История присвоения статусов",
    "content_type": 13,
    "codename": "delete_ambassadorstatushistory"
  }
},
{
  "model": "auth.permission",
  "pk": 52,
  "fields": {
    "name": "Can view История присвоения статусов",
    "content_type": 13,
    "codename": "view_ambassadorstatushistory"
  }
},
{
  "model": "auth.permission",
  "pk": 53,
  "fields": {
    "name": "Can add Цель обучения амбассадора",
    "content_type": 14,
    "codename": "add_ambassadorgoal"
  }
},
{
  "model": "auth.permission",
  "pk": 54,
  "fields": {
    "name": "Can change Цель обучения амбассадора",
    "content_type": 14,
    "codename": "change_ambassadorgoal"
  }
},
{
  "model": "auth.permission",
  "pk": 55,
  "fields": {
    "name": "Can delete Цель обучения амбассадора",
    "content_type": 14,
    "codename": "delete_ambassadorgoal"
  }
},
{
  "model": "auth.permission",
  "pk": 56,
  "fields": {
    "name": "Can view Цель обучения амбассадора",
    "content_type": 14,
    "codename": "view_ambassadorgoal"
  }
},
{
  "model": "auth.permission",
  "pk": 57,
  "fields": {
    "name": "Can add Вид деятельности амбассадора",
    "content_type": 15,
    "codename": "add_ambassadoractivity"
  }
},
{
  "model": "auth.permission",
  "pk": 58,
  "fields": {
    "name": "Can change Вид деятельности амбассадора",
    "content_type": 15,
    "codename": "change_ambassadoractivity"
  }
},
{
  "model": "auth.permission",
  "pk": 59,
  "fields": {
    "name": "Can delete Вид деятельности амбассадора",
    "content_type": 15,
    "codename": "delete_ambassadoractivity"
  }
},
{
  "model": "auth.permission",
  "pk": 60,
  "fields": {
    "name": "Can view Вид деятельности амбассадора",
    "content_type": 15,
    "codename": "view_ambassadoractivity"
  }
},
{
  "model": "auth.permission",
  "pk": 61,
  "fields": {
    "name": "Can add Сообщение",
    "content_type": 16,
    "codename": "add_message"
  }
},
{
  "model": "auth.permission",
  "pk": 62,
  "fields": {
    "name": "Can change Сообщение",
    "content_type": 16,
    "codename": "change_message"
  }
},
{
  "model": "auth.permission",
  "pk": 63,
  "fields": {
    "name": "Can delete Сообщение",
    "content_type": 16,
    "codename": "delete_message"
  }
},
{
  "model": "auth.permission",
  "pk": 64,
  "fields": {
    "name": "Can view Сообщение",
    "content_type": 16,
    "codename": "view_message"
  }
},
{
  "model": "auth.permission",
  "pk": 65,
  "fields": {
    "name": "Can add Статус сообщения",
    "content_type": 17,
    "codename": "add_messagestatus"
  }
},
{
  "model": "auth.permission",
  "pk": 66,
  "fields": {
    "name": "Can change Статус сообщения",
    "content_type": 17,
    "codename": "change_messagestatus"
  }
},
{
  "model": "auth.permission",
  "pk": 67,
  "fields": {
    "name": "Can delete Статус сообщения",
    "content_type": 17,
    "codename": "delete_messagestatus"
  }
},
{
  "model": "auth.permission",
  "pk": 68,
  "fields": {
    "name": "Can view Статус сообщения",
    "content_type": 17,
    "codename": "view_messagestatus"
  }
},
{
  "model": "auth.permission",
  "pk": 69,
  "fields": {
    "name": "Can add Тип сообщения",
    "content_type": 18,
    "codename": "add_messagetype"
  }
},
{
  "model": "auth.permission",
  "pk": 70,
  "fields": {
    "name": "Can change Тип сообщения",
    "content_type": 18,
    "codename": "change_messagetype"
  }
},
{
  "model": "auth.permission",
  "pk": 71,
  "fields": {
    "name": "Can delete Тип сообщения",
    "content_type": 18,
    "codename": "delete_messagetype"
  }
},
{
  "model": "auth.permission",
  "pk": 72,
  "fields": {
    "name": "Can view Тип сообщения",
    "content_type": 18,
    "codename": "view_messagetype"
  }
},
{
  "model": "auth.permission",
  "pk": 73,
  "fields": {
    "name": "Can add Служебное сообщение",
    "content_type": 19,
    "codename": "add_messagepool"
  }
},
{
  "model": "auth.permission",
  "pk": 74,
  "fields": {
    "name": "Can change Служебное сообщение",
    "content_type": 19,
    "codename": "change_messagepool"
  }
},
{
  "model": "auth.permission",
  "pk": 75,
  "fields": {
    "name": "Can delete Служебное сообщение",
    "content_type": 19,
    "codename": "delete_messagepool"
  }
},
{
  "model": "auth.permission",
  "pk": 76,
  "fields": {
    "name": "Can view Служебное сообщение",
    "content_type": 19,
    "codename": "view_messagepool"
  }
},
{
  "model": "auth.permission",
  "pk": 77,
  "fields": {
    "name": "Can add Сообщение телеграм бота",
    "content_type": 20,
    "codename": "add_botmessages"
  }
},
{
  "model": "auth.permission",
  "pk": 78,
  "fields": {
    "name": "Can change Сообщение телеграм бота",
    "content_type": 20,
    "codename": "change_botmessages"
  }
},
{
  "model": "auth.permission",
  "pk": 79,
  "fields": {
    "name": "Can delete Сообщение телеграм бота",
    "content_type": 20,
    "codename": "delete_botmessages"
  }
},
{
  "model": "auth.permission",
  "pk": 80,
  "fields": {
    "name": "Can view Сообщение телеграм бота",
    "content_type": 20,
    "codename": "view_botmessages"
  }
},
{
  "model": "auth.permission",
  "pk": 81,
  "fields": {
    "name": "Can add Заявки амбассадоров на мерч",
    "content_type": 21,
    "codename": "add_ambassadorrequest"
  }
},
{
  "model": "auth.permission",
  "pk": 82,
  "fields": {
    "name": "Can change Заявки амбассадоров на мерч",
    "content_type": 21,
    "codename": "change_ambassadorrequest"
  }
},
{
  "model": "auth.permission",
  "pk": 83,
  "fields": {
    "name": "Can delete Заявки амбассадоров на мерч",
    "content_type": 21,
    "codename": "delete_ambassadorrequest"
  }
},
{
  "model": "auth.permission",
  "pk": 84,
  "fields": {
    "name": "Can view Заявки амбассадоров на мерч",
    "content_type": 21,
    "codename": "view_ambassadorrequest"
  }
},
{
  "model": "auth.permission",
  "pk": 85,
  "fields": {
    "name": "Can add Адрес доставки",
    "content_type": 22,
    "codename": "add_deliveryaddress"
  }
},
{
  "model": "auth.permission",
  "pk": 86,
  "fields": {
    "name": "Can change Адрес доставки",
    "content_type": 22,
    "codename": "change_deliveryaddress"
  }
},
{
  "model": "auth.permission",
  "pk": 87,
  "fields": {
    "name": "Can delete Адрес доставки",
    "content_type": 22,
    "codename": "delete_deliveryaddress"
  }
},
{
  "model": "auth.permission",
  "pk": 88,
  "fields": {
    "name": "Can view Адрес доставки",
    "content_type": 22,
    "codename": "view_deliveryaddress"
  }
},
{
  "model": "auth.permission",
  "pk": 89,
  "fields": {
    "name": "Can add История доставок",
    "content_type": 23,
    "codename": "add_deliveryhistory"
  }
},
{
  "model": "auth.permission",
  "pk": 90,
  "fields": {
    "name": "Can change История доставок",
    "content_type": 23,
    "codename": "change_deliveryhistory"
  }
},
{
  "model": "auth.permission",
  "pk": 91,
  "fields": {
    "name": "Can delete История доставок",
    "content_type": 23,
    "codename": "delete_deliveryhistory"
  }
},
{
  "model": "auth.permission",
  "pk": 92,
  "fields": {
    "name": "Can view История доставок",
    "content_type": 23,
    "codename": "view_deliveryhistory"
  }
},
{
  "model": "auth.permission",
  "pk": 93,
  "fields": {
    "name": "Can add Статус доставки",
    "content_type": 24,
    "codename": "add_deliverystatus"
  }
},
{
  "model": "auth.permission",
  "pk": 94,
  "fields": {
    "name": "Can change Статус доставки",
    "content_type": 24,
    "codename": "change_deliverystatus"
  }
},
{
  "model": "auth.permission",
  "pk": 95,
  "fields": {
    "name": "Can delete Статус доставки",
    "content_type": 24,
    "codename": "delete_deliverystatus"
  }
},
{
  "model": "auth.permission",
  "pk": 96,
  "fields": {
    "name": "Can view Статус доставки",
    "content_type": 24,
    "codename": "view_deliverystatus"
  }
},
{
  "model": "auth.permission",
  "pk": 97,
  "fields": {
    "name": "Can add Мерч",
    "content_type": 25,
    "codename": "add_merch"
  }
},
{
  "model": "auth.permission",
  "pk": 98,
  "fields": {
    "name": "Can change Мерч",
    "content_type": 25,
    "codename": "change_merch"
  }
},
{
  "model": "auth.permission",
  "pk": 99,
  "fields": {
    "name": "Can delete Мерч",
    "content_type": 25,
    "codename": "delete_merch"
  }
},
{
  "model": "auth.permission",
  "pk": 100,
  "fields": {
    "name": "Can view Мерч",
    "content_type": 25,
    "codename": "view_merch"
  }
},
{
  "model": "auth.permission",
  "pk": 101,
  "fields": {
    "name": "Can add Заявки на мерчи",
    "content_type": 26,
    "codename": "add_merchrequest"
  }
},
{
  "model": "auth.permission",
  "pk": 102,
  "fields": {
    "name": "Can change Заявки на мерчи",
    "content_type": 26,
    "codename": "change_merchrequest"
  }
},
{
  "model": "auth.permission",
  "pk": 103,
  "fields": {
    "name": "Can delete Заявки на мерчи",
    "content_type": 26,
    "codename": "delete_merchrequest"
  }
},
{
  "model": "auth.permission",
  "pk": 104,
  "fields": {
    "name": "Can view Заявки на мерчи",
    "content_type": 26,
    "codename": "view_merchrequest"
  }
},
{
  "model": "auth.permission",
  "pk": 105,
  "fields": {
    "name": "Can add Ачивки",
    "content_type": 27,
    "codename": "add_achieve"
  }
},
{
  "model": "auth.permission",
  "pk": 106,
  "fields": {
    "name": "Can change Ачивки",
    "content_type": 27,
    "codename": "change_achieve"
  }
},
{
  "model": "auth.permission",
  "pk": 107,
  "fields": {
    "name": "Can delete Ачивки",
    "content_type": 27,
    "codename": "delete_achieve"
  }
},
{
  "model": "auth.permission",
  "pk": 108,
  "fields": {
    "name": "Can view Ачивки",
    "content_type": 27,
    "codename": "view_achieve"
  }
},
{
  "model": "auth.permission",
  "pk": 109,
  "fields": {
    "name": "Can add Ачивки амбассадоров",
    "content_type": 28,
    "codename": "add_ambassadorachieve"
  }
},
{
  "model": "auth.permission",
  "pk": 110,
  "fields": {
    "name": "Can change Ачивки амбассадоров",
    "content_type": 28,
    "codename": "change_ambassadorachieve"
  }
},
{
  "model": "auth.permission",
  "pk": 111,
  "fields": {
    "name": "Can delete Ачивки амбассадоров",
    "content_type": 28,
    "codename": "delete_ambassadorachieve"
  }
},
{
  "model": "auth.permission",
  "pk": 112,
  "fields": {
    "name": "Can view Ачивки амбассадоров",
    "content_type": 28,
    "codename": "view_ambassadorachieve"
  }
},
{
  "model": "auth.permission",
  "pk": 113,
  "fields": {
    "name": "Can add Площадка размещения отчета",
    "content_type": 29,
    "codename": "add_placement"
  }
},
{
  "model": "auth.permission",
  "pk": 114,
  "fields": {
    "name": "Can change Площадка размещения отчета",
    "content_type": 29,
    "codename": "change_placement"
  }
},
{
  "model": "auth.permission",
  "pk": 115,
  "fields": {
    "name": "Can delete Площадка размещения отчета",
    "content_type": 29,
    "codename": "delete_placement"
  }
},
{
  "model": "auth.permission",
  "pk": 116,
  "fields": {
    "name": "Can view Площадка размещения отчета",
    "content_type": 29,
    "codename": "view_placement"
  }
},
{
  "model": "auth.permission",
  "pk": 117,
  "fields": {
    "name": "Can add Статус отчета",
    "content_type": 30,
    "codename": "add_reportstatus"
  }
},
{
  "model": "auth.permission",
  "pk": 118,
  "fields": {
    "name": "Can change Статус отчета",
    "content_type": 30,
    "codename": "change_reportstatus"
  }
},
{
  "model": "auth.permission",
  "pk": 119,
  "fields": {
    "name": "Can delete Статус отчета",
    "content_type": 30,
    "codename": "delete_reportstatus"
  }
},
{
  "model": "auth.permission",
  "pk": 120,
  "fields": {
    "name": "Can view Статус отчета",
    "content_type": 30,
    "codename": "view_reportstatus"
  }
},
{
  "model": "auth.permission",
  "pk": 121,
  "fields": {
    "name": "Can add Тип задания",
    "content_type": 31,
    "codename": "add_reporttype"
  }
},
{
  "model": "auth.permission",
  "pk": 122,
  "fields": {
    "name": "Can change Тип задания",
    "content_type": 31,
    "codename": "change_reporttype"
  }
},
{
  "model": "auth.permission",
  "pk": 123,
  "fields": {
    "name": "Can delete Тип задания",
    "content_type": 31,
    "codename": "delete_reporttype"
  }
},
{
  "model": "auth.permission",
  "pk": 124,
  "fields": {
    "name": "Can view Тип задания",
    "content_type": 31,
    "codename": "view_reporttype"
  }
},
{
  "model": "auth.permission",
  "pk": 125,
  "fields": {
    "name": "Can add Отчет о задании",
    "content_type": 32,
    "codename": "add_report"
  }
},
{
  "model": "auth.permission",
  "pk": 126,
  "fields": {
    "name": "Can change Отчет о задании",
    "content_type": 32,
    "codename": "change_report"
  }
},
{
  "model": "auth.permission",
  "pk": 127,
  "fields": {
    "name": "Can delete Отчет о задании",
    "content_type": 32,
    "codename": "delete_report"
  }
},
{
  "model": "auth.permission",
  "pk": 128,
  "fields": {
    "name": "Can view Отчет о задании",
    "content_type": 32,
    "codename": "view_report"
  }
},
{
  "model": "auth.permission",
  "pk": 129,
  "fields": {
    "name": "Can add Данные амбассадора в телеграм",
    "content_type": 33,
    "codename": "add_telegrambot"
  }
},
{
  "model": "auth.permission",
  "pk": 130,
  "fields": {
    "name": "Can change Данные амбассадора в телеграм",
    "content_type": 33,
    "codename": "change_telegrambot"
  }
},
{
  "model": "auth.permission",
  "pk": 131,
  "fields": {
    "name": "Can delete Данные амбассадора в телеграм",
    "content_type": 33,
    "codename": "delete_telegrambot"
  }
},
{
  "model": "auth.permission",
  "pk": 132,
  "fields": {
    "name": "Can view Данные амбассадора в телеграм",
    "content_type": 33,
    "codename": "view_telegrambot"
  }
},
{
  "model": "auth.permission",
  "pk": 133,
  "fields": {
    "name": "Can add Программа",
    "content_type": 34,
    "codename": "add_program"
  }
},
{
  "model": "auth.permission",
  "pk": 134,
  "fields": {
    "name": "Can change Программа",
    "content_type": 34,
    "codename": "change_program"
  }
},
{
  "model": "auth.permission",
  "pk": 135,
  "fields": {
    "name": "Can delete Программа",
    "content_type": 34,
    "codename": "delete_program"
  }
},
{
  "model": "auth.permission",
  "pk": 136,
  "fields": {
    "name": "Can view Программа",
    "content_type": 34,
    "codename": "view_program"
  }
},
{
  "model": "auth.permission",
  "pk": 137,
  "fields": {
    "name": "Can add Программа амбассадоров",
    "content_type": 35,
    "codename": "add_ambassadorprogram"
  }
},
{
  "model": "auth.permission",
  "pk": 138,
  "fields": {
    "name": "Can change Программа амбассадоров",
    "content_type": 35,
    "codename": "change_ambassadorprogram"
  }
},
{
  "model": "auth.permission",
  "pk": 139,
  "fields": {
    "name": "Can delete Программа амбассадоров",
    "content_type": 35,
    "codename": "delete_ambassadorprogram"
  }
},
{
  "model": "auth.permission",
  "pk": 140,
  "fields": {
    "name": "Can view Программа амбассадоров",
    "content_type": 35,
    "codename": "view_ambassadorprogram"
  }
},
{
  "model": "auth.permission",
  "pk": 141,
  "fields": {
    "name": "Can add Программа амбассадоров",
    "content_type": 16,
    "codename": "add_ambassadorprogram"
  }
},
{
  "model": "auth.permission",
  "pk": 142,
  "fields": {
    "name": "Can change Программа амбассадоров",
    "content_type": 16,
    "codename": "change_ambassadorprogram"
  }
},
{
  "model": "auth.permission",
  "pk": 143,
  "fields": {
    "name": "Can delete Программа амбассадоров",
    "content_type": 16,
    "codename": "delete_ambassadorprogram"
  }
},
{
  "model": "auth.permission",
  "pk": 144,
  "fields": {
    "name": "Can view Программа амбассадоров",
    "content_type": 16,
    "codename": "view_ambassadorprogram"
  }
},
{
  "model": "auth.permission",
  "pk": 145,
  "fields": {
    "name": "Can add Ачивки амбассадоров",
    "content_type": 17,
    "codename": "add_ambassadorachieve"
  }
},
{
  "model": "auth.permission",
  "pk": 146,
  "fields": {
    "name": "Can change Ачивки амбассадоров",
    "content_type": 17,
    "codename": "change_ambassadorachieve"
  }
},
{
  "model": "auth.permission",
  "pk": 147,
  "fields": {
    "name": "Can delete Ачивки амбассадоров",
    "content_type": 17,
    "codename": "delete_ambassadorachieve"
  }
},
{
  "model": "auth.permission",
  "pk": 148,
  "fields": {
    "name": "Can view Ачивки амбассадоров",
    "content_type": 17,
    "codename": "view_ambassadorachieve"
  }
},
{
  "model": "auth.permission",
  "pk": 149,
  "fields": {
    "name": "Can add Сообщение",
    "content_type": 18,
    "codename": "add_message"
  }
},
{
  "model": "auth.permission",
  "pk": 150,
  "fields": {
    "name": "Can change Сообщение",
    "content_type": 18,
    "codename": "change_message"
  }
},
{
  "model": "auth.permission",
  "pk": 151,
  "fields": {
    "name": "Can delete Сообщение",
    "content_type": 18,
    "codename": "delete_message"
  }
},
{
  "model": "auth.permission",
  "pk": 152,
  "fields": {
    "name": "Can view Сообщение",
    "content_type": 18,
    "codename": "view_message"
  }
},
{
  "model": "auth.permission",
  "pk": 153,
  "fields": {
    "name": "Can add Статус сообщения",
    "content_type": 19,
    "codename": "add_messagestatus"
  }
},
{
  "model": "auth.permission",
  "pk": 154,
  "fields": {
    "name": "Can change Статус сообщения",
    "content_type": 19,
    "codename": "change_messagestatus"
  }
},
{
  "model": "auth.permission",
  "pk": 155,
  "fields": {
    "name": "Can delete Статус сообщения",
    "content_type": 19,
    "codename": "delete_messagestatus"
  }
},
{
  "model": "auth.permission",
  "pk": 156,
  "fields": {
    "name": "Can view Статус сообщения",
    "content_type": 19,
    "codename": "view_messagestatus"
  }
},
{
  "model": "auth.permission",
  "pk": 157,
  "fields": {
    "name": "Can add Тип сообщения",
    "content_type": 20,
    "codename": "add_messagetype"
  }
},
{
  "model": "auth.permission",
  "pk": 158,
  "fields": {
    "name": "Can change Тип сообщения",
    "content_type": 20,
    "codename": "change_messagetype"
  }
},
{
  "model": "auth.permission",
  "pk": 159,
  "fields": {
    "name": "Can delete Тип сообщения",
    "content_type": 20,
    "codename": "delete_messagetype"
  }
},
{
  "model": "auth.permission",
  "pk": 160,
  "fields": {
    "name": "Can view Тип сообщения",
    "content_type": 20,
    "codename": "view_messagetype"
  }
},
{
  "model": "auth.permission",
  "pk": 161,
  "fields": {
    "name": "Can add Служебное сообщение",
    "content_type": 21,
    "codename": "add_messagepool"
  }
},
{
  "model": "auth.permission",
  "pk": 162,
  "fields": {
    "name": "Can change Служебное сообщение",
    "content_type": 21,
    "codename": "change_messagepool"
  }
},
{
  "model": "auth.permission",
  "pk": 163,
  "fields": {
    "name": "Can delete Служебное сообщение",
    "content_type": 21,
    "codename": "delete_messagepool"
  }
},
{
  "model": "auth.permission",
  "pk": 164,
  "fields": {
    "name": "Can view Служебное сообщение",
    "content_type": 21,
    "codename": "view_messagepool"
  }
},
{
  "model": "auth.permission",
  "pk": 165,
  "fields": {
    "name": "Can add Сообщение телеграм бота",
    "content_type": 22,
    "codename": "add_botmessages"
  }
},
{
  "model": "auth.permission",
  "pk": 166,
  "fields": {
    "name": "Can change Сообщение телеграм бота",
    "content_type": 22,
    "codename": "change_botmessages"
  }
},
{
  "model": "auth.permission",
  "pk": 167,
  "fields": {
    "name": "Can delete Сообщение телеграм бота",
    "content_type": 22,
    "codename": "delete_botmessages"
  }
},
{
  "model": "auth.permission",
  "pk": 168,
  "fields": {
    "name": "Can view Сообщение телеграм бота",
    "content_type": 22,
    "codename": "view_botmessages"
  }
},
{
  "model": "auth.permission",
  "pk": 169,
  "fields": {
    "name": "Can add Заявки амбассадоров на мерч",
    "content_type": 23,
    "codename": "add_ambassadorrequest"
  }
},
{
  "model": "auth.permission",
  "pk": 170,
  "fields": {
    "name": "Can change Заявки амбассадоров на мерч",
    "content_type": 23,
    "codename": "change_ambassadorrequest"
  }
},
{
  "model": "auth.permission",
  "pk": 171,
  "fields": {
    "name": "Can delete Заявки амбассадоров на мерч",
    "content_type": 23,
    "codename": "delete_ambassadorrequest"
  }
},
{
  "model": "auth.permission",
  "pk": 172,
  "fields": {
    "name": "Can view Заявки амбассадоров на мерч",
    "content_type": 23,
    "codename": "view_ambassadorrequest"
  }
},
{
  "model": "auth.permission",
  "pk": 173,
  "fields": {
    "name": "Can add Адрес доставки",
    "content_type": 24,
    "codename": "add_deliveryaddress"
  }
},
{
  "model": "auth.permission",
  "pk": 174,
  "fields": {
    "name": "Can change Адрес доставки",
    "content_type": 24,
    "codename": "change_deliveryaddress"
  }
},
{
  "model": "auth.permission",
  "pk": 175,
  "fields": {
    "name": "Can delete Адрес доставки",
    "content_type": 24,
    "codename": "delete_deliveryaddress"
  }
},
{
  "model": "auth.permission",
  "pk": 176,
  "fields": {
    "name": "Can view Адрес доставки",
    "content_type": 24,
    "codename": "view_deliveryaddress"
  }
},
{
  "model": "auth.permission",
  "pk": 177,
  "fields": {
    "name": "Can add История доставок",
    "content_type": 25,
    "codename": "add_deliveryhistory"
  }
},
{
  "model": "auth.permission",
  "pk": 178,
  "fields": {
    "name": "Can change История доставок",
    "content_type": 25,
    "codename": "change_deliveryhistory"
  }
},
{
  "model": "auth.permission",
  "pk": 179,
  "fields": {
    "name": "Can delete История доставок",
    "content_type": 25,
    "codename": "delete_deliveryhistory"
  }
},
{
  "model": "auth.permission",
  "pk": 180,
  "fields": {
    "name": "Can view История доставок",
    "content_type": 25,
    "codename": "view_deliveryhistory"
  }
},
{
  "model": "auth.permission",
  "pk": 181,
  "fields": {
    "name": "Can add Статус доставки",
    "content_type": 26,
    "codename": "add_deliverystatus"
  }
},
{
  "model": "auth.permission",
  "pk": 182,
  "fields": {
    "name": "Can change Статус доставки",
    "content_type": 26,
    "codename": "change_deliverystatus"
  }
},
{
  "model": "auth.permission",
  "pk": 183,
  "fields": {
    "name": "Can delete Статус доставки",
    "content_type": 26,
    "codename": "delete_deliverystatus"
  }
},
{
  "model": "auth.permission",
  "pk": 184,
  "fields": {
    "name": "Can view Статус доставки",
    "content_type": 26,
    "codename": "view_deliverystatus"
  }
},
{
  "model": "auth.permission",
  "pk": 185,
  "fields": {
    "name": "Can add Мерч",
    "content_type": 27,
    "codename": "add_merch"
  }
},
{
  "model": "auth.permission",
  "pk": 186,
  "fields": {
    "name": "Can change Мерч",
    "content_type": 27,
    "codename": "change_merch"
  }
},
{
  "model": "auth.permission",
  "pk": 187,
  "fields": {
    "name": "Can delete Мерч",
    "content_type": 27,
    "codename": "delete_merch"
  }
},
{
  "model": "auth.permission",
  "pk": 188,
  "fields": {
    "name": "Can view Мерч",
    "content_type": 27,
    "codename": "view_merch"
  }
},
{
  "model": "auth.permission",
  "pk": 189,
  "fields": {
    "name": "Can add Заявки на мерчи",
    "content_type": 28,
    "codename": "add_merchrequest"
  }
},
{
  "model": "auth.permission",
  "pk": 190,
  "fields": {
    "name": "Can change Заявки на мерчи",
    "content_type": 28,
    "codename": "change_merchrequest"
  }
},
{
  "model": "auth.permission",
  "pk": 191,
  "fields": {
    "name": "Can delete Заявки на мерчи",
    "content_type": 28,
    "codename": "delete_merchrequest"
  }
},
{
  "model": "auth.permission",
  "pk": 192,
  "fields": {
    "name": "Can view Заявки на мерчи",
    "content_type": 28,
    "codename": "view_merchrequest"
  }
},
{
  "model": "auth.permission",
  "pk": 193,
  "fields": {
    "name": "Can add Ачивки",
    "content_type": 29,
    "codename": "add_achieve"
  }
},
{
  "model": "auth.permission",
  "pk": 194,
  "fields": {
    "name": "Can change Ачивки",
    "content_type": 29,
    "codename": "change_achieve"
  }
},
{
  "model": "auth.permission",
  "pk": 195,
  "fields": {
    "name": "Can delete Ачивки",
    "content_type": 29,
    "codename": "delete_achieve"
  }
},
{
  "model": "auth.permission",
  "pk": 196,
  "fields": {
    "name": "Can view Ачивки",
    "content_type": 29,
    "codename": "view_achieve"
  }
},
{
  "model": "auth.permission",
  "pk": 197,
  "fields": {
    "name": "Can add Площадка размещения отчета",
    "content_type": 30,
    "codename": "add_placement"
  }
},
{
  "model": "auth.permission",
  "pk": 198,
  "fields": {
    "name": "Can change Площадка размещения отчета",
    "content_type": 30,
    "codename": "change_placement"
  }
},
{
  "model": "auth.permission",
  "pk": 199,
  "fields": {
    "name": "Can delete Площадка размещения отчета",
    "content_type": 30,
    "codename": "delete_placement"
  }
},
{
  "model": "auth.permission",
  "pk": 200,
  "fields": {
    "name": "Can view Площадка размещения отчета",
    "content_type": 30,
    "codename": "view_placement"
  }
},
{
  "model": "auth.permission",
  "pk": 201,
  "fields": {
    "name": "Can add Статус отчета",
    "content_type": 31,
    "codename": "add_reportstatus"
  }
},
{
  "model": "auth.permission",
  "pk": 202,
  "fields": {
    "name": "Can change Статус отчета",
    "content_type": 31,
    "codename": "change_reportstatus"
  }
},
{
  "model": "auth.permission",
  "pk": 203,
  "fields": {
    "name": "Can delete Статус отчета",
    "content_type": 31,
    "codename": "delete_reportstatus"
  }
},
{
  "model": "auth.permission",
  "pk": 204,
  "fields": {
    "name": "Can view Статус отчета",
    "content_type": 31,
    "codename": "view_reportstatus"
  }
},
{
  "model": "auth.permission",
  "pk": 205,
  "fields": {
    "name": "Can add Тип задания",
    "content_type": 32,
    "codename": "add_reporttype"
  }
},
{
  "model": "auth.permission",
  "pk": 206,
  "fields": {
    "name": "Can change Тип задания",
    "content_type": 32,
    "codename": "change_reporttype"
  }
},
{
  "model": "auth.permission",
  "pk": 207,
  "fields": {
    "name": "Can delete Тип задания",
    "content_type": 32,
    "codename": "delete_reporttype"
  }
},
{
  "model": "auth.permission",
  "pk": 208,
  "fields": {
    "name": "Can view Тип задания",
    "content_type": 32,
    "codename": "view_reporttype"
  }
},
{
  "model": "auth.permission",
  "pk": 209,
  "fields": {
    "name": "Can add Отчет о задании",
    "content_type": 33,
    "codename": "add_report"
  }
},
{
  "model": "auth.permission",
  "pk": 210,
  "fields": {
    "name": "Can change Отчет о задании",
    "content_type": 33,
    "codename": "change_report"
  }
},
{
  "model": "auth.permission",
  "pk": 211,
  "fields": {
    "name": "Can delete Отчет о задании",
    "content_type": 33,
    "codename": "delete_report"
  }
},
{
  "model": "auth.permission",
  "pk": 212,
  "fields": {
    "name": "Can view Отчет о задании",
    "content_type": 33,
    "codename": "view_report"
  }
},
{
  "model": "auth.permission",
  "pk": 213,
  "fields": {
    "name": "Can add Данные амбассадора в телеграм",
    "content_type": 34,
    "codename": "add_telegrambot"
  }
},
{
  "model": "auth.permission",
  "pk": 214,
  "fields": {
    "name": "Can change Данные амбассадора в телеграм",
    "content_type": 34,
    "codename": "change_telegrambot"
  }
},
{
  "model": "auth.permission",
  "pk": 215,
  "fields": {
    "name": "Can delete Данные амбассадора в телеграм",
    "content_type": 34,
    "codename": "delete_telegrambot"
  }
},
{
  "model": "auth.permission",
  "pk": 216,
  "fields": {
    "name": "Can view Данные амбассадора в телеграм",
    "content_type": 34,
    "codename": "view_telegrambot"
  }
},
{
  "model": "auth.permission",
  "pk": 217,
  "fields": {
    "name": "Can add Программа",
    "content_type": 35,
    "codename": "add_program"
  }
},
{
  "model": "auth.permission",
  "pk": 218,
  "fields": {
    "name": "Can change Программа",
    "content_type": 35,
    "codename": "change_program"
  }
},
{
  "model": "auth.permission",
  "pk": 219,
  "fields": {
    "name": "Can delete Программа",
    "content_type": 35,
    "codename": "delete_program"
  }
},
{
  "model": "auth.permission",
  "pk": 220,
  "fields": {
    "name": "Can view Программа",
    "content_type": 35,
    "codename": "view_program"
  }
},
{
  "model": "auth.permission",
  "pk": 221,
  "fields": {
    "name": "Can add Программа амбассадоров",
    "content_type": 14,
    "codename": "add_ambassadorprogram"
  }
},
{
  "model": "auth.permission",
  "pk": 222,
  "fields": {
    "name": "Can change Программа амбассадоров",
    "content_type": 14,
    "codename": "change_ambassadorprogram"
  }
},
{
  "model": "auth.permission",
  "pk": 223,
  "fields": {
    "name": "Can delete Программа амбассадоров",
    "content_type": 14,
    "codename": "delete_ambassadorprogram"
  }
},
{
  "model": "auth.permission",
  "pk": 224,
  "fields": {
    "name": "Can view Программа амбассадоров",
    "content_type": 14,
    "codename": "view_ambassadorprogram"
  }
},
{
  "model": "auth.permission",
  "pk": 225,
  "fields": {
    "name": "Can add Цель обучения амбассадора",
    "content_type": 15,
    "codename": "add_ambassadorgoal"
  }
},
{
  "model": "auth.permission",
  "pk": 226,
  "fields": {
    "name": "Can change Цель обучения амбассадора",
    "content_type": 15,
    "codename": "change_ambassadorgoal"
  }
},
{
  "model": "auth.permission",
  "pk": 227,
  "fields": {
    "name": "Can delete Цель обучения амбассадора",
    "content_type": 15,
    "codename": "delete_ambassadorgoal"
  }
},
{
  "model": "auth.permission",
  "pk": 228,
  "fields": {
    "name": "Can view Цель обучения амбассадора",
    "content_type": 15,
    "codename": "view_ambassadorgoal"
  }
},
{
  "model": "auth.permission",
  "pk": 229,
  "fields": {
    "name": "Can add Вид деятельности амбассадора",
    "content_type": 16,
    "codename": "add_ambassadoractivity"
  }
},
{
  "model": "auth.permission",
  "pk": 230,
  "fields": {
    "name": "Can change Вид деятельности амбассадора",
    "content_type": 16,
    "codename": "change_ambassadoractivity"
  }
},
{
  "model": "auth.permission",
  "pk": 231,
  "fields": {
    "name": "Can delete Вид деятельности амбассадора",
    "content_type": 16,
    "codename": "delete_ambassadoractivity"
  }
},
{
  "model": "auth.permission",
  "pk": 232,
  "fields": {
    "name": "Can view Вид деятельности амбассадора",
    "content_type": 16,
    "codename": "view_ambassadoractivity"
  }
},
{
  "model": "auth.permission",
  "pk": 233,
  "fields": {
    "name": "Can add crm settings",
    "content_type": 36,
    "codename": "add_crmsettings"
  }
},
{
  "model": "auth.permission",
  "pk": 234,
  "fields": {
    "name": "Can change crm settings",
    "content_type": 36,
    "codename": "change_crmsettings"
  }
},
{
  "model": "auth.permission",
  "pk": 235,
  "fields": {
    "name": "Can delete crm settings",
    "content_type": 36,
    "codename": "delete_crmsettings"
  }
},
{
  "model": "auth.permission",
  "pk": 236,
  "fields": {
    "name": "Can view crm settings",
    "content_type": 36,
    "codename": "view_crmsettings"
  }
},
{
  "model": "sessions.session",
  "pk": "4cweoibwbl9ru9yolwkyoez18e9r3fj3",
  "fields": {
    "session_data": ".eJxVjDsOwjAQBe_iGlnxP6ak5wzW7nqNA8iR4qRC3B0ipYD2zcx7iQTbWtPWeUlTFmdhxOl3Q6AHtx3kO7TbLGlu6zKh3BV50C6vc-bn5XD_Dir0-q2LLj76oA2x94bIcLBolUYbKI-6IKhRoUMF1gHaGLGwB2BwgYaBo3h_AO7vOI0:1rgh2Z:CtshgAcr8IvpBzsXCNk3t7y5nwyL4fbepKN0tlZbdtw",
    "expire_date": "2024-03-17T08:17:47.734Z"
  }
},
{
  "model": "sessions.session",
  "pk": "4smdp34t2mb1aomvmqh3oyjx2i5otwiw",
  "fields": {
    "session_data": ".eJxVjDsOwyAQRO9CHSHzMyZlep8BLewSnEQgGbuKcvdgyUVSjTTvzbyZh33Lfm-0-gXZlQl2-e0CxCeVA-ADyr3yWMu2LoEfCj9p43NFet1O9-8gQ8t9DSCTMEa70SYdgkWnhBUxxZ5uSKQxAgqZwAhH0yhxcNZ1UZkkJ0OKfb7n9zff:1rglCj:YYDEov3Ozn8TN1S8llrmAnFT3lCf21LdcIOapiqB5Q8",
    "expire_date": "2024-03-17T12:44:33.733Z"
  }
},
{
  "model": "sessions.session",
  "pk": "4xp5pbfvze10crnaedgl4nw4g9k6k0bd",
  "fields": {
    "session_data": ".eJxVjDsOwjAQBe_iGlnxP6ak5wzW7nqNA8iR4qRC3B0ipYD2zcx7iQTbWtPWeUlTFmdhxOl3Q6AHtx3kO7TbLGlu6zKh3BV50C6vc-bn5XD_Dir0-q2LLj76oA2x94bIcLBolUYbKI-6IKhRoUMF1gHaGLGwB2BwgYaBo3h_AO7vOI0:1rgVek:3t0j8tV2piGyPpr98P7DLVZOHHtZej0WVRDnspGZ0c8",
    "expire_date": "2024-03-16T20:08:26.301Z"
  }
},
{
  "model": "sessions.session",
  "pk": "63s8cfquq09tb72a9gnbnsf7vobirq3s",
  "fields": {
    "session_data": ".eJxVjDsOwyAQRO9CHSHzMyZlep8BLewSnEQgGbuKcvdgyUVSjTTvzbyZh33Lfm-0-gXZlQl2-e0CxCeVA-ADyr3yWMu2LoEfCj9p43NFet1O9-8gQ8t9DSCTMEa70SYdgkWnhBUxxZ5uSKQxAgqZwAhH0yhxcNZ1UZkkJ0OKfb7n9zff:1rgoqi:2-bZ3qyu0q1Qu-zHRYIv7SfqAwFpasRKAkGI27sk2uQ",
    "expire_date": "2024-03-17T16:38:04.394Z"
  }
},
{
  "model": "sessions.session",
  "pk": "822o2301rm09r9svybjpzidrrjrlae8e",
  "fields": {
    "session_data": ".eJxVjDsOwyAQRO9CHSHzMyZlep8BLewSnEQgGbuKcvdgyUVSjTTvzbyZh33Lfm-0-gXZlQl2-e0CxCeVA-ADyr3yWMu2LoEfCj9p43NFet1O9-8gQ8t9DSCTMEa70SYdgkWnhBUxxZ5uSKQxAgqZwAhH0yhxcNZ1UZkkJ0OKfb7n9zff:1rg8xV:HKzD2sdQiwh5KBLgkkyrnxakEL-30GvoaYgRVGXwhfs",
    "expire_date": "2024-03-15T19:54:17.595Z"
  }
},
{
  "model": "sessions.session",
  "pk": "azkshon6o4k06gccyhdg30cn5ggkfnwv",
  "fields": {
    "session_data": ".eJxVjDsOwjAQBe_iGlnxP6ak5wzW7nqNA8iR4qRC3B0ipYD2zcx7iQTbWtPWeUlTFmdhxOl3Q6AHtx3kO7TbLGlu6zKh3BV50C6vc-bn5XD_Dir0-q2LLj76oA2x94bIcLBolUYbKI-6IKhRoUMF1gHaGLGwB2BwgYaBo3h_AO7vOI0:1rgTLg:qnOsLuruGKVDvHhfnXCnVNmfzSiKazFVo1pzwdQGNaM",
    "expire_date": "2024-03-16T17:40:36.801Z"
  }
},
{
  "model": "sessions.session",
  "pk": "b3bcrgoq04wxn4v5smecuwwqvg4ug9gx",
  "fields": {
    "session_data": ".eJxVjDsOwyAQRO9CHSHzMyZlep8BLewSnEQgGbuKcvdgyUVSjTTvzbyZh33Lfm-0-gXZlQl2-e0CxCeVA-ADyr3yWMu2LoEfCj9p43NFet1O9-8gQ8t9DSCTMEa70SYdgkWnhBUxxZ5uSKQxAgqZwAhH0yhxcNZ1UZkkJ0OKfb7n9zff:1rgoUS:5u_kBf7LocC4Hs56j8GvEZXdQuNV4g8AEjOqDBWRFik",
    "expire_date": "2024-03-17T16:15:04.733Z"
  }
},
{
  "model": "sessions.session",
  "pk": "c14arzuj2j3kgo471rnvbjzbao8bkfm6",
  "fields": {
    "session_data": ".eJxVjDsOwyAQRO9CHSHzMyZlep8BLewSnEQgGbuKcvdgyUVSjTTvzbyZh33Lfm-0-gXZlQl2-e0CxCeVA-ADyr3yWMu2LoEfCj9p43NFet1O9-8gQ8t9DSCTMEa70SYdgkWnhBUxxZ5uSKQxAgqZwAhH0yhxcNZ1UZkkJ0OKfb7n9zff:1rhlER:FAbUR9gQfKWh21TmjGXoLxDM3Q8g5U0Qb0Lk6oktnQ0",
    "expire_date": "2024-03-20T06:58:27.597Z"
  }
},
{
  "model": "sessions.session",
  "pk": "hwxqeb0y4jenz9vs9j5fjc3zojucwhdn",
  "fields": {
    "session_data": ".eJxVjDsOwyAQRO9CHSHzMyZlep8BLewSnEQgGbuKcvdgyUVSjTTvzbyZh33Lfm-0-gXZlQl2-e0CxCeVA-ADyr3yWMu2LoEfCj9p43NFet1O9-8gQ8t9DSCTMEa70SYdgkWnhBUxxZ5uSKQxAgqZwAhH0yhxcNZ1UZkkJ0OKfb7n9zff:1rj1et:L66YiGEA1nyfxHQEKEYww-sDl44jOW0MzzyOqGmm0Us",
    "expire_date": "2024-03-23T18:42:59.642Z"
  }
},
{
  "model": "sessions.session",
  "pk": "i4mm6c4k19lbntu4bqntf3a1trmf75ok",
  "fields": {
    "session_data": ".eJxVjDsOwjAQBe_iGlnxP6ak5wzW7nqNA8iR4qRC3B0ipYD2zcx7iQTbWtPWeUlTFmdhxOl3Q6AHtx3kO7TbLGlu6zKh3BV50C6vc-bn5XD_Dir0-q2LLj76oA2x94bIcLBolUYbKI-6IKhRoUMF1gHaGLGwB2BwgYaBo3h_AO7vOI0:1rgK4H:i4lscxcIQ3SByQkrGswQZlL5_kEgK-HI9670uKZXQ9o",
    "expire_date": "2024-03-16T07:46:01.488Z"
  }
},
{
  "model": "sessions.session",
  "pk": "l412dyfmm2b9iosjaeks5v30q5ugrej3",
  "fields": {
    "session_data": ".eJxVjDsOwyAQRO9CHSHzMyZlep8BLewSnEQgGbuKcvdgyUVSjTTvzbyZh33Lfm-0-gXZlQl2-e0CxCeVA-ADyr3yWMu2LoEfCj9p43NFet1O9-8gQ8t9DSCTMEa70SYdgkWnhBUxxZ5uSKQxAgqZwAhH0yhxcNZ1UZkkJ0OKfb7n9zff:1rgroh:85sYJl2nskxoTjA9jcrM2_TzsUHYyuJ9XIWc5H6aYVs",
    "expire_date": "2024-03-17T19:48:11.692Z"
  }
},
{
  "model": "sessions.session",
  "pk": "lnjtvcgj1e0yy3kuov94h8up3bg7r0dv",
  "fields": {
    "session_data": ".eJxVjDsOwjAQBe_iGlnxP6ak5wzW7nqNA8iR4qRC3B0ipYD2zcx7iQTbWtPWeUlTFmdhxOl3Q6AHtx3kO7TbLGlu6zKh3BV50C6vc-bn5XD_Dir0-q2LLj76oA2x94bIcLBolUYbKI-6IKhRoUMF1gHaGLGwB2BwgYaBo3h_AO7vOI0:1rggiZ:hwFLr_kmwcaEvEqJ-nuQCkEZY9Vu5ikoYStYlFvKxNs",
    "expire_date": "2024-03-17T07:57:07.202Z"
  }
},
{
  "model": "sessions.session",
  "pk": "rbg95454tdc2h355w19hwbr5n7nvdz3n",
  "fields": {
    "session_data": ".eJxVjDsOwjAQBe_iGlnxP6ak5wzW7nqNA8iR4qRC3B0ipYD2zcx7iQTbWtPWeUlTFmdhxOl3Q6AHtx3kO7TbLGlu6zKh3BV50C6vc-bn5XD_Dir0-q2LLj76oA2x94bIcLBolUYbKI-6IKhRoUMF1gHaGLGwB2BwgYaBo3h_AO7vOI0:1rh5Hq:bP1jRoGoQhj5qrgyMetfn27xkwLWpjYVczqJiCXQ-rA",
    "expire_date": "2024-03-18T10:11:10.527Z"
  }
},
{
  "model": "sessions.session",
  "pk": "z4v0nmlu3mfmyro0tim1jwuhntayn6gy",
  "fields": {
    "session_data": ".eJxVjDsOwjAQBe_iGlnxP6ak5wzW7nqNA8iR4qRC3B0ipYD2zcx7iQTbWtPWeUlTFmdhxOl3Q6AHtx3kO7TbLGlu6zKh3BV50C6vc-bn5XD_Dir0-q2LLj76oA2x94bIcLBolUYbKI-6IKhRoUMF1gHaGLGwB2BwgYaBo3h_AO7vOI0:1rgOqO:fZYosIoDnHfeb4U6igmUvv8gz15LfwXx2Ebs8VDVF4Y",
    "expire_date": "2024-03-16T12:52:00.312Z"
  }
},
{
  "model": "authtoken.token",
  "pk": "33dd3c2ee76ccee8cfc958b15c833e8f351492e3",
  "fields": {
    "user": 2,
    "created": "2024-03-01T20:01:29.055Z"
  }
},
{
  "model": "authtoken.token",
  "pk": "761c6d2106591e268ab559e725b2e70d691cf21b",
  "fields": {
    "user": 3,
    "created": "2024-03-07T01:28:32.483Z"
  }
},
{
  "model": "authtoken.token",
  "pk": "b24169ec0f761c832807eb779dd05c923a09eefd",
  "fields": {
    "user": 5,
    "created": "2024-03-10T13:22:59.228Z"
  }
},
{
  "model": "users.manager",
  "pk": 1,
  "fields": {
    "password": "pbkdf2_sha256$600000$yIGhfD0n8tbGRAEevOorEI$+XyfFsMGKhHlMlERMiFXNovrqEsXfs8n9N/a9LCf9eA=",
    "last_login": "2024-03-09T18:42:59.639Z",
    "is_superuser": true,
    "is_staff": true,
    "is_active": true,
    "date_joined": "2024-03-01T19:53:46.334Z",
    "first_name": "gu",
    "last_name": "gu",
    "email": "gu@gu.ru",
    "profession": null,
    "middle_name": null,
    "username": "gu",
    "groups": [],
    "user_permissions": []
  }
},
{
  "model": "users.manager",
  "pk": 2,
  "fields": {
    "password": "pbkdf2_sha256$600000$KIbYyVCCNx9zdpSRgkFo5b$mfh0y9WOleaTzTmK+hePhp/UAV/WRIARppK7AtUFfRs=",
    "last_login": "2024-03-10T15:51:46.082Z",
    "is_superuser": false,
    "is_staff": false,
    "is_active": true,
    "date_joined": "2024-03-01T19:54:42Z",
    "first_name": "User",
    "last_name": "Test",
    "email": "test@test.ru",
    "profession": null,
    "middle_name": null,
    "username": "testuser",
    "groups": [],
    "user_permissions": []
  }
},
{
  "model": "users.manager",
  "pk": 3,
  "fields": {
    "password": "pbkdf2_sha256$600000$RFusQuWusmipe4FslfYF1k$3iJHn79rL9qfjacFkPCFg5wosOQlH2E1SyWpi6XUgdU=",
    "last_login": "2024-03-10T16:48:57.359Z",
    "is_superuser": true,
    "is_staff": true,
    "is_active": true,
    "date_joined": "2024-03-01T19:57:28Z",
    "first_name": "Вася",
    "last_name": "Будулаев",
    "email": "mainuser@amb.ru",
    "profession": null,
    "middle_name": null,
    "username": "mainuser",
    "groups": [],
    "user_permissions": []
  }
},
{
  "model": "users.manager",
  "pk": 4,
  "fields": {
    "password": "pbkdf2_sha256$600000$L8wCBR6b2rcHHCiSUKIw7n$eUAcj0WEszWEnJC7XfPSOnZCHHqVMv6TKqvbwCqaMu8=",
    "last_login": "2024-03-03T15:47:01Z",
    "is_superuser": true,
    "is_staff": true,
    "is_active": true,
    "date_joined": "2024-03-03T15:41:28Z",
    "first_name": "Анастасия",
    "last_name": "Борисова",
    "email": "anastasia@yandex.ru",
    "profession": null,
    "middle_name": null,
    "username": "anastasia",
    "groups": [],
    "user_permissions": []
  }
},
{
  "model": "users.manager",
  "pk": 5,
  "fields": {
    "password": "pbkdf2_sha256$600000$MuQnv2vznp0AuUuga5Q7el$pdVThJk7XkKQK8Gd4ywWXx2UHvuSS509Q737ahFpZT0=",
    "last_login": "2024-03-10T16:47:19.826Z",
    "is_superuser": false,
    "is_staff": false,
    "is_active": true,
    "date_joined": "2024-03-10T13:20:22Z",
    "first_name": "Бот",
    "last_name": "Ассистент",
    "email": "bot_assistant@ya.ru",
    "profession": null,
    "middle_name": null,
    "username": "bot_assistant",
    "groups": [],
    "user_permissions": []
  }
},
{
  "model": "ambassador.ambassador",
  "pk": "001d2abd-2834-43ca-b123-f087991d1ac8",
  "fields": {
    "telegram_bot": "2e6750cb-cec9-45ce-8c4b-f4d29502fc82",
    "status": "d2f8a184-326c-427d-869a-26e1d82dbf2b",
    "manager": null,
    "promocode": "Vasilevski1",
    "receipt_date": "2023-02-08",
    "reminder_counter": 0,
    "address_index": "105037!",
    "address_country": "Россия!!!!!!",
    "address_region": "г. Москва1",
    "address_district": null,
    "address_settlement": "г. Москва!",
    "address_street": "наб. Речная123",
    "address_house": 5123,
    "address_building": "31",
    "address_apartment": "85",
    "size_clothing": null,
    "size_choe": 0,
    "phone": "8(922)9874570",
    "email": "VasilevskyM@yandex.en",
    "note": "!",
    "blog_link": "https://vc.ru/!",
    "place_work": "ООО «Техстрим»!",
    "specialty_work": "механик!",
    "educational_institution": "МТУСИ!",
    "first_name": "Михаил",
    "last_name": "Василевский",
    "middle_name": "Антонович",
    "gender": "м",
    "birthday": "1988-04-21"
  }
},
{
  "model": "ambassador.ambassador",
  "pk": "198d61a6-f686-4c42-952b-939f89bd77b5",
  "fields": {
    "telegram_bot": "3c66a56b-06ff-46f6-bb88-3708ebed37ab",
    "status": "488c1c09-ecfa-4b2c-8270-99ea217ff362",
    "manager": null,
    "promocode": "Chugunov1",
    "receipt_date": "2024-01-31",
    "reminder_counter": 0,
    "address_index": "10508111",
    "address_country": "Россия11",
    "address_region": "г. Москва11",
    "address_district": null,
    "address_settlement": "г. Москва",
    "address_street": "проезд Северный дом 5  квартира 211",
    "address_house": 5,
    "address_building": null,
    "address_apartment": "2",
    "size_clothing": null,
    "size_choe": 0,
    "phone": "8(922)9874567",
    "email": "ChugunovA@yandex.ru11",
    "note": "",
    "blog_link": "https://vc.ru/11",
    "place_work": "АО «Гардтекс»11",
    "specialty_work": "технолог",
    "educational_institution": "Синегерия11",
    "first_name": "Александр",
    "last_name": "Чугунов",
    "middle_name": "Васильевич",
    "gender": "м",
    "birthday": "1985-09-10"
  }
},
{
  "model": "ambassador.ambassador",
  "pk": "20dec1f2-bb7d-4cbd-b0ba-eebc8ed4ee84",
  "fields": {
    "telegram_bot": "75b0a534-2d1f-42ac-bb59-621293ec3e40",
    "status": "488c1c09-ecfa-4b2c-8270-99ea217ff362",
    "manager": null,
    "promocode": "VPetrov1",
    "receipt_date": "2023-12-12",
    "reminder_counter": 0,
    "address_index": "630001",
    "address_country": "Россия",
    "address_region": null,
    "address_district": null,
    "address_settlement": "г. Новосибирск",
    "address_street": "пр-т Ленина",
    "address_house": 118,
    "address_building": null,
    "address_apartment": "53",
    "size_clothing": null,
    "size_choe": 0,
    "phone": "8(908)6787423",
    "email": "VadikPetr@yandex.ru",
    "note": null,
    "blog_link": "https://vc.ru/",
    "place_work": "ИП Чернов И.И.",
    "specialty_work": "водитель",
    "educational_institution": "НГУ",
    "first_name": "Вадим",
    "last_name": "Петров",
    "middle_name": "Дмитриевич",
    "gender": "м",
    "birthday": "1998-07-24"
  }
},
{
  "model": "ambassador.ambassador",
  "pk": "27dc2d34-5f12-45b9-9f0a-44a02299b312",
  "fields": {
    "telegram_bot": "d92f0f50-58e4-4ce8-9cd4-dd52c585c6f7",
    "status": "488c1c09-ecfa-4b2c-8270-99ea217ff362",
    "manager": null,
    "promocode": "Popov1",
    "receipt_date": "2024-02-08",
    "reminder_counter": 0,
    "address_index": "000187110",
    "address_country": "неРоссия",
    "address_region": null,
    "address_district": null,
    "address_settlement": "не г. Москва",
    "address_street": "неул. Маршала Жукова",
    "address_house": 3,
    "address_building": "ррА",
    "address_apartment": "15",
    "size_clothing": null,
    "size_choe": 0,
    "phone": "8(982)1234565",
    "email": "PopovA@yandex.en",
    "note": "",
    "blog_link": "https://career.habr.com/journal1",
    "place_work": "неООО «Дельрус — Центр»",
    "specialty_work": "негеограф",
    "educational_institution": "неМГУ",
    "first_name": "Абдурахмангаджи",
    "last_name": "Попов",
    "middle_name": "Фаридович",
    "gender": "м",
    "birthday": "1989-03-02"
  }
},
{
  "model": "ambassador.ambassador",
  "pk": "28f86d31-733b-4a91-95c1-3f98a26ec921",
  "fields": {
    "telegram_bot": "1090ac28-5ce0-4c9d-a698-79c6bbf7c078",
    "status": "488c1c09-ecfa-4b2c-8270-99ea217ff362",
    "manager": null,
    "promocode": "Subbotin1",
    "receipt_date": "2023-12-14",
    "reminder_counter": 0,
    "address_index": "626156",
    "address_country": "Россия!",
    "address_region": "Тюменская область",
    "address_district": null,
    "address_settlement": "г. Тобольск",
    "address_street": "Ленина",
    "address_house": 2,
    "address_building": null,
    "address_apartment": "456",
    "size_clothing": null,
    "size_choe": 0,
    "phone": "8(982)1234568",
    "email": "SubbotinAnton@yandex.ru",
    "note": "",
    "blog_link": "https://vc.ru/",
    "place_work": "ООО «Сайнс»",
    "specialty_work": "маркетолог",
    "educational_institution": "ИМЭС",
    "first_name": "Антон",
    "last_name": "Субботин",
    "middle_name": "Петрович",
    "gender": "м",
    "birthday": "2001-02-13"
  }
},
{
  "model": "ambassador.ambassador",
  "pk": "39f2844b-b7ec-445f-996f-34c2aab0a59b",
  "fields": {
    "telegram_bot": "19c62a3e-747a-4fa2-b2ff-58a628f0e96a",
    "status": "488c1c09-ecfa-4b2c-8270-99ea217ff362",
    "manager": null,
    "promocode": null,
    "receipt_date": null,
    "reminder_counter": 0,
    "address_index": "187015",
    "address_country": "Россия",
    "address_region": null,
    "address_district": null,
    "address_settlement": "г. Санкт-Петербург",
    "address_street": "Уточкина",
    "address_house": 13,
    "address_building": null,
    "address_apartment": "35",
    "size_clothing": null,
    "size_choe": 0,
    "phone": "8(905)3789090",
    "email": "lexa1980@yandex.ru",
    "note": null,
    "blog_link": "https://www.youtube.com/",
    "place_work": "Не работает",
    "specialty_work": "Не работает",
    "educational_institution": "СПбГУ",
    "first_name": "Алексей",
    "last_name": "Иванов",
    "middle_name": "Владимирович",
    "gender": "м",
    "birthday": "1980-10-22"
  }
},
{
  "model": "ambassador.ambassador",
  "pk": "3bf3b298-fddf-4d37-93d9-a1fceb81189b",
  "fields": {
    "telegram_bot": "bf53ea1e-6bc6-48de-8bcd-9ab3a1a15fe7",
    "status": "488c1c09-ecfa-4b2c-8270-99ea217ff362",
    "manager": null,
    "promocode": "Volkov1",
    "receipt_date": "2023-11-21",
    "reminder_counter": 0,
    "address_index": "105081",
    "address_country": "Россия",
    "address_region": null,
    "address_district": null,
    "address_settlement": "г. Москва",
    "address_street": "пр-д Северный",
    "address_house": 2,
    "address_building": "3",
    "address_apartment": "75",
    "size_clothing": null,
    "size_choe": 0,
    "phone": "8(982)1234570",
    "email": "VolkovA@yandex.ru",
    "note": null,
    "blog_link": "https://vc.ru/",
    "place_work": "ООО «РАНТ трейд»",
    "specialty_work": "журналист",
    "educational_institution": "ММУ",
    "first_name": "Александр",
    "last_name": "Волков",
    "middle_name": "Николаевич",
    "gender": "м",
    "birthday": "1990-05-23"
  }
},
{
  "model": "ambassador.ambassador",
  "pk": "3d31e408-5c3f-4911-ac9c-266c2cade8c9",
  "fields": {
    "telegram_bot": "36386c81-e767-4f3d-81fb-8154c2540473",
    "status": "488c1c09-ecfa-4b2c-8270-99ea217ff362",
    "manager": null,
    "promocode": null,
    "receipt_date": null,
    "reminder_counter": 0,
    "address_index": "103132",
    "address_country": "Россия",
    "address_region": null,
    "address_district": null,
    "address_settlement": "г. Москва",
    "address_street": "Цветочная",
    "address_house": 45,
    "address_building": "1",
    "address_apartment": "42",
    "size_clothing": null,
    "size_choe": 0,
    "phone": "8(922)9874564",
    "email": "StepanovaIrina@yandex.ru",
    "note": null,
    "blog_link": "https://career.habr.com/journal",
    "place_work": "ООО «Промбазис»",
    "specialty_work": "продавец",
    "educational_institution": "РОСМОУ",
    "first_name": "Ирина",
    "last_name": "Степанова",
    "middle_name": "Алексеевна",
    "gender": "ж",
    "birthday": "1977-12-23"
  }
},
{
  "model": "ambassador.ambassador",
  "pk": "4c05db77-103c-43a3-95cf-32f0ae2dd11b",
  "fields": {
    "telegram_bot": "0129645c-7b6b-41f1-a3af-f5e8da08e7d0",
    "status": "937d964f-e8e1-463f-be12-c49141611cbf",
    "manager": null,
    "promocode": "SokolovaM1",
    "receipt_date": "2024-03-02",
    "reminder_counter": 0,
    "address_index": "103274",
    "address_country": "Россия!",
    "address_region": null,
    "address_district": null,
    "address_settlement": "г. Москва",
    "address_street": "Строителей",
    "address_house": 7,
    "address_building": null,
    "address_apartment": "25",
    "size_clothing": null,
    "size_choe": 0,
    "phone": "8(982)1234569",
    "email": "SokolovaMaria@yandex.ru",
    "note": "",
    "blog_link": "https://career.habr.com/journal",
    "place_work": "ООО «Мртс Морские Проекты»",
    "specialty_work": "инженер",
    "educational_institution": "ЛЭТИ",
    "first_name": "Мария",
    "last_name": "Соколова",
    "middle_name": "Александровна",
    "gender": "ж",
    "birthday": "1996-07-17"
  }
},
{
  "model": "ambassador.ambassador",
  "pk": "5afd2292-acf4-4764-a0d8-9cb08dd34f8b",
  "fields": {
    "telegram_bot": "23024018-1f97-47bb-9702-4d63280068cb",
    "status": "730105a7-3e0b-4104-9f52-8550e313abad",
    "manager": null,
    "promocode": "Raskolbasova1",
    "receipt_date": "2024-01-17",
    "reminder_counter": 0,
    "address_index": "365234",
    "address_country": "Россия",
    "address_region": null,
    "address_district": null,
    "address_settlement": "г. Москва",
    "address_street": "пр-кт Мира",
    "address_house": 45,
    "address_building": null,
    "address_apartment": "25",
    "size_clothing": null,
    "size_choe": 0,
    "phone": "8(982)1234566",
    "email": "SmirnovaElena@yandex.ru",
    "note": null,
    "blog_link": "https://career.habr.com/journal",
    "place_work": "ООО «Гудшуз»",
    "specialty_work": "биолог",
    "educational_institution": "ИТМО",
    "first_name": "Елена",
    "last_name": "Смирнова-Расколбасова",
    "middle_name": "Ивановна",
    "gender": "ж",
    "birthday": "1991-06-15"
  }
},
{
  "model": "ambassador.ambassador",
  "pk": "73059e0e-5644-488a-8b6c-798454313c7e",
  "fields": {
    "telegram_bot": "199d34fe-e444-482c-b6dc-e40f45429508",
    "status": "d2f8a184-326c-427d-869a-26e1d82dbf2b",
    "manager": null,
    "promocode": "IvanovDen3",
    "receipt_date": "2023-03-01",
    "reminder_counter": 0,
    "address_index": "658254",
    "address_country": "Россия",
    "address_region": null,
    "address_district": null,
    "address_settlement": "г. Москва",
    "address_street": "Ленина",
    "address_house": 1,
    "address_building": "2",
    "address_apartment": "56",
    "size_clothing": null,
    "size_choe": 0,
    "phone": "8(982)1234567",
    "email": "IvanovDenis@yandex.ru",
    "note": null,
    "blog_link": "https://www.youtube.com/",
    "place_work": "ООО «Бауинвест»",
    "specialty_work": "учитель",
    "educational_institution": "МИСИС",
    "first_name": "Денис",
    "last_name": "Иванов",
    "middle_name": "Максимович",
    "gender": "м",
    "birthday": "1984-11-22"
  }
},
{
  "model": "ambassador.ambassador",
  "pk": "737f4bac-db02-4c1e-be09-c29776e78607",
  "fields": {
    "telegram_bot": "6ccc792f-c6d1-40d2-8e07-0180e16e1c72",
    "status": "488c1c09-ecfa-4b2c-8270-99ea217ff362",
    "manager": null,
    "promocode": "SmirnovIv1",
    "receipt_date": "2023-10-21",
    "reminder_counter": 0,
    "address_index": "105077",
    "address_country": "Россия",
    "address_region": null,
    "address_district": null,
    "address_settlement": "г. Москва",
    "address_street": "переулок Зелёный",
    "address_house": 5,
    "address_building": null,
    "address_apartment": "12",
    "size_clothing": null,
    "size_choe": 0,
    "phone": "8(982)1234572",
    "email": "SmirnovIvan@yandex.ru",
    "note": null,
    "blog_link": "https://vc.ru/",
    "place_work": "ООО «Ортост-Фасад»",
    "specialty_work": "водитель",
    "educational_institution": "ИТМО",
    "first_name": "Иван",
    "last_name": "Смирнов",
    "middle_name": "Кириллович",
    "gender": "м",
    "birthday": "1979-10-08"
  }
},
{
  "model": "ambassador.ambassador",
  "pk": "92ed951d-6e62-4772-9453-2a6875796247",
  "fields": {
    "telegram_bot": "9f162073-7758-4f00-b2c4-d52e3af9100e",
    "status": "488c1c09-ecfa-4b2c-8270-99ea217ff362",
    "manager": null,
    "promocode": "Morozova1",
    "receipt_date": "2023-11-28",
    "reminder_counter": 0,
    "address_index": "123456",
    "address_country": "Россия1",
    "address_region": "г. Волхов",
    "address_district": null,
    "address_settlement": "г. Волхов",
    "address_street": "Садовая",
    "address_house": 3,
    "address_building": null,
    "address_apartment": "5",
    "size_clothing": null,
    "size_choe": 0,
    "phone": "8(982)1234571",
    "email": "MorozovaNatalya@yandex.ru",
    "note": "",
    "blog_link": "https://career.habr.com/journal",
    "place_work": "ООО «КабельСтар»",
    "specialty_work": "менеджер",
    "educational_institution": "МГУ",
    "first_name": "Наталья",
    "last_name": "Морозова",
    "middle_name": "Дмитриевна",
    "gender": "ж",
    "birthday": "1994-02-22"
  }
},
{
  "model": "ambassador.ambassador",
  "pk": "a38068d3-5bb8-47b7-8b67-a8751c24f42b",
  "fields": {
    "telegram_bot": "4f547ad2-5a98-41e8-b435-391a88c4b19b",
    "status": "488c1c09-ecfa-4b2c-8270-99ea217ff362",
    "manager": null,
    "promocode": "Zabelin1",
    "receipt_date": "2024-01-18",
    "reminder_counter": 0,
    "address_index": "103132",
    "address_country": "Россия",
    "address_region": null,
    "address_district": null,
    "address_settlement": "г. Москва",
    "address_street": "ш. Шоссейное",
    "address_house": 6,
    "address_building": null,
    "address_apartment": "8",
    "size_clothing": null,
    "size_choe": 0,
    "phone": "8(922)9874571",
    "email": "ZabelinPeter@yandex.ru",
    "note": null,
    "blog_link": "https://career.habr.com/journal",
    "place_work": "ООО «Бразер»",
    "specialty_work": "программист",
    "educational_institution": "Синегерия",
    "first_name": "Петр",
    "last_name": "Забелин",
    "middle_name": "Станиславович",
    "gender": "м",
    "birthday": "1983-01-13"
  }
},
{
  "model": "ambassador.ambassador",
  "pk": "a4918e6e-1b4a-4b16-a030-b1ee47f32a89",
  "fields": {
    "telegram_bot": "b75d0130-3454-4a4a-bab0-3db4e5c0b28e",
    "status": "488c1c09-ecfa-4b2c-8270-99ea217ff362",
    "manager": null,
    "promocode": "Kozlov1",
    "receipt_date": "2023-12-15",
    "reminder_counter": 0,
    "address_index": "105077",
    "address_country": "Россия",
    "address_region": null,
    "address_district": null,
    "address_settlement": "г. Москва",
    "address_street": "Пролетарская",
    "address_house": 45,
    "address_building": null,
    "address_apartment": "89",
    "size_clothing": null,
    "size_choe": 0,
    "phone": "8(982)1234573",
    "email": "KozlovDmitry@yandex.ru",
    "note": null,
    "blog_link": "https://vc.ru/",
    "place_work": "ООО «Ай-Эс-Эс»",
    "specialty_work": "иллюстратор",
    "educational_institution": "МИСИС",
    "first_name": "Дмитрий",
    "last_name": "Козлов",
    "middle_name": "Георгиевич",
    "gender": "м",
    "birthday": "1998-12-28"
  }
},
{
  "model": "ambassador.ambassador",
  "pk": "b072e354-1572-41cc-9e0b-a37f53a26135",
  "fields": {
    "telegram_bot": "954dde5d-4450-449f-821a-2ac1152dcc46",
    "status": "488c1c09-ecfa-4b2c-8270-99ea217ff362",
    "manager": null,
    "promocode": "Nikolaeva1",
    "receipt_date": "2024-01-11",
    "reminder_counter": 0,
    "address_index": "103132",
    "address_country": "Россия",
    "address_region": null,
    "address_district": null,
    "address_settlement": "г. Москва",
    "address_street": "Парковая",
    "address_house": 64,
    "address_building": null,
    "address_apartment": "54",
    "size_clothing": null,
    "size_choe": 0,
    "phone": "8(982)1234574",
    "email": "NikolaevaE@yandex.ru",
    "note": null,
    "blog_link": "https://www.youtube.com/",
    "place_work": "ООО «Жд Транс»",
    "specialty_work": "программист",
    "educational_institution": "ИМЭС",
    "first_name": "Екатерина",
    "last_name": "Николаева",
    "middle_name": "Егоровна",
    "gender": "ж",
    "birthday": "1986-07-25"
  }
},
{
  "model": "ambassador.ambassador",
  "pk": "b705ecbf-65e0-477d-a5d6-f808ac83e236",
  "fields": {
    "telegram_bot": "795ec43f-40e7-4a9b-bc9b-97a60f7eb989",
    "status": "488c1c09-ecfa-4b2c-8270-99ea217ff362",
    "manager": null,
    "promocode": "Petrova1",
    "receipt_date": "2023-12-11",
    "reminder_counter": 0,
    "address_index": "103132",
    "address_country": "Россия",
    "address_region": null,
    "address_district": null,
    "address_settlement": "г. Москва",
    "address_street": "переулок Зелёный",
    "address_house": 25,
    "address_building": null,
    "address_apartment": "28",
    "size_clothing": null,
    "size_choe": 0,
    "phone": "8(922)9874565",
    "email": "PertovaMarina@yandex.ru",
    "note": null,
    "blog_link": "https://career.habr.com/journal",
    "place_work": "ООО «АБС-авто Столица»",
    "specialty_work": "менеджер",
    "educational_institution": "МФЮА",
    "first_name": "Марина",
    "last_name": "Петрова",
    "middle_name": "Васильевна",
    "gender": "ж",
    "birthday": "1978-08-09"
  }
},
{
  "model": "ambassador.ambassador",
  "pk": "baf23446-1d0e-449e-a2e1-a5b59da25731",
  "fields": {
    "telegram_bot": "426df251-c10b-4dde-9e0c-d6b08cc41e49",
    "status": "488c1c09-ecfa-4b2c-8270-99ea217ff362",
    "manager": null,
    "promocode": "Valentin1",
    "receipt_date": "2023-09-14",
    "reminder_counter": 0,
    "address_index": "105077",
    "address_country": "Россия",
    "address_region": null,
    "address_district": null,
    "address_settlement": "г. Москва",
    "address_street": "бульвар Солнечный",
    "address_house": 6,
    "address_building": "Б",
    "address_apartment": "45",
    "size_clothing": null,
    "size_choe": 0,
    "phone": "8(922)9874568",
    "email": "IllistratovV@yandex.ru",
    "note": null,
    "blog_link": "https://career.habr.com/journal",
    "place_work": "ООО «Мультитрейд»",
    "specialty_work": "менеджер",
    "educational_institution": "РОСМОУ",
    "first_name": "Валентин",
    "last_name": "Иллистратов",
    "middle_name": "Александрович",
    "gender": "м",
    "birthday": "2001-07-30"
  }
},
{
  "model": "ambassador.ambassador",
  "pk": "c5968489-7466-43b2-a591-b1eefed2250d",
  "fields": {
    "telegram_bot": "0fb8e511-c753-45e5-bb27-0dd977a82b62",
    "status": "aee0b6d0-608d-4bda-bba9-2ff477e0e5cb",
    "manager": null,
    "promocode": null,
    "receipt_date": null,
    "reminder_counter": 0,
    "address_index": "344001",
    "address_country": "Россия",
    "address_region": null,
    "address_district": null,
    "address_settlement": "г. Ростов-на-Дону",
    "address_street": "Строителей",
    "address_house": 78,
    "address_building": null,
    "address_apartment": "3",
    "size_clothing": null,
    "size_choe": 0,
    "phone": "8(909)5546760",
    "email": "ValentinaBur@yandex.ru",
    "note": null,
    "blog_link": "https://www.youtube.com/",
    "place_work": "ООО «Эдельвейс»",
    "specialty_work": "логист",
    "educational_institution": "РУДН",
    "first_name": "Валентина",
    "last_name": "Бурмистрова",
    "middle_name": "Андреевна",
    "gender": "ж",
    "birthday": "1997-07-27"
  }
},
{
  "model": "ambassador.ambassador",
  "pk": "cc57532f-71da-467b-a301-65a54b7e547d",
  "fields": {
    "telegram_bot": "db7d07ea-8382-4e63-9efc-031d73ce3443",
    "status": "aee0b6d0-608d-4bda-bba9-2ff477e0e5cb",
    "manager": null,
    "promocode": null,
    "receipt_date": null,
    "reminder_counter": 0,
    "address_index": "105077",
    "address_country": "Россия",
    "address_region": null,
    "address_district": null,
    "address_settlement": "г. Москва",
    "address_street": "пл. Торговая",
    "address_house": 7,
    "address_building": null,
    "address_apartment": "5",
    "size_clothing": null,
    "size_choe": 0,
    "phone": "8(922)9874572",
    "email": "AlexandrovA@yandex.ru",
    "note": null,
    "blog_link": "https://vc.ru/",
    "place_work": "ООО «Екс Механизация»",
    "specialty_work": "физик",
    "educational_institution": "Синегерия",
    "first_name": "Александр",
    "last_name": "Александров",
    "middle_name": "Павлович",
    "gender": "м",
    "birthday": "2002-06-14"
  }
},
{
  "model": "ambassador.ambassador",
  "pk": "d885dc41-3e92-418b-8b91-82da961f3e07",
  "fields": {
    "telegram_bot": "7608c962-365e-4bbb-9832-131527bc7e08",
    "status": "488c1c09-ecfa-4b2c-8270-99ea217ff362",
    "manager": null,
    "promocode": "Kaverin1",
    "receipt_date": "2024-01-18",
    "reminder_counter": 0,
    "address_index": "105081",
    "address_country": "Россия",
    "address_region": null,
    "address_district": null,
    "address_settlement": "г. Москва",
    "address_street": "Аллея Сиреневая",
    "address_house": 7,
    "address_building": null,
    "address_apartment": "7",
    "size_clothing": null,
    "size_choe": 0,
    "phone": "8(922)9874569",
    "email": "KaverinStepan@yandex.ru",
    "note": null,
    "blog_link": "https://vc.ru/",
    "place_work": "ООО «Эвоген»",
    "specialty_work": "торговый представитель",
    "educational_institution": "МФЮА",
    "first_name": "Степан",
    "last_name": "Каверин",
    "middle_name": "Аркадьевич",
    "gender": "м",
    "birthday": "1991-03-16"
  }
},
{
  "model": "ambassador.ambassador",
  "pk": "d9eeb75e-b9fd-42f9-a273-be47bbce5844",
  "fields": {
    "telegram_bot": "0bdeeea5-7300-432a-95a1-87ab7945f0d5",
    "status": "488c1c09-ecfa-4b2c-8270-99ea217ff362",
    "manager": null,
    "promocode": "Zaluzhnaya1",
    "receipt_date": "2023-09-29",
    "reminder_counter": 0,
    "address_index": "353417",
    "address_country": "Россия",
    "address_region": "Краснодарский край",
    "address_district": null,
    "address_settlement": "г. Анапа",
    "address_street": "Солнечная",
    "address_house": 13,
    "address_building": null,
    "address_apartment": null,
    "size_clothing": null,
    "size_choe": 0,
    "phone": "8(922)6224547",
    "email": "Inesso4ka1811@yandex.ru",
    "note": null,
    "blog_link": "https://vc.ru/",
    "place_work": "ООО «Азимут»",
    "specialty_work": "менеджер по продажам",
    "educational_institution": "КубГУ",
    "first_name": "Инесса",
    "last_name": "Залужная",
    "middle_name": "Сергеевна",
    "gender": "ж",
    "birthday": "1994-11-18"
  }
},
{
  "model": "ambassador.ambassador",
  "pk": "e7a023ee-623c-4096-8855-8dbacd388522",
  "fields": {
    "telegram_bot": "4520ec19-4c50-418e-ae78-184872fad8da",
    "status": "aee0b6d0-608d-4bda-bba9-2ff477e0e5cb",
    "manager": null,
    "promocode": null,
    "receipt_date": null,
    "reminder_counter": 0,
    "address_index": "105037",
    "address_country": "Россия",
    "address_region": null,
    "address_district": null,
    "address_settlement": "г. Москва",
    "address_street": "Шоссе Энтузиастов",
    "address_house": 13,
    "address_building": null,
    "address_apartment": "5",
    "size_clothing": null,
    "size_choe": 0,
    "phone": "8(922)9874566",
    "email": "SokolovaKristina@yandex.ru",
    "note": null,
    "blog_link": "https://www.youtube.com/",
    "place_work": "ООО «Виста»",
    "specialty_work": "предприниматель",
    "educational_institution": "МТУСИ",
    "first_name": "Кристина",
    "last_name": "Соколова",
    "middle_name": "Глебовна",
    "gender": "ж",
    "birthday": "1983-10-10"
  }
},
{
  "model": "ambassador.ambassador",
  "pk": "ee18379e-8f76-4f03-a35d-aa24a17d33cc",
  "fields": {
    "telegram_bot": "592049ce-e69e-4963-88bc-b700ca143c92",
    "status": "730105a7-3e0b-4104-9f52-8550e313abad",
    "manager": null,
    "promocode": "MorozovAl1",
    "receipt_date": "2024-02-01",
    "reminder_counter": 0,
    "address_index": "105081",
    "address_country": "Россия",
    "address_region": null,
    "address_district": null,
    "address_settlement": "г. Москва4",
    "address_street": "пр-д Лесной",
    "address_house": 3,
    "address_building": null,
    "address_apartment": "45",
    "size_clothing": null,
    "size_choe": 0,
    "phone": "8(922)9874563",
    "email": "MorozovAlexey@yandex.ru",
    "note": "",
    "blog_link": "https://vc.ru/",
    "place_work": "ООО «Прострой»",
    "specialty_work": "кадровик",
    "educational_institution": "Синегерия",
    "first_name": "Алексей",
    "last_name": "Морозов",
    "middle_name": "Германович",
    "gender": "м",
    "birthday": "1995-05-15"
  }
},
{
  "model": "ambassador.ambassador",
  "pk": "f6361c31-19d8-4729-bbc6-fac517302c07",
  "fields": {
    "telegram_bot": "b9210ae6-f08e-4426-8cae-1731c4a4173b",
    "status": "aee0b6d0-608d-4bda-bba9-2ff477e0e5cb",
    "manager": null,
    "promocode": null,
    "receipt_date": null,
    "reminder_counter": 0,
    "address_index": "123456",
    "address_country": "Россия",
    "address_region": null,
    "address_district": null,
    "address_settlement": "Новочеркаск",
    "address_street": "ул. Ленина",
    "address_house": 45,
    "address_building": null,
    "address_apartment": null,
    "size_clothing": null,
    "size_choe": 0,
    "phone": "8(999)9999999",
    "email": "test@test.ru",
    "note": null,
    "blog_link": "",
    "place_work": "",
    "specialty_work": "",
    "educational_institution": "",
    "first_name": "Test",
    "last_name": "User",
    "middle_name": null,
    "gender": "м",
    "birthday": "1977-07-13"
  }
},
{
  "model": "ambassador.ambassador",
  "pk": "fc27e8fb-e269-41be-9306-d8218f7ea72f",
  "fields": {
    "telegram_bot": "3dd32832-1b40-4107-9125-4b24d9005851",
    "status": "488c1c09-ecfa-4b2c-8270-99ea217ff362",
    "manager": null,
    "promocode": "Lenc1",
    "receipt_date": "2023-09-13",
    "reminder_counter": 0,
    "address_index": "454000",
    "address_country": "Россия",
    "address_region": null,
    "address_district": null,
    "address_settlement": "г. Челябинск",
    "address_street": "ул. Чичерина",
    "address_house": 35,
    "address_building": "Б",
    "address_apartment": "12",
    "size_clothing": null,
    "size_choe": 0,
    "phone": "8(904)8707537",
    "email": "LencII@yandex.ru",
    "note": null,
    "blog_link": "https://career.habr.com/journal",
    "place_work": "ООО «Terra»",
    "specialty_work": "дизайнер",
    "educational_institution": "ЧелГУ",
    "first_name": "Игорь",
    "last_name": "Ленц",
    "middle_name": "Игоревич",
    "gender": "м",
    "birthday": "2000-03-01"
  }
},
{
  "model": "ambassador.ambassadorgoal",
  "pk": "05510f3f-35ac-47bb-bf32-72e17a2437ec",
  "fields": {
    "goal": "156cdbb7-81e1-49c2-9b38-7a72e8859abc",
    "ambassador": "a4918e6e-1b4a-4b16-a030-b1ee47f32a89",
    "own_version": null
  }
},
{
  "model": "ambassador.ambassadorgoal",
  "pk": "0a250a8a-4f36-4423-b41c-e81667d09686",
  "fields": {
    "goal": "3241fb85-eb33-43e4-8b89-5bbc68aba35d",
    "ambassador": "d9eeb75e-b9fd-42f9-a273-be47bbce5844",
    "own_version": null
  }
},
{
  "model": "ambassador.ambassadorgoal",
  "pk": "1158b03d-0cc3-484b-b1fc-f24bf920d80c",
  "fields": {
    "goal": "f5b706ef-9a19-4a71-9af2-99a3d86543ec",
    "ambassador": "ee18379e-8f76-4f03-a35d-aa24a17d33cc",
    "own_version": "узнать о чём эта сфера деятельности"
  }
},
{
  "model": "ambassador.ambassadorgoal",
  "pk": "1f91d3f2-ea83-4b31-a1bc-ec4eddf5a48c",
  "fields": {
    "goal": "3241fb85-eb33-43e4-8b89-5bbc68aba35d",
    "ambassador": "001d2abd-2834-43ca-b123-f087991d1ac8",
    "own_version": null
  }
},
{
  "model": "ambassador.ambassadorgoal",
  "pk": "23098852-f6a2-4c86-bfef-7d0567be6d27",
  "fields": {
    "goal": "3241fb85-eb33-43e4-8b89-5bbc68aba35d",
    "ambassador": "f6361c31-19d8-4729-bbc6-fac517302c07",
    "own_version": null
  }
},
{
  "model": "ambassador.ambassadorgoal",
  "pk": "4022ba0c-c870-4927-9ff3-afa26d347f58",
  "fields": {
    "goal": "156cdbb7-81e1-49c2-9b38-7a72e8859abc",
    "ambassador": "baf23446-1d0e-449e-a2e1-a5b59da25731",
    "own_version": null
  }
},
{
  "model": "ambassador.ambassadorgoal",
  "pk": "43157a56-de8a-4701-bece-9d2d0837b4ac",
  "fields": {
    "goal": "f5b706ef-9a19-4a71-9af2-99a3d86543ec",
    "ambassador": "3bf3b298-fddf-4d37-93d9-a1fceb81189b",
    "own_version": "повышение должности"
  }
},
{
  "model": "ambassador.ambassadorgoal",
  "pk": "4b56c846-e06c-49e7-8d77-5509fbf53423",
  "fields": {
    "goal": "3241fb85-eb33-43e4-8b89-5bbc68aba35d",
    "ambassador": "4c05db77-103c-43a3-95cf-32f0ae2dd11b",
    "own_version": null
  }
},
{
  "model": "ambassador.ambassadorgoal",
  "pk": "4e77f3a5-c878-4a8f-9ecb-cd769fb43de1",
  "fields": {
    "goal": "3241fb85-eb33-43e4-8b89-5bbc68aba35d",
    "ambassador": "fc27e8fb-e269-41be-9306-d8218f7ea72f",
    "own_version": null
  }
},
{
  "model": "ambassador.ambassadorgoal",
  "pk": "514cf597-cd21-464c-8162-009fb9959fce",
  "fields": {
    "goal": "f5b706ef-9a19-4a71-9af2-99a3d86543ec",
    "ambassador": "c5968489-7466-43b2-a591-b1eefed2250d",
    "own_version": "для своего бизнеса"
  }
},
{
  "model": "ambassador.ambassadorgoal",
  "pk": "5464548c-c107-4351-a14a-c75af6e09f48",
  "fields": {
    "goal": "3241fb85-eb33-43e4-8b89-5bbc68aba35d",
    "ambassador": "737f4bac-db02-4c1e-be09-c29776e78607",
    "own_version": null
  }
},
{
  "model": "ambassador.ambassadorgoal",
  "pk": "59859b20-6c98-4652-a16f-12fd0b10bb96",
  "fields": {
    "goal": "156cdbb7-81e1-49c2-9b38-7a72e8859abc",
    "ambassador": "27dc2d34-5f12-45b9-9f0a-44a02299b312",
    "own_version": null
  }
},
{
  "model": "ambassador.ambassadorgoal",
  "pk": "7cdbd19e-2294-4ee7-9bb8-34c6fd499319",
  "fields": {
    "goal": "f5b706ef-9a19-4a71-9af2-99a3d86543ec",
    "ambassador": "d885dc41-3e92-418b-8b91-82da961f3e07",
    "own_version": "скучно"
  }
},
{
  "model": "ambassador.ambassadorgoal",
  "pk": "7ead9106-e64e-463e-9414-c7e657af11ad",
  "fields": {
    "goal": "3241fb85-eb33-43e4-8b89-5bbc68aba35d",
    "ambassador": "a38068d3-5bb8-47b7-8b67-a8751c24f42b",
    "own_version": null
  }
},
{
  "model": "ambassador.ambassadorgoal",
  "pk": "850ace74-420b-4ac9-8f1e-d1d8d5ff209c",
  "fields": {
    "goal": "f5b706ef-9a19-4a71-9af2-99a3d86543ec",
    "ambassador": "39f2844b-b7ec-445f-996f-34c2aab0a59b",
    "own_version": "получить навыки"
  }
},
{
  "model": "ambassador.ambassadorgoal",
  "pk": "8d28a854-5825-4bb6-8168-b5e8d1c5d0a8",
  "fields": {
    "goal": "156cdbb7-81e1-49c2-9b38-7a72e8859abc",
    "ambassador": "b705ecbf-65e0-477d-a5d6-f808ac83e236",
    "own_version": null
  }
},
{
  "model": "ambassador.ambassadorgoal",
  "pk": "ac4f1fd9-2a4b-4303-bdce-6f792e8cc4fb",
  "fields": {
    "goal": "156cdbb7-81e1-49c2-9b38-7a72e8859abc",
    "ambassador": "28f86d31-733b-4a91-95c1-3f98a26ec921",
    "own_version": null
  }
},
{
  "model": "ambassador.ambassadorgoal",
  "pk": "b1748e26-ab1d-4e4f-bef8-b84197d04623",
  "fields": {
    "goal": "156cdbb7-81e1-49c2-9b38-7a72e8859abc",
    "ambassador": "b072e354-1572-41cc-9e0b-a37f53a26135",
    "own_version": null
  }
},
{
  "model": "ambassador.ambassadorgoal",
  "pk": "b3e63192-b4cd-4bd2-8c0b-e2d79af36399",
  "fields": {
    "goal": "156cdbb7-81e1-49c2-9b38-7a72e8859abc",
    "ambassador": "5afd2292-acf4-4764-a0d8-9cb08dd34f8b",
    "own_version": null
  }
},
{
  "model": "ambassador.ambassadorgoal",
  "pk": "ca78826e-f3f0-4781-bea4-babcf3ea28b6",
  "fields": {
    "goal": "156cdbb7-81e1-49c2-9b38-7a72e8859abc",
    "ambassador": "20dec1f2-bb7d-4cbd-b0ba-eebc8ed4ee84",
    "own_version": null
  }
},
{
  "model": "ambassador.ambassadorgoal",
  "pk": "d883a853-f411-4c30-a035-2af3966349f1",
  "fields": {
    "goal": "f5b706ef-9a19-4a71-9af2-99a3d86543ec",
    "ambassador": "92ed951d-6e62-4772-9453-2a6875796247",
    "own_version": "саморазвитие"
  }
},
{
  "model": "ambassador.ambassadorgoal",
  "pk": "d8e12b25-c36e-4f0c-960c-210b63abbd4b",
  "fields": {
    "goal": "3241fb85-eb33-43e4-8b89-5bbc68aba35d",
    "ambassador": "e7a023ee-623c-4096-8855-8dbacd388522",
    "own_version": null
  }
},
{
  "model": "ambassador.ambassadorgoal",
  "pk": "df2c5c81-747e-45ea-994d-20f9b4c4f79a",
  "fields": {
    "goal": "156cdbb7-81e1-49c2-9b38-7a72e8859abc",
    "ambassador": "cc57532f-71da-467b-a301-65a54b7e547d",
    "own_version": null
  }
},
{
  "model": "ambassador.ambassadorgoal",
  "pk": "e2c61a59-11cf-4281-ba3f-32a6145890fb",
  "fields": {
    "goal": "156cdbb7-81e1-49c2-9b38-7a72e8859abc",
    "ambassador": "3d31e408-5c3f-4911-ac9c-266c2cade8c9",
    "own_version": null
  }
},
{
  "model": "ambassador.ambassadorgoal",
  "pk": "ea973a77-2fc9-4ef3-bddc-b53df5b5e42d",
  "fields": {
    "goal": "156cdbb7-81e1-49c2-9b38-7a72e8859abc",
    "ambassador": "198d61a6-f686-4c42-952b-939f89bd77b5",
    "own_version": null
  }
},
{
  "model": "ambassador.ambassadorgoal",
  "pk": "f0d3cf98-2ee9-4d41-ad81-615b72e3780a",
  "fields": {
    "goal": "156cdbb7-81e1-49c2-9b38-7a72e8859abc",
    "ambassador": "73059e0e-5644-488a-8b6c-798454313c7e",
    "own_version": null
  }
},
{
  "model": "ambassador.goal",
  "pk": "156cdbb7-81e1-49c2-9b38-7a72e8859abc",
  "fields": {
    "goal_name": "Углубление имеющихся знаний, чтобы использовать их",
    "available": true
  }
},
{
  "model": "ambassador.goal",
  "pk": "3241fb85-eb33-43e4-8b89-5bbc68aba35d",
  "fields": {
    "goal_name": "Получение новой профессии, чтобы сменить работу",
    "available": true
  }
},
{
  "model": "ambassador.goal",
  "pk": "f5b706ef-9a19-4a71-9af2-99a3d86543ec",
  "fields": {
    "goal_name": "Свой вариант",
    "available": true
  }
},
{
  "model": "ambassador.ambassadoractivity",
  "pk": "0037cf55-d72b-4c3a-b49a-84839144e6d2",
  "fields": {
    "activity": "008df733-4ccc-4ea9-ab63-936c51db5c72",
    "ambassador": "d885dc41-3e92-418b-8b91-82da961f3e07"
  }
},
{
  "model": "ambassador.ambassadoractivity",
  "pk": "0372b332-2713-439d-a32c-663808ad59ea",
  "fields": {
    "activity": "fff51b0c-1fc8-4b84-bccd-78a4288e6d8e",
    "ambassador": "cc57532f-71da-467b-a301-65a54b7e547d"
  }
},
{
  "model": "ambassador.ambassadoractivity",
  "pk": "04666725-05ea-492c-be50-776e4b801e54",
  "fields": {
    "activity": "fff51b0c-1fc8-4b84-bccd-78a4288e6d8e",
    "ambassador": "a38068d3-5bb8-47b7-8b67-a8751c24f42b"
  }
},
{
  "model": "ambassador.ambassadoractivity",
  "pk": "077a0373-47ab-4a2d-9cea-dec2abfcdc0d",
  "fields": {
    "activity": "5e47d3ae-2ca2-43cc-8f96-ee9f52e5d7c3",
    "ambassador": "001d2abd-2834-43ca-b123-f087991d1ac8"
  }
},
{
  "model": "ambassador.ambassadoractivity",
  "pk": "092a0fa5-4bbf-4b5a-99e6-5e40f5971ec7",
  "fields": {
    "activity": "5828b782-3684-42cf-bda8-acb6cc49ac78",
    "ambassador": "a4918e6e-1b4a-4b16-a030-b1ee47f32a89"
  }
},
{
  "model": "ambassador.ambassadoractivity",
  "pk": "0c459bd2-b48e-4d65-994b-956c4c331ecb",
  "fields": {
    "activity": "5e47d3ae-2ca2-43cc-8f96-ee9f52e5d7c3",
    "ambassador": "c5968489-7466-43b2-a591-b1eefed2250d"
  }
},
{
  "model": "ambassador.ambassadoractivity",
  "pk": "0fd910bf-8a00-48cb-bace-681daa7b0fd0",
  "fields": {
    "activity": "fff51b0c-1fc8-4b84-bccd-78a4288e6d8e",
    "ambassador": "b072e354-1572-41cc-9e0b-a37f53a26135"
  }
},
{
  "model": "ambassador.ambassadoractivity",
  "pk": "17491a3b-8dc5-4415-9a7e-2c465c8569cd",
  "fields": {
    "activity": "5e47d3ae-2ca2-43cc-8f96-ee9f52e5d7c3",
    "ambassador": "3bf3b298-fddf-4d37-93d9-a1fceb81189b"
  }
},
{
  "model": "ambassador.ambassadoractivity",
  "pk": "1d071ed4-f445-4324-bf86-8ed6f5d2e52f",
  "fields": {
    "activity": "700e1d78-ebe2-4b67-b391-c4076b34782f",
    "ambassador": "73059e0e-5644-488a-8b6c-798454313c7e"
  }
},
{
  "model": "ambassador.ambassadoractivity",
  "pk": "238527ac-cf2f-492e-b23d-c788c650f4d0",
  "fields": {
    "activity": "fff51b0c-1fc8-4b84-bccd-78a4288e6d8e",
    "ambassador": "5afd2292-acf4-4764-a0d8-9cb08dd34f8b"
  }
},
{
  "model": "ambassador.ambassadoractivity",
  "pk": "2bee29db-25a4-4e7c-b92e-af31fbf6a02e",
  "fields": {
    "activity": "700e1d78-ebe2-4b67-b391-c4076b34782f",
    "ambassador": "d885dc41-3e92-418b-8b91-82da961f3e07"
  }
},
{
  "model": "ambassador.ambassadoractivity",
  "pk": "2fddd123-1fe6-4b7c-9e9b-c1952b899d0b",
  "fields": {
    "activity": "5e47d3ae-2ca2-43cc-8f96-ee9f52e5d7c3",
    "ambassador": "20dec1f2-bb7d-4cbd-b0ba-eebc8ed4ee84"
  }
},
{
  "model": "ambassador.ambassadoractivity",
  "pk": "3d2ea4f9-d0b7-4c29-b577-ab64ee1b9595",
  "fields": {
    "activity": "2495866a-6eac-41ee-a421-9f658273ed1d",
    "ambassador": "b705ecbf-65e0-477d-a5d6-f808ac83e236"
  }
},
{
  "model": "ambassador.ambassadoractivity",
  "pk": "49c22cf0-82d1-40dd-bb96-12ebed934696",
  "fields": {
    "activity": "700e1d78-ebe2-4b67-b391-c4076b34782f",
    "ambassador": "198d61a6-f686-4c42-952b-939f89bd77b5"
  }
},
{
  "model": "ambassador.ambassadoractivity",
  "pk": "55a688a7-f9e3-425c-9941-f2f8e2de34d4",
  "fields": {
    "activity": "5e47d3ae-2ca2-43cc-8f96-ee9f52e5d7c3",
    "ambassador": "baf23446-1d0e-449e-a2e1-a5b59da25731"
  }
},
{
  "model": "ambassador.ambassadoractivity",
  "pk": "5891e30f-cb2d-4161-9a0c-047de2fd1271",
  "fields": {
    "activity": "5e47d3ae-2ca2-43cc-8f96-ee9f52e5d7c3",
    "ambassador": "e7a023ee-623c-4096-8855-8dbacd388522"
  }
},
{
  "model": "ambassador.ambassadoractivity",
  "pk": "5aff86b0-4f83-447a-a656-54eb4cb6e4f2",
  "fields": {
    "activity": "5e47d3ae-2ca2-43cc-8f96-ee9f52e5d7c3",
    "ambassador": "b072e354-1572-41cc-9e0b-a37f53a26135"
  }
},
{
  "model": "ambassador.ambassadoractivity",
  "pk": "5b36832f-45c3-4b4b-98d0-d942c1926fdf",
  "fields": {
    "activity": "5828b782-3684-42cf-bda8-acb6cc49ac78",
    "ambassador": "27dc2d34-5f12-45b9-9f0a-44a02299b312"
  }
},
{
  "model": "ambassador.ambassadoractivity",
  "pk": "5bbc9874-9af7-45c7-91f1-43d95547c074",
  "fields": {
    "activity": "5e47d3ae-2ca2-43cc-8f96-ee9f52e5d7c3",
    "ambassador": "b705ecbf-65e0-477d-a5d6-f808ac83e236"
  }
},
{
  "model": "ambassador.ambassadoractivity",
  "pk": "5dd7e688-e351-4bd0-9698-a2d53a280304",
  "fields": {
    "activity": "5e47d3ae-2ca2-43cc-8f96-ee9f52e5d7c3",
    "ambassador": "fc27e8fb-e269-41be-9306-d8218f7ea72f"
  }
},
{
  "model": "ambassador.ambassadoractivity",
  "pk": "5e3f8718-c230-48d1-bbc9-257b97cb88dc",
  "fields": {
    "activity": "700e1d78-ebe2-4b67-b391-c4076b34782f",
    "ambassador": "5afd2292-acf4-4764-a0d8-9cb08dd34f8b"
  }
},
{
  "model": "ambassador.ambassadoractivity",
  "pk": "67eb166a-196f-4905-bfa0-2025610b18be",
  "fields": {
    "activity": "fff51b0c-1fc8-4b84-bccd-78a4288e6d8e",
    "ambassador": "4c05db77-103c-43a3-95cf-32f0ae2dd11b"
  }
},
{
  "model": "ambassador.ambassadoractivity",
  "pk": "6b5855e5-48a3-4540-bde4-d1a181405bfd",
  "fields": {
    "activity": "fff51b0c-1fc8-4b84-bccd-78a4288e6d8e",
    "ambassador": "baf23446-1d0e-449e-a2e1-a5b59da25731"
  }
},
{
  "model": "ambassador.ambassadoractivity",
  "pk": "6bd086dd-c9bd-4a3d-b9b3-f97d12598293",
  "fields": {
    "activity": "2495866a-6eac-41ee-a421-9f658273ed1d",
    "ambassador": "20dec1f2-bb7d-4cbd-b0ba-eebc8ed4ee84"
  }
},
{
  "model": "ambassador.ambassadoractivity",
  "pk": "6f2f7231-8dc4-4dd7-9465-fe835b0f5731",
  "fields": {
    "activity": "0bd32b09-816c-417f-ae08-edd30164c163",
    "ambassador": "4c05db77-103c-43a3-95cf-32f0ae2dd11b"
  }
},
{
  "model": "ambassador.ambassadoractivity",
  "pk": "7046b6f4-1585-45a0-a036-2078eddb500d",
  "fields": {
    "activity": "5e47d3ae-2ca2-43cc-8f96-ee9f52e5d7c3",
    "ambassador": "3d31e408-5c3f-4911-ac9c-266c2cade8c9"
  }
},
{
  "model": "ambassador.ambassadoractivity",
  "pk": "72996734-34f2-477b-bc79-50f055a05470",
  "fields": {
    "activity": "fff51b0c-1fc8-4b84-bccd-78a4288e6d8e",
    "ambassador": "cc57532f-71da-467b-a301-65a54b7e547d"
  }
},
{
  "model": "ambassador.ambassadoractivity",
  "pk": "7b6850ea-f400-4407-be6f-f75f0faaa952",
  "fields": {
    "activity": "5e47d3ae-2ca2-43cc-8f96-ee9f52e5d7c3",
    "ambassador": "a4918e6e-1b4a-4b16-a030-b1ee47f32a89"
  }
},
{
  "model": "ambassador.ambassadoractivity",
  "pk": "7cea56a9-525a-423c-8aa8-041672c86c7d",
  "fields": {
    "activity": "0bd32b09-816c-417f-ae08-edd30164c163",
    "ambassador": "e7a023ee-623c-4096-8855-8dbacd388522"
  }
},
{
  "model": "ambassador.ambassadoractivity",
  "pk": "8461d6d3-e820-479b-b124-07d3f2812a85",
  "fields": {
    "activity": "0bd32b09-816c-417f-ae08-edd30164c163",
    "ambassador": "5afd2292-acf4-4764-a0d8-9cb08dd34f8b"
  }
},
{
  "model": "ambassador.ambassadoractivity",
  "pk": "908a7b10-eeb9-4add-83d2-347216605166",
  "fields": {
    "activity": "fff51b0c-1fc8-4b84-bccd-78a4288e6d8e",
    "ambassador": "3d31e408-5c3f-4911-ac9c-266c2cade8c9"
  }
},
{
  "model": "ambassador.ambassadoractivity",
  "pk": "9f5128df-d326-42b2-acb3-c3d72e869e94",
  "fields": {
    "activity": "2495866a-6eac-41ee-a421-9f658273ed1d",
    "ambassador": "27dc2d34-5f12-45b9-9f0a-44a02299b312"
  }
},
{
  "model": "ambassador.ambassadoractivity",
  "pk": "a0f5192f-8e19-4543-af3f-e6a9adcf2676",
  "fields": {
    "activity": "5e47d3ae-2ca2-43cc-8f96-ee9f52e5d7c3",
    "ambassador": "28f86d31-733b-4a91-95c1-3f98a26ec921"
  }
},
{
  "model": "ambassador.ambassadoractivity",
  "pk": "a40101ca-7e7d-4d2b-bc51-cf3ed2dea0b3",
  "fields": {
    "activity": "0bd32b09-816c-417f-ae08-edd30164c163",
    "ambassador": "b072e354-1572-41cc-9e0b-a37f53a26135"
  }
},
{
  "model": "ambassador.ambassadoractivity",
  "pk": "a9f5ae48-735d-470a-b0e7-6f260f49938b",
  "fields": {
    "activity": "0bd32b09-816c-417f-ae08-edd30164c163",
    "ambassador": "a38068d3-5bb8-47b7-8b67-a8751c24f42b"
  }
},
{
  "model": "ambassador.ambassadoractivity",
  "pk": "aba7068b-211d-49b3-b49f-c0a72494deae",
  "fields": {
    "activity": "008df733-4ccc-4ea9-ab63-936c51db5c72",
    "ambassador": "73059e0e-5644-488a-8b6c-798454313c7e"
  }
},
{
  "model": "ambassador.ambassadoractivity",
  "pk": "ada7b2fc-288c-478c-9144-c9c14cb88190",
  "fields": {
    "activity": "5e47d3ae-2ca2-43cc-8f96-ee9f52e5d7c3",
    "ambassador": "cc57532f-71da-467b-a301-65a54b7e547d"
  }
},
{
  "model": "ambassador.ambassadoractivity",
  "pk": "b30c16e0-7be4-42fd-9d98-cc245a00e8b1",
  "fields": {
    "activity": "5828b782-3684-42cf-bda8-acb6cc49ac78",
    "ambassador": "28f86d31-733b-4a91-95c1-3f98a26ec921"
  }
},
{
  "model": "ambassador.ambassadoractivity",
  "pk": "baa32aaa-a8e7-4427-a4ec-e1d13dcdb3c1",
  "fields": {
    "activity": "fff51b0c-1fc8-4b84-bccd-78a4288e6d8e",
    "ambassador": "3bf3b298-fddf-4d37-93d9-a1fceb81189b"
  }
},
{
  "model": "ambassador.ambassadoractivity",
  "pk": "bc20f59d-8e46-40da-9e3d-67758aaa7197",
  "fields": {
    "activity": "008df733-4ccc-4ea9-ab63-936c51db5c72",
    "ambassador": "737f4bac-db02-4c1e-be09-c29776e78607"
  }
},
{
  "model": "ambassador.ambassadoractivity",
  "pk": "c3287d99-4cac-4b97-a26e-5be12106e110",
  "fields": {
    "activity": "2495866a-6eac-41ee-a421-9f658273ed1d",
    "ambassador": "4c05db77-103c-43a3-95cf-32f0ae2dd11b"
  }
},
{
  "model": "ambassador.ambassadoractivity",
  "pk": "c749a6dc-84b0-4931-8448-485a366e1309",
  "fields": {
    "activity": "700e1d78-ebe2-4b67-b391-c4076b34782f",
    "ambassador": "737f4bac-db02-4c1e-be09-c29776e78607"
  }
},
{
  "model": "ambassador.ambassadoractivity",
  "pk": "c9a9e98b-ee60-45c6-bbc3-e5bc3b5c92bc",
  "fields": {
    "activity": "fff51b0c-1fc8-4b84-bccd-78a4288e6d8e",
    "ambassador": "92ed951d-6e62-4772-9453-2a6875796247"
  }
},
{
  "model": "ambassador.ambassadoractivity",
  "pk": "cabf810b-b23b-463f-933c-6a87e27fa00f",
  "fields": {
    "activity": "2495866a-6eac-41ee-a421-9f658273ed1d",
    "ambassador": "ee18379e-8f76-4f03-a35d-aa24a17d33cc"
  }
},
{
  "model": "ambassador.ambassadoractivity",
  "pk": "cc90baf6-09ea-4a46-a8af-dfadaab78ff8",
  "fields": {
    "activity": "2495866a-6eac-41ee-a421-9f658273ed1d",
    "ambassador": "baf23446-1d0e-449e-a2e1-a5b59da25731"
  }
},
{
  "model": "ambassador.ambassadoractivity",
  "pk": "cda10fe5-4fb8-43c2-a39c-95aa584c6e8a",
  "fields": {
    "activity": "2495866a-6eac-41ee-a421-9f658273ed1d",
    "ambassador": "c5968489-7466-43b2-a591-b1eefed2250d"
  }
},
{
  "model": "ambassador.ambassadoractivity",
  "pk": "cee6a26b-f1a6-477c-b3a7-31fbea7bce4f",
  "fields": {
    "activity": "fff51b0c-1fc8-4b84-bccd-78a4288e6d8e",
    "ambassador": "fc27e8fb-e269-41be-9306-d8218f7ea72f"
  }
},
{
  "model": "ambassador.ambassadoractivity",
  "pk": "d2419f89-5c3b-4d8b-a6d0-d0ccc615b582",
  "fields": {
    "activity": "0bd32b09-816c-417f-ae08-edd30164c163",
    "ambassador": "b705ecbf-65e0-477d-a5d6-f808ac83e236"
  }
},
{
  "model": "ambassador.ambassadoractivity",
  "pk": "d2c494bb-deb9-44ea-8e4d-8b7f0ed8da3d",
  "fields": {
    "activity": "700e1d78-ebe2-4b67-b391-c4076b34782f",
    "ambassador": "ee18379e-8f76-4f03-a35d-aa24a17d33cc"
  }
},
{
  "model": "ambassador.ambassadoractivity",
  "pk": "d7ecb2b4-35a9-411b-b892-3b472289e99e",
  "fields": {
    "activity": "5828b782-3684-42cf-bda8-acb6cc49ac78",
    "ambassador": "198d61a6-f686-4c42-952b-939f89bd77b5"
  }
},
{
  "model": "ambassador.ambassadoractivity",
  "pk": "dfa089ba-4731-4b76-977f-934bc6f8974e",
  "fields": {
    "activity": "0bd32b09-816c-417f-ae08-edd30164c163",
    "ambassador": "d9eeb75e-b9fd-42f9-a273-be47bbce5844"
  }
},
{
  "model": "ambassador.ambassadoractivity",
  "pk": "dfee45db-274e-43b7-999e-36772d9186a3",
  "fields": {
    "activity": "700e1d78-ebe2-4b67-b391-c4076b34782f",
    "ambassador": "39f2844b-b7ec-445f-996f-34c2aab0a59b"
  }
},
{
  "model": "ambassador.ambassadoractivity",
  "pk": "e407df95-b41d-4c22-907d-3c978940f368",
  "fields": {
    "activity": "fff51b0c-1fc8-4b84-bccd-78a4288e6d8e",
    "ambassador": "d9eeb75e-b9fd-42f9-a273-be47bbce5844"
  }
},
{
  "model": "ambassador.ambassadoractivity",
  "pk": "e68dc1c6-cf95-4f4c-b00a-f122333ac71c",
  "fields": {
    "activity": "2495866a-6eac-41ee-a421-9f658273ed1d",
    "ambassador": "92ed951d-6e62-4772-9453-2a6875796247"
  }
},
{
  "model": "ambassador.ambassadoractivity",
  "pk": "edf41562-5295-4a7d-b31a-3efd1ec44c8b",
  "fields": {
    "activity": "008df733-4ccc-4ea9-ab63-936c51db5c72",
    "ambassador": "39f2844b-b7ec-445f-996f-34c2aab0a59b"
  }
},
{
  "model": "ambassador.activity",
  "pk": "008df733-4ccc-4ea9-ab63-936c51db5c72",
  "fields": {
    "activity_name": "Развивать локальное профессиональное сообщество в",
    "available": true
  }
},
{
  "model": "ambassador.activity",
  "pk": "0bd32b09-816c-417f-ae08-edd30164c163",
  "fields": {
    "activity_name": "Вести блог",
    "available": true
  }
},
{
  "model": "ambassador.activity",
  "pk": "2495866a-6eac-41ee-a421-9f658273ed1d",
  "fields": {
    "activity_name": "Знакомить коллег на работе с продуктом Практикума",
    "available": true
  }
},
{
  "model": "ambassador.activity",
  "pk": "5828b782-3684-42cf-bda8-acb6cc49ac78",
  "fields": {
    "activity_name": "Снимать видео или сниматься в них, если продакшн б",
    "available": true
  }
},
{
  "model": "ambassador.activity",
  "pk": "5e47d3ae-2ca2-43cc-8f96-ee9f52e5d7c3",
  "fields": {
    "activity_name": "Давать консультации и рассказывать всем про Практи",
    "available": true
  }
},
{
  "model": "ambassador.activity",
  "pk": "700e1d78-ebe2-4b67-b391-c4076b34782f",
  "fields": {
    "activity_name": "Выступать на мероприятиях",
    "available": true
  }
},
{
  "model": "ambassador.activity",
  "pk": "fff51b0c-1fc8-4b84-bccd-78a4288e6d8e",
  "fields": {
    "activity_name": "Писать статьи",
    "available": true
  }
},
{
  "model": "ambassador.ambassadorstatushistory",
  "pk": "0518b820-b9fd-4fd4-bde9-0c9ea76db4b6",
  "fields": {
    "ambassador": "5afd2292-acf4-4764-a0d8-9cb08dd34f8b",
    "ambassador_status": "730105a7-3e0b-4104-9f52-8550e313abad",
    "assignment_date": "2024-03-01"
  }
},
{
  "model": "ambassador.ambassadorstatushistory",
  "pk": "2825bf9f-47c4-4fe7-9bff-d9074d612789",
  "fields": {
    "ambassador": "001d2abd-2834-43ca-b123-f087991d1ac8",
    "ambassador_status": "488c1c09-ecfa-4b2c-8270-99ea217ff362",
    "assignment_date": "2023-02-08"
  }
},
{
  "model": "ambassador.ambassadorstatushistory",
  "pk": "3df5c15f-7605-43b0-a1ff-1c87ae3211bf",
  "fields": {
    "ambassador": "ee18379e-8f76-4f03-a35d-aa24a17d33cc",
    "ambassador_status": "730105a7-3e0b-4104-9f52-8550e313abad",
    "assignment_date": "2024-03-03"
  }
},
{
  "model": "ambassador.ambassadorstatushistory",
  "pk": "4886f01e-aae4-4dcc-98e2-fbdaa984df4f",
  "fields": {
    "ambassador": "73059e0e-5644-488a-8b6c-798454313c7e",
    "ambassador_status": "d2f8a184-326c-427d-869a-26e1d82dbf2b",
    "assignment_date": "2024-02-07"
  }
},
{
  "model": "ambassador.ambassadorstatushistory",
  "pk": "5429ae44-2cde-4c79-a63e-3e1db37039d6",
  "fields": {
    "ambassador": "b072e354-1572-41cc-9e0b-a37f53a26135",
    "ambassador_status": "488c1c09-ecfa-4b2c-8270-99ea217ff362",
    "assignment_date": "2024-01-11"
  }
},
{
  "model": "ambassador.ambassadorstatushistory",
  "pk": "58a9b694-f708-4a70-8e2e-84c80e45e4ea",
  "fields": {
    "ambassador": "5afd2292-acf4-4764-a0d8-9cb08dd34f8b",
    "ambassador_status": "488c1c09-ecfa-4b2c-8270-99ea217ff362",
    "assignment_date": "2024-01-17"
  }
},
{
  "model": "ambassador.ambassadorstatushistory",
  "pk": "5a4b0dc6-8e83-49d1-b6b1-86767de26d15",
  "fields": {
    "ambassador": "28f86d31-733b-4a91-95c1-3f98a26ec921",
    "ambassador_status": "488c1c09-ecfa-4b2c-8270-99ea217ff362",
    "assignment_date": "2023-12-14"
  }
},
{
  "model": "ambassador.ambassadorstatushistory",
  "pk": "66babfa1-1ae2-4aef-9731-46556aa2b72e",
  "fields": {
    "ambassador": "a38068d3-5bb8-47b7-8b67-a8751c24f42b",
    "ambassador_status": "488c1c09-ecfa-4b2c-8270-99ea217ff362",
    "assignment_date": "2024-01-18"
  }
},
{
  "model": "ambassador.ambassadorstatushistory",
  "pk": "723f71ef-9d53-4a03-a64d-2f00da77e852",
  "fields": {
    "ambassador": "198d61a6-f686-4c42-952b-939f89bd77b5",
    "ambassador_status": "488c1c09-ecfa-4b2c-8270-99ea217ff362",
    "assignment_date": "2024-01-31"
  }
},
{
  "model": "ambassador.ambassadorstatushistory",
  "pk": "7493c482-93d9-4f36-8e9e-8cc5833538f0",
  "fields": {
    "ambassador": "b705ecbf-65e0-477d-a5d6-f808ac83e236",
    "ambassador_status": "488c1c09-ecfa-4b2c-8270-99ea217ff362",
    "assignment_date": "2023-12-11"
  }
},
{
  "model": "ambassador.ambassadorstatushistory",
  "pk": "7499a591-5a50-4653-b75f-e486dd86305c",
  "fields": {
    "ambassador": "ee18379e-8f76-4f03-a35d-aa24a17d33cc",
    "ambassador_status": "488c1c09-ecfa-4b2c-8270-99ea217ff362",
    "assignment_date": "2024-02-01"
  }
},
{
  "model": "ambassador.ambassadorstatushistory",
  "pk": "8121f40d-a818-41e2-bd35-dd50791fd2ae",
  "fields": {
    "ambassador": "cc57532f-71da-467b-a301-65a54b7e547d",
    "ambassador_status": "aee0b6d0-608d-4bda-bba9-2ff477e0e5cb",
    "assignment_date": "2024-03-01"
  }
},
{
  "model": "ambassador.ambassadorstatushistory",
  "pk": "830ed8fa-a05a-41a2-aed6-b4577008dc36",
  "fields": {
    "ambassador": "73059e0e-5644-488a-8b6c-798454313c7e",
    "ambassador_status": "488c1c09-ecfa-4b2c-8270-99ea217ff362",
    "assignment_date": "2023-03-01"
  }
},
{
  "model": "ambassador.ambassadorstatushistory",
  "pk": "859453da-d47a-4474-9484-f4af3ddbd026",
  "fields": {
    "ambassador": "39f2844b-b7ec-445f-996f-34c2aab0a59b",
    "ambassador_status": "aee0b6d0-608d-4bda-bba9-2ff477e0e5cb",
    "assignment_date": "2024-03-03"
  }
},
{
  "model": "ambassador.ambassadorstatushistory",
  "pk": "8e7564e2-cf9b-4d95-ac85-1904d30e2b69",
  "fields": {
    "ambassador": "3d31e408-5c3f-4911-ac9c-266c2cade8c9",
    "ambassador_status": "aee0b6d0-608d-4bda-bba9-2ff477e0e5cb",
    "assignment_date": "2024-03-01"
  }
},
{
  "model": "ambassador.ambassadorstatushistory",
  "pk": "902ba1c7-c905-44ed-ac14-d4d2897c422b",
  "fields": {
    "ambassador": "e7a023ee-623c-4096-8855-8dbacd388522",
    "ambassador_status": "aee0b6d0-608d-4bda-bba9-2ff477e0e5cb",
    "assignment_date": "2024-03-02"
  }
},
{
  "model": "ambassador.ambassadorstatushistory",
  "pk": "93c1f70d-5f2c-4693-a7c9-6ea4670c3a56",
  "fields": {
    "ambassador": "3bf3b298-fddf-4d37-93d9-a1fceb81189b",
    "ambassador_status": "488c1c09-ecfa-4b2c-8270-99ea217ff362",
    "assignment_date": "2023-11-21"
  }
},
{
  "model": "ambassador.ambassadorstatushistory",
  "pk": "aa58d2bb-875a-4478-9270-19a9900a9794",
  "fields": {
    "ambassador": "92ed951d-6e62-4772-9453-2a6875796247",
    "ambassador_status": "488c1c09-ecfa-4b2c-8270-99ea217ff362",
    "assignment_date": "2023-11-28"
  }
},
{
  "model": "ambassador.ambassadorstatushistory",
  "pk": "adca0b60-2e4e-4b85-857e-f23df6681090",
  "fields": {
    "ambassador": "737f4bac-db02-4c1e-be09-c29776e78607",
    "ambassador_status": "488c1c09-ecfa-4b2c-8270-99ea217ff362",
    "assignment_date": "2023-10-21"
  }
},
{
  "model": "ambassador.ambassadorstatushistory",
  "pk": "ae90bc59-6d5a-4a0f-bf15-c73b389fc94e",
  "fields": {
    "ambassador": "c5968489-7466-43b2-a591-b1eefed2250d",
    "ambassador_status": "aee0b6d0-608d-4bda-bba9-2ff477e0e5cb",
    "assignment_date": "2024-02-29"
  }
},
{
  "model": "ambassador.ambassadorstatushistory",
  "pk": "b21d5c01-22b7-479d-94d3-5497be52a516",
  "fields": {
    "ambassador": "fc27e8fb-e269-41be-9306-d8218f7ea72f",
    "ambassador_status": "488c1c09-ecfa-4b2c-8270-99ea217ff362",
    "assignment_date": "2023-09-13"
  }
},
{
  "model": "ambassador.ambassadorstatushistory",
  "pk": "bfb48f6c-8297-4d4f-8220-5b06c59caf18",
  "fields": {
    "ambassador": "d9eeb75e-b9fd-42f9-a273-be47bbce5844",
    "ambassador_status": "488c1c09-ecfa-4b2c-8270-99ea217ff362",
    "assignment_date": "2023-09-29"
  }
},
{
  "model": "ambassador.ambassadorstatushistory",
  "pk": "d1a54b13-f514-4ec1-9285-15edc8d5ffda",
  "fields": {
    "ambassador": "4c05db77-103c-43a3-95cf-32f0ae2dd11b",
    "ambassador_status": "937d964f-e8e1-463f-be12-c49141611cbf",
    "assignment_date": "2024-03-02"
  }
},
{
  "model": "ambassador.ambassadorstatushistory",
  "pk": "e4ec1e8a-d072-4917-895f-a7f946a4d48e",
  "fields": {
    "ambassador": "a4918e6e-1b4a-4b16-a030-b1ee47f32a89",
    "ambassador_status": "488c1c09-ecfa-4b2c-8270-99ea217ff362",
    "assignment_date": "2023-12-15"
  }
},
{
  "model": "ambassador.ambassadorstatushistory",
  "pk": "e642d10e-83ed-420c-a65b-abb32347ed82",
  "fields": {
    "ambassador": "001d2abd-2834-43ca-b123-f087991d1ac8",
    "ambassador_status": "d2f8a184-326c-427d-869a-26e1d82dbf2b",
    "assignment_date": "2024-01-16"
  }
},
{
  "model": "ambassador.ambassadorstatushistory",
  "pk": "ee60a1fe-6b0a-498f-b768-86bf02d7f340",
  "fields": {
    "ambassador": "d885dc41-3e92-418b-8b91-82da961f3e07",
    "ambassador_status": "488c1c09-ecfa-4b2c-8270-99ea217ff362",
    "assignment_date": "2024-01-18"
  }
},
{
  "model": "ambassador.ambassadorstatushistory",
  "pk": "f866ea85-d9e8-49b3-8d5e-b24b61655ffc",
  "fields": {
    "ambassador": "baf23446-1d0e-449e-a2e1-a5b59da25731",
    "ambassador_status": "488c1c09-ecfa-4b2c-8270-99ea217ff362",
    "assignment_date": "2023-09-14"
  }
},
{
  "model": "ambassador.ambassadorstatushistory",
  "pk": "fa941da3-91b4-43c9-b7ef-392280f170c0",
  "fields": {
    "ambassador": "27dc2d34-5f12-45b9-9f0a-44a02299b312",
    "ambassador_status": "488c1c09-ecfa-4b2c-8270-99ea217ff362",
    "assignment_date": "2024-02-08"
  }
},
{
  "model": "ambassador.ambassadorstatushistory",
  "pk": "fbed5108-14dc-4df2-a043-d74f4dfb3b27",
  "fields": {
    "ambassador": "20dec1f2-bb7d-4cbd-b0ba-eebc8ed4ee84",
    "ambassador_status": "488c1c09-ecfa-4b2c-8270-99ea217ff362",
    "assignment_date": "2023-12-12"
  }
},
{
  "model": "ambassador.ambassadorstatus",
  "pk": "488c1c09-ecfa-4b2c-8270-99ea217ff362",
  "fields": {
    "status_name": "Активный",
    "sort_level": 1,
    "available": true
  }
},
{
  "model": "ambassador.ambassadorstatus",
  "pk": "4952ff02-dedc-4382-af56-8c6649717ecf",
  "fields": {
    "status_name": "Архив",
    "sort_level": 5,
    "available": true
  }
},
{
  "model": "ambassador.ambassadorstatus",
  "pk": "730105a7-3e0b-4104-9f52-8550e313abad",
  "fields": {
    "status_name": "На паузе",
    "sort_level": 2,
    "available": true
  }
},
{
  "model": "ambassador.ambassadorstatus",
  "pk": "937d964f-e8e1-463f-be12-c49141611cbf",
  "fields": {
    "status_name": "Уточняется",
    "sort_level": 4,
    "available": true
  }
},
{
  "model": "ambassador.ambassadorstatus",
  "pk": "aee0b6d0-608d-4bda-bba9-2ff477e0e5cb",
  "fields": {
    "status_name": "Кандидат",
    "sort_level": 0,
    "available": true
  }
},
{
  "model": "ambassador.ambassadorstatus",
  "pk": "d2f8a184-326c-427d-869a-26e1d82dbf2b",
  "fields": {
    "status_name": "Не амбассадор",
    "sort_level": 3,
    "available": true
  }
},
{
  "model": "ambassador.ambassadorprogram",
  "pk": "21b6b443-893b-40d3-9225-325176c61a8c",
  "fields": {
    "ambassador": "3bf3b298-fddf-4d37-93d9-a1fceb81189b",
    "program": "3d6b938c-3364-4adf-85f0-f9666942e321"
  }
},
{
  "model": "ambassador.ambassadorprogram",
  "pk": "25c6b483-82a5-40bb-a026-5d175960f08e",
  "fields": {
    "ambassador": "27dc2d34-5f12-45b9-9f0a-44a02299b312",
    "program": "1bc2fed2-4462-4bc6-80a3-6cfe59bcd5da"
  }
},
{
  "model": "ambassador.ambassadorprogram",
  "pk": "348b1872-d5de-43c4-9e1c-2f1635db415f",
  "fields": {
    "ambassador": "f6361c31-19d8-4729-bbc6-fac517302c07",
    "program": "d8ea3566-6490-4580-a33a-fc4474ba44ce"
  }
},
{
  "model": "ambassador.ambassadorprogram",
  "pk": "42500899-3fd2-4512-afb7-8cb99cf4ab34",
  "fields": {
    "ambassador": "73059e0e-5644-488a-8b6c-798454313c7e",
    "program": "4b4de162-8e94-4131-b246-17d584781bb7"
  }
},
{
  "model": "ambassador.ambassadorprogram",
  "pk": "488081a9-b4e5-4ee0-9365-38cd5c4543d4",
  "fields": {
    "ambassador": "a38068d3-5bb8-47b7-8b67-a8751c24f42b",
    "program": "872316a2-1977-475c-aeec-003ef9eaaa40"
  }
},
{
  "model": "ambassador.ambassadorprogram",
  "pk": "4a1bc0d5-4158-41dc-a180-4c7c33f32d8e",
  "fields": {
    "ambassador": "28f86d31-733b-4a91-95c1-3f98a26ec921",
    "program": "315ac936-ced8-41b9-9687-8b834a916a43"
  }
},
{
  "model": "ambassador.ambassadorprogram",
  "pk": "55e0b8a0-fa85-41fc-98dc-b5ffdd6f4fb2",
  "fields": {
    "ambassador": "fc27e8fb-e269-41be-9306-d8218f7ea72f",
    "program": "46f05a31-b847-47d6-adb7-e1c00d181430"
  }
},
{
  "model": "ambassador.ambassadorprogram",
  "pk": "708fb196-d147-443f-9d50-659619930f87",
  "fields": {
    "ambassador": "a4918e6e-1b4a-4b16-a030-b1ee47f32a89",
    "program": "b7a36e15-ca3b-4554-91a5-44bd0e3fd4f1"
  }
},
{
  "model": "ambassador.ambassadorprogram",
  "pk": "7657a22b-ccce-403b-a4c4-1424998ccb29",
  "fields": {
    "ambassador": "f6361c31-19d8-4729-bbc6-fac517302c07",
    "program": "cb0316e0-d3d2-4391-bc72-320a7c1cda07"
  }
},
{
  "model": "ambassador.ambassadorprogram",
  "pk": "79c9b6e9-be53-4008-9d2e-713488f7b187",
  "fields": {
    "ambassador": "d885dc41-3e92-418b-8b91-82da961f3e07",
    "program": "b933529a-529b-4ffe-a22a-536fc0888aef"
  }
},
{
  "model": "ambassador.ambassadorprogram",
  "pk": "7d14d7c8-25e9-4b31-be8e-7ba514347e86",
  "fields": {
    "ambassador": "c5968489-7466-43b2-a591-b1eefed2250d",
    "program": "74139999-172c-4d09-aadc-03c5ff42f017"
  }
},
{
  "model": "ambassador.ambassadorprogram",
  "pk": "95112e8b-f51a-4cb3-8938-ab691bed2bf2",
  "fields": {
    "ambassador": "cc57532f-71da-467b-a301-65a54b7e547d",
    "program": "c68473a7-06aa-4f4c-87c5-19831a626e27"
  }
},
{
  "model": "ambassador.ambassadorprogram",
  "pk": "986d9837-ff89-4cc0-a439-96ef67f34c3a",
  "fields": {
    "ambassador": "20dec1f2-bb7d-4cbd-b0ba-eebc8ed4ee84",
    "program": "bf103ecf-d02e-4c52-b228-cdcc2fc0bbe2"
  }
},
{
  "model": "ambassador.ambassadorprogram",
  "pk": "a40cf189-a885-42da-897f-e93dc63cb42b",
  "fields": {
    "ambassador": "001d2abd-2834-43ca-b123-f087991d1ac8",
    "program": "246ae06c-e6eb-4783-8e05-1727be300e41"
  }
},
{
  "model": "ambassador.ambassadorprogram",
  "pk": "affe2360-1a5a-4c95-abe0-4262602df909",
  "fields": {
    "ambassador": "d9eeb75e-b9fd-42f9-a273-be47bbce5844",
    "program": "74139999-172c-4d09-aadc-03c5ff42f017"
  }
},
{
  "model": "ambassador.ambassadorprogram",
  "pk": "c1a35d0f-a150-4f60-aa79-cec1dfde3359",
  "fields": {
    "ambassador": "b705ecbf-65e0-477d-a5d6-f808ac83e236",
    "program": "1bc2fed2-4462-4bc6-80a3-6cfe59bcd5da"
  }
},
{
  "model": "ambassador.ambassadorprogram",
  "pk": "c70e1abf-1eec-4d96-b415-f6d3166558aa",
  "fields": {
    "ambassador": "3d31e408-5c3f-4911-ac9c-266c2cade8c9",
    "program": "63677993-d77e-41b4-bd06-74fb30f4b633"
  }
},
{
  "model": "ambassador.ambassadorprogram",
  "pk": "cd47eea9-d7e0-44cb-a7e9-d885b79a8cca",
  "fields": {
    "ambassador": "e7a023ee-623c-4096-8855-8dbacd388522",
    "program": "63677993-d77e-41b4-bd06-74fb30f4b633"
  }
},
{
  "model": "ambassador.ambassadorprogram",
  "pk": "cece3bfc-3f78-433d-b04e-5289bd5b9613",
  "fields": {
    "ambassador": "92ed951d-6e62-4772-9453-2a6875796247",
    "program": "d9704f9a-08e9-4271-aee1-525e9c7b590f"
  }
},
{
  "model": "ambassador.ambassadorprogram",
  "pk": "d7e17bc7-0794-44cd-b1b6-cc81cba7ba7f",
  "fields": {
    "ambassador": "b072e354-1572-41cc-9e0b-a37f53a26135",
    "program": "1bc2fed2-4462-4bc6-80a3-6cfe59bcd5da"
  }
},
{
  "model": "ambassador.ambassadorprogram",
  "pk": "d98610b6-7e1a-412b-ba1a-aad9d57cdb0c",
  "fields": {
    "ambassador": "5afd2292-acf4-4764-a0d8-9cb08dd34f8b",
    "program": "1bc2fed2-4462-4bc6-80a3-6cfe59bcd5da"
  }
},
{
  "model": "ambassador.ambassadorprogram",
  "pk": "dbb0bb58-38a0-40d6-8478-87a8b36535c6",
  "fields": {
    "ambassador": "ee18379e-8f76-4f03-a35d-aa24a17d33cc",
    "program": "872316a2-1977-475c-aeec-003ef9eaaa40"
  }
},
{
  "model": "ambassador.ambassadorprogram",
  "pk": "dc3eb47c-b46d-40d0-b0b4-05ce05ae765a",
  "fields": {
    "ambassador": "4c05db77-103c-43a3-95cf-32f0ae2dd11b",
    "program": "a9c5f7a4-66df-4952-a8c1-7c644a77a882"
  }
},
{
  "model": "ambassador.ambassadorprogram",
  "pk": "dc5f23c6-9879-4812-aead-a3e6f870ed16",
  "fields": {
    "ambassador": "baf23446-1d0e-449e-a2e1-a5b59da25731",
    "program": "1bc2fed2-4462-4bc6-80a3-6cfe59bcd5da"
  }
},
{
  "model": "ambassador.ambassadorprogram",
  "pk": "e2570616-6a57-4f9c-9934-073099664007",
  "fields": {
    "ambassador": "39f2844b-b7ec-445f-996f-34c2aab0a59b",
    "program": "872316a2-1977-475c-aeec-003ef9eaaa40"
  }
},
{
  "model": "ambassador.ambassadorprogram",
  "pk": "eecc5ff0-9027-441f-9894-ac40b0b9f376",
  "fields": {
    "ambassador": "198d61a6-f686-4c42-952b-939f89bd77b5",
    "program": "cb0316e0-d3d2-4391-bc72-320a7c1cda07"
  }
},
{
  "model": "ambassador.ambassadorprogram",
  "pk": "f1076024-de8b-43bf-b8fe-faf12020082f",
  "fields": {
    "ambassador": "737f4bac-db02-4c1e-be09-c29776e78607",
    "program": "4b4de162-8e94-4131-b246-17d584781bb7"
  }
},
{
  "model": "ambassador.ambassadorachieve",
  "pk": "56686b8e-129b-419d-a2db-95da73a68ee3",
  "fields": {
    "achieve": "32cdcb0f-0332-4e8a-a260-d4c63d2981a0",
    "ambassador": "b705ecbf-65e0-477d-a5d6-f808ac83e236",
    "assignment_date": "2024-02-14"
  }
},
{
  "model": "ambassador.ambassadorachieve",
  "pk": "5fe46e87-4866-4376-ae4f-b17ef46638c3",
  "fields": {
    "achieve": "9760475a-3670-4460-95a8-62f937362ea3",
    "ambassador": "28f86d31-733b-4a91-95c1-3f98a26ec921",
    "assignment_date": "2024-01-11"
  }
},
{
  "model": "ambassador.ambassadorachieve",
  "pk": "6009cc63-f30d-4f34-8ef5-97a54b24a3c2",
  "fields": {
    "achieve": "32cdcb0f-0332-4e8a-a260-d4c63d2981a0",
    "ambassador": "737f4bac-db02-4c1e-be09-c29776e78607",
    "assignment_date": "2023-12-22"
  }
},
{
  "model": "ambassador.ambassadorachieve",
  "pk": "699c7e78-7d5d-4c07-a6d3-303a9c2a2bc0",
  "fields": {
    "achieve": "32cdcb0f-0332-4e8a-a260-d4c63d2981a0",
    "ambassador": "001d2abd-2834-43ca-b123-f087991d1ac8",
    "assignment_date": "2023-09-05"
  }
},
{
  "model": "ambassador.ambassadorachieve",
  "pk": "6ef81356-3d56-4556-95e6-077020bda92e",
  "fields": {
    "achieve": "32cdcb0f-0332-4e8a-a260-d4c63d2981a0",
    "ambassador": "20dec1f2-bb7d-4cbd-b0ba-eebc8ed4ee84",
    "assignment_date": "2024-02-11"
  }
},
{
  "model": "ambassador.ambassadorachieve",
  "pk": "8008cd3b-4b8f-4847-a1ac-80d89ab47bef",
  "fields": {
    "achieve": "32cdcb0f-0332-4e8a-a260-d4c63d2981a0",
    "ambassador": "d9eeb75e-b9fd-42f9-a273-be47bbce5844",
    "assignment_date": "2023-11-20"
  }
},
{
  "model": "ambassador.ambassadorachieve",
  "pk": "8092f1d1-bfe5-415b-a251-623783ed018b",
  "fields": {
    "achieve": "9760475a-3670-4460-95a8-62f937362ea3",
    "ambassador": "b072e354-1572-41cc-9e0b-a37f53a26135",
    "assignment_date": "2024-02-15"
  }
},
{
  "model": "ambassador.ambassadorachieve",
  "pk": "836bedba-07b9-4545-88ca-9d58efcdd39e",
  "fields": {
    "achieve": "32cdcb0f-0332-4e8a-a260-d4c63d2981a0",
    "ambassador": "fc27e8fb-e269-41be-9306-d8218f7ea72f",
    "assignment_date": "2023-11-04"
  }
},
{
  "model": "ambassador.ambassadorachieve",
  "pk": "907c9414-0336-4e61-8b14-a837c6ee2846",
  "fields": {
    "achieve": "32cdcb0f-0332-4e8a-a260-d4c63d2981a0",
    "ambassador": "baf23446-1d0e-449e-a2e1-a5b59da25731",
    "assignment_date": "2024-02-06"
  }
},
{
  "model": "ambassador.ambassadorachieve",
  "pk": "bb11be2a-8a64-4e07-9def-36b276e59cc0",
  "fields": {
    "achieve": "32cdcb0f-0332-4e8a-a260-d4c63d2981a0",
    "ambassador": "92ed951d-6e62-4772-9453-2a6875796247",
    "assignment_date": "2024-01-28"
  }
},
{
  "model": "ambassador.ambassadorachieve",
  "pk": "c685626e-c217-43ca-969b-87a206fa0a2f",
  "fields": {
    "achieve": "32cdcb0f-0332-4e8a-a260-d4c63d2981a0",
    "ambassador": "3bf3b298-fddf-4d37-93d9-a1fceb81189b",
    "assignment_date": "2024-01-27"
  }
},
{
  "model": "ambassador.ambassadorachieve",
  "pk": "cc17a74a-06ba-4f8f-9319-77d85fdae6db",
  "fields": {
    "achieve": "9760475a-3670-4460-95a8-62f937362ea3",
    "ambassador": "198d61a6-f686-4c42-952b-939f89bd77b5",
    "assignment_date": "2024-02-29"
  }
},
{
  "model": "ambassador.ambassadorachieve",
  "pk": "eedee41a-44cf-4483-b744-d561ad25afde",
  "fields": {
    "achieve": "9760475a-3670-4460-95a8-62f937362ea3",
    "ambassador": "a4918e6e-1b4a-4b16-a030-b1ee47f32a89",
    "assignment_date": "2024-01-24"
  }
},
{
  "model": "ambassador.ambassadorachieve",
  "pk": "f22afddc-3195-454b-a905-8cebd555534e",
  "fields": {
    "achieve": "32cdcb0f-0332-4e8a-a260-d4c63d2981a0",
    "ambassador": "73059e0e-5644-488a-8b6c-798454313c7e",
    "assignment_date": "2023-08-02"
  }
},
{
  "model": "ambassador.ambassadorachieve",
  "pk": "fed9ebf3-399c-473d-a0c9-f11c3838b8cd",
  "fields": {
    "achieve": "9760475a-3670-4460-95a8-62f937362ea3",
    "ambassador": "5afd2292-acf4-4764-a0d8-9cb08dd34f8b",
    "assignment_date": "2024-02-07"
  }
},
{
  "model": "crm_messages.botmessages",
  "pk": "03294e83-7d2a-48a2-9610-3c835374d078",
  "fields": {
    "message": "36cfd731-cb26-4f10-87d7-e28324811c14",
    "from_bot": false,
    "manager": 4,
    "ambassador": "92ed951d-6e62-4772-9453-2a6875796247",
    "sign_ai": false,
    "message_telegram_id": "",
    "reaction": 0
  }
},
{
  "model": "crm_messages.botmessages",
  "pk": "0f07e9ba-5b7f-4768-827b-9cbd94e36c27",
  "fields": {
    "message": "174122d0-67c0-4ecc-b6a7-8cc8854ea113",
    "from_bot": false,
    "manager": 4,
    "ambassador": "fc27e8fb-e269-41be-9306-d8218f7ea72f",
    "sign_ai": false,
    "message_telegram_id": "",
    "reaction": 0
  }
},
{
  "model": "crm_messages.botmessages",
  "pk": "433e5c56-36fa-45a4-a12c-5601051d10f0",
  "fields": {
    "message": "eeed41f0-c4c0-4410-abf3-3d777318ef72",
    "from_bot": false,
    "manager": 4,
    "ambassador": "27dc2d34-5f12-45b9-9f0a-44a02299b312",
    "sign_ai": false,
    "message_telegram_id": "",
    "reaction": 0
  }
},
{
  "model": "crm_messages.botmessages",
  "pk": "54d162ba-b98e-4ab6-95d3-652aa3f0990e",
  "fields": {
    "message": "b5351b63-2f8e-4d75-bcde-8f45a4140377",
    "from_bot": false,
    "manager": 4,
    "ambassador": "28f86d31-733b-4a91-95c1-3f98a26ec921",
    "sign_ai": false,
    "message_telegram_id": "",
    "reaction": 0
  }
},
{
  "model": "crm_messages.botmessages",
  "pk": "56176f06-caaf-4b3e-80fc-fe9ccbd34ffc",
  "fields": {
    "message": "7333d627-e604-4c5d-acc8-52e24fb73597",
    "from_bot": false,
    "manager": 4,
    "ambassador": "a38068d3-5bb8-47b7-8b67-a8751c24f42b",
    "sign_ai": false,
    "message_telegram_id": "",
    "reaction": 0
  }
},
{
  "model": "crm_messages.botmessages",
  "pk": "58be6d12-a0b5-4f9b-ac80-f0b3bf6f1d3e",
  "fields": {
    "message": "c47e882f-a137-4ec7-abd3-c1b64bff125b",
    "from_bot": false,
    "manager": 4,
    "ambassador": "a38068d3-5bb8-47b7-8b67-a8751c24f42b",
    "sign_ai": false,
    "message_telegram_id": "",
    "reaction": 0
  }
},
{
  "model": "crm_messages.botmessages",
  "pk": "601efad4-3bdf-4e1f-bc53-5dd7391f6418",
  "fields": {
    "message": "873f9eed-7ba5-4113-b46c-5b7fd259b4c4",
    "from_bot": false,
    "manager": 4,
    "ambassador": "5afd2292-acf4-4764-a0d8-9cb08dd34f8b",
    "sign_ai": false,
    "message_telegram_id": "",
    "reaction": 0
  }
},
{
  "model": "crm_messages.botmessages",
  "pk": "62ee6681-911e-469c-a0db-d6fc3550ef34",
  "fields": {
    "message": "a0eba607-0e8d-476e-aa3f-b50bc08d7648",
    "from_bot": false,
    "manager": 4,
    "ambassador": "198d61a6-f686-4c42-952b-939f89bd77b5",
    "sign_ai": false,
    "message_telegram_id": "",
    "reaction": 0
  }
},
{
  "model": "crm_messages.botmessages",
  "pk": "71daaba9-29a2-49f9-98e9-caa36279bdfc",
  "fields": {
    "message": "a8f01d7b-4cc9-4c97-ba5c-b101d4802b96",
    "from_bot": false,
    "manager": 4,
    "ambassador": "ee18379e-8f76-4f03-a35d-aa24a17d33cc",
    "sign_ai": false,
    "message_telegram_id": "",
    "reaction": 0
  }
},
{
  "model": "crm_messages.botmessages",
  "pk": "73e4352b-9633-41d2-96a0-3156640ac20f",
  "fields": {
    "message": "56338505-3642-43f2-842b-73cfb85bc847",
    "from_bot": false,
    "manager": 4,
    "ambassador": "baf23446-1d0e-449e-a2e1-a5b59da25731",
    "sign_ai": false,
    "message_telegram_id": "",
    "reaction": 0
  }
},
{
  "model": "crm_messages.botmessages",
  "pk": "78d5413f-c29f-4f55-9c56-fadba13f9002",
  "fields": {
    "message": "ebffd90c-5b87-44f7-95ad-0e33d558b281",
    "from_bot": false,
    "manager": 4,
    "ambassador": "001d2abd-2834-43ca-b123-f087991d1ac8",
    "sign_ai": false,
    "message_telegram_id": "",
    "reaction": 0
  }
},
{
  "model": "crm_messages.botmessages",
  "pk": "a1f87e5e-bbbb-4366-81e6-3d7633fdc11d",
  "fields": {
    "message": "ccd74c30-7497-4f66-b617-9a4b89d07be3",
    "from_bot": false,
    "manager": 4,
    "ambassador": "d9eeb75e-b9fd-42f9-a273-be47bbce5844",
    "sign_ai": false,
    "message_telegram_id": "",
    "reaction": 0
  }
},
{
  "model": "crm_messages.botmessages",
  "pk": "a574eb87-0d63-431d-8352-3fd988aa3445",
  "fields": {
    "message": "d7c901ad-8e71-4454-b8d4-a16ca483fac4",
    "from_bot": false,
    "manager": 4,
    "ambassador": "3bf3b298-fddf-4d37-93d9-a1fceb81189b",
    "sign_ai": false,
    "message_telegram_id": "",
    "reaction": 0
  }
},
{
  "model": "crm_messages.botmessages",
  "pk": "abeeddbe-4a6f-447b-ac2a-299fa0099523",
  "fields": {
    "message": "0f44c5cf-c907-43e8-a580-34dcba9af9f4",
    "from_bot": false,
    "manager": 4,
    "ambassador": "20dec1f2-bb7d-4cbd-b0ba-eebc8ed4ee84",
    "sign_ai": false,
    "message_telegram_id": "",
    "reaction": 0
  }
},
{
  "model": "crm_messages.botmessages",
  "pk": "ae1d2a71-ac33-4f8b-9c81-a097c388e4a6",
  "fields": {
    "message": "b5fd3acc-bc85-4bc3-bd98-c77703928cf6",
    "from_bot": false,
    "manager": 4,
    "ambassador": "d885dc41-3e92-418b-8b91-82da961f3e07",
    "sign_ai": false,
    "message_telegram_id": "",
    "reaction": 0
  }
},
{
  "model": "crm_messages.botmessages",
  "pk": "b11af4d2-f6c0-40d0-8aef-f56fcefb8492",
  "fields": {
    "message": "a60b059c-9b4b-4fe0-963d-24e93253ff69",
    "from_bot": false,
    "manager": 4,
    "ambassador": "ee18379e-8f76-4f03-a35d-aa24a17d33cc",
    "sign_ai": false,
    "message_telegram_id": "",
    "reaction": 0
  }
},
{
  "model": "crm_messages.botmessages",
  "pk": "d8b777c2-9882-4c9f-b7ff-6bc3ca71a02c",
  "fields": {
    "message": "85a68c6f-d5bc-455f-b8c5-5b191188a9f4",
    "from_bot": false,
    "manager": 4,
    "ambassador": "b705ecbf-65e0-477d-a5d6-f808ac83e236",
    "sign_ai": false,
    "message_telegram_id": "",
    "reaction": 0
  }
},
{
  "model": "crm_messages.botmessages",
  "pk": "e122fb5f-0607-4668-b6e3-ee7fe758793e",
  "fields": {
    "message": "669548b7-511e-43b9-b5e4-91d714e23a2e",
    "from_bot": false,
    "manager": 4,
    "ambassador": "737f4bac-db02-4c1e-be09-c29776e78607",
    "sign_ai": false,
    "message_telegram_id": "",
    "reaction": 0
  }
},
{
  "model": "crm_messages.botmessages",
  "pk": "e4937a41-836a-4cbf-b48b-c876f24ebcc0",
  "fields": {
    "message": "41000fed-58f2-49af-ab3e-c389bfa6baae",
    "from_bot": false,
    "manager": 4,
    "ambassador": "b072e354-1572-41cc-9e0b-a37f53a26135",
    "sign_ai": false,
    "message_telegram_id": "",
    "reaction": 0
  }
},
{
  "model": "crm_messages.botmessages",
  "pk": "e692ecd9-e2ad-440c-9131-27577f26e72b",
  "fields": {
    "message": "b5ab4566-1772-45f0-a53c-d6ec6c7e7d10",
    "from_bot": false,
    "manager": 4,
    "ambassador": "a4918e6e-1b4a-4b16-a030-b1ee47f32a89",
    "sign_ai": false,
    "message_telegram_id": "",
    "reaction": 0
  }
},
{
  "model": "crm_messages.botmessages",
  "pk": "fd6b2a0d-be95-43d1-a4df-0dc2c5dda508",
  "fields": {
    "message": "12438dbe-f9ae-4675-9afb-87b6bb9a17ee",
    "from_bot": false,
    "manager": 4,
    "ambassador": "5afd2292-acf4-4764-a0d8-9cb08dd34f8b",
    "sign_ai": false,
    "message_telegram_id": "",
    "reaction": 0
  }
},
{
  "model": "crm_messages.messagetype",
  "pk": "5f893587-e018-451f-a7b9-2f2e6f541f32",
  "fields": {
    "type_name": "Анкета",
    "available": true
  }
},
{
  "model": "crm_messages.messagetype",
  "pk": "634cd986-2a93-4ee6-ab38-12e53fbc0ec9",
  "fields": {
    "type_name": "Подтверждение адреса",
    "available": true
  }
},
{
  "model": "crm_messages.messagetype",
  "pk": "7d50d906-dc90-4287-9efb-aab86962c2d1",
  "fields": {
    "type_name": "Запрос на изменение данных",
    "available": true
  }
},
{
  "model": "crm_messages.messagetype",
  "pk": "8d3f899f-03e0-4188-abf9-3edd5cd39a46",
  "fields": {
    "type_name": "Вопрос",
    "available": true
  }
},
{
  "model": "crm_messages.messagetype",
  "pk": "cb2cfb1d-b9ca-496f-8ec8-50f6e13d9161",
  "fields": {
    "type_name": "Отчет по гайду",
    "available": true
  }
},
{
  "model": "crm_messages.message",
  "pk": "0f44c5cf-c907-43e8-a580-34dcba9af9f4",
  "fields": {
    "message_text": "Привет, амбассадор! Добро пожаловать в наши ряды. Мы подготовили для тебя небольшое описание жизни амбассадора, чтобы тебе было проще ориентироваться в новом статусе. Главная ценность амбассадорства, по нашему мнению, — делиться своим опытом с другим",
    "media_link": "",
    "date": "2023-12-12T12:00:00Z",
    "message_type": null
  }
},
{
  "model": "crm_messages.message",
  "pk": "12438dbe-f9ae-4675-9afb-87b6bb9a17ee",
  "fields": {
    "message_text": "Направляю отчет о выполнении задания",
    "media_link": "",
    "date": "2024-03-07T12:00:00Z",
    "message_type": "cb2cfb1d-b9ca-496f-8ec8-50f6e13d9161"
  }
},
{
  "model": "crm_messages.message",
  "pk": "174122d0-67c0-4ecc-b6a7-8cc8854ea113",
  "fields": {
    "message_text": "Привет, амбассадор! Добро пожаловать в наши ряды. Мы подготовили для тебя небольшое описание жизни амбассадора, чтобы тебе было проще ориентироваться в новом статусе. Главная ценность амбассадорства, по нашему мнению, — делиться своим опытом с другим",
    "media_link": "",
    "date": "2023-09-13T12:00:00Z",
    "message_type": null
  }
},
{
  "model": "crm_messages.message",
  "pk": "32a93528-cdd1-40e0-a788-a4aec006cf14",
  "fields": {
    "message_text": "Привет, амбассадор! Добро пожаловать в наши ряды. Мы подготовили для тебя небольшое описание жизни амбассадора, чтобы тебе было проще ориентироваться в новом статусе. Главная ценность амбассадорства, по нашему мнению, — делиться своим опытом с другим",
    "media_link": "",
    "date": "2023-03-01T12:00:00Z",
    "message_type": null
  }
},
{
  "model": "crm_messages.message",
  "pk": "36cfd731-cb26-4f10-87d7-e28324811c14",
  "fields": {
    "message_text": "Привет, амбассадор! Добро пожаловать в наши ряды. Мы подготовили для тебя небольшое описание жизни амбассадора, чтобы тебе было проще ориентироваться в новом статусе. Главная ценность амбассадорства, по нашему мнению, — делиться своим опытом с другим",
    "media_link": "",
    "date": "2023-11-28T12:00:00Z",
    "message_type": null
  }
},
{
  "model": "crm_messages.message",
  "pk": "41000fed-58f2-49af-ab3e-c389bfa6baae",
  "fields": {
    "message_text": "Привет, амбассадор! Добро пожаловать в наши ряды. Мы подготовили для тебя небольшое описание жизни амбассадора, чтобы тебе было проще ориентироваться в новом статусе. Главная ценность амбассадорства, по нашему мнению, — делиться своим опытом с другим",
    "media_link": "",
    "date": "2024-01-11T12:00:00Z",
    "message_type": null
  }
},
{
  "model": "crm_messages.message",
  "pk": "56338505-3642-43f2-842b-73cfb85bc847",
  "fields": {
    "message_text": "Привет, амбассадор! Добро пожаловать в наши ряды. Мы подготовили для тебя небольшое описание жизни амбассадора, чтобы тебе было проще ориентироваться в новом статусе. Главная ценность амбассадорства, по нашему мнению, — делиться своим опытом с другим",
    "media_link": "",
    "date": "2023-09-14T12:00:00Z",
    "message_type": null
  }
},
{
  "model": "crm_messages.message",
  "pk": "669548b7-511e-43b9-b5e4-91d714e23a2e",
  "fields": {
    "message_text": "Привет, амбассадор! Добро пожаловать в наши ряды. Мы подготовили для тебя небольшое описание жизни амбассадора, чтобы тебе было проще ориентироваться в новом статусе. Главная ценность амбассадорства, по нашему мнению, — делиться своим опытом с другим",
    "media_link": "",
    "date": "2023-10-21T12:00:00Z",
    "message_type": null
  }
},
{
  "model": "crm_messages.message",
  "pk": "7333d627-e604-4c5d-acc8-52e24fb73597",
  "fields": {
    "message_text": "Привет, амбассадор! Добро пожаловать в наши ряды. Мы подготовили для тебя небольшое описание жизни амбассадора, чтобы тебе было проще ориентироваться в новом статусе. Главная ценность амбассадорства, по нашему мнению, — делиться своим опытом с другим",
    "media_link": "",
    "date": "2024-02-07T12:00:00Z",
    "message_type": null
  }
},
{
  "model": "crm_messages.message",
  "pk": "85a68c6f-d5bc-455f-b8c5-5b191188a9f4",
  "fields": {
    "message_text": "Привет, амбассадор! Добро пожаловать в наши ряды. Мы подготовили для тебя небольшое описание жизни амбассадора, чтобы тебе было проще ориентироваться в новом статусе. Главная ценность амбассадорства, по нашему мнению, — делиться своим опытом с другим",
    "media_link": "",
    "date": "2023-12-11T12:00:00Z",
    "message_type": null
  }
},
{
  "model": "crm_messages.message",
  "pk": "873f9eed-7ba5-4113-b46c-5b7fd259b4c4",
  "fields": {
    "message_text": "Анастасия , добрый день! Хочу взять перерыв с 01.03.2024",
    "media_link": "",
    "date": "2024-03-01T12:00:00Z",
    "message_type": "8d3f899f-03e0-4188-abf9-3edd5cd39a46"
  }
},
{
  "model": "crm_messages.message",
  "pk": "a0eba607-0e8d-476e-aa3f-b50bc08d7648",
  "fields": {
    "message_text": "Привет, амбассадор! Добро пожаловать в наши ряды. Мы подготовили для тебя небольшое описание жизни амбассадора, чтобы тебе было проще ориентироваться в новом статусе. Главная ценность амбассадорства, по нашему мнению, — делиться своим опытом с другим",
    "media_link": "",
    "date": "2024-01-31T12:00:00Z",
    "message_type": null
  }
},
{
  "model": "crm_messages.message",
  "pk": "a60b059c-9b4b-4fe0-963d-24e93253ff69",
  "fields": {
    "message_text": "Привет, амбассадор! Добро пожаловать в наши ряды. Мы подготовили для тебя небольшое описание жизни амбассадора, чтобы тебе было проще ориентироваться в новом статусе. Главная ценность амбассадорства, по нашему мнению, — делиться своим опытом с другим",
    "media_link": "",
    "date": "2024-02-01T12:00:00Z",
    "message_type": null
  }
},
{
  "model": "crm_messages.message",
  "pk": "a8f01d7b-4cc9-4c97-ba5c-b101d4802b96",
  "fields": {
    "message_text": "Анастасия , добрый день! Хочу взять перерыв с 03.03.2024",
    "media_link": "",
    "date": "2024-03-02T12:00:00Z",
    "message_type": "8d3f899f-03e0-4188-abf9-3edd5cd39a46"
  }
},
{
  "model": "crm_messages.message",
  "pk": "b1486165-38fd-4240-83e5-3fa5c2da80a2",
  "fields": {
    "message_text": "Всех наших милых девушек поздравляю с 8 Марта!",
    "media_link": "",
    "date": "2024-03-08T12:00:00Z",
    "message_type": null
  }
},
{
  "model": "crm_messages.message",
  "pk": "b5351b63-2f8e-4d75-bcde-8f45a4140377",
  "fields": {
    "message_text": "Привет, амбассадор! Добро пожаловать в наши ряды. Мы подготовили для тебя небольшое описание жизни амбассадора, чтобы тебе было проще ориентироваться в новом статусе. Главная ценность амбассадорства, по нашему мнению, — делиться своим опытом с другим",
    "media_link": "",
    "date": "2023-12-14T12:00:00Z",
    "message_type": null
  }
},
{
  "model": "crm_messages.message",
  "pk": "b5ab4566-1772-45f0-a53c-d6ec6c7e7d10",
  "fields": {
    "message_text": "Привет, амбассадор! Добро пожаловать в наши ряды. Мы подготовили для тебя небольшое описание жизни амбассадора, чтобы тебе было проще ориентироваться в новом статусе. Главная ценность амбассадорства, по нашему мнению, — делиться своим опытом с другим",
    "media_link": "",
    "date": "2023-12-15T12:00:00Z",
    "message_type": null
  }
},
{
  "model": "crm_messages.message",
  "pk": "b5fd3acc-bc85-4bc3-bd98-c77703928cf6",
  "fields": {
    "message_text": "Привет, амбассадор! Добро пожаловать в наши ряды. Мы подготовили для тебя небольшое описание жизни амбассадора, чтобы тебе было проще ориентироваться в новом статусе. Главная ценность амбассадорства, по нашему мнению, — делиться своим опытом с другим",
    "media_link": "",
    "date": "2024-01-18T12:00:00Z",
    "message_type": null
  }
},
{
  "model": "crm_messages.message",
  "pk": "ba612e46-c23c-45ab-88b8-16c4a27ac9df",
  "fields": {
    "message_text": "После написания отзыва об обучении в Практикуме ты получишь ачивку “друг Практикума” и стартовый пак мерча — толстовка, кофе и стикеры.",
    "media_link": "",
    "date": null,
    "message_type": null
  }
},
{
  "model": "crm_messages.message",
  "pk": "c47e882f-a137-4ec7-abd3-c1b64bff125b",
  "fields": {
    "message_text": "Направляю отчет о выполнении задания",
    "media_link": "",
    "date": "2024-02-15T12:00:00Z",
    "message_type": "cb2cfb1d-b9ca-496f-8ec8-50f6e13d9161"
  }
},
{
  "model": "crm_messages.message",
  "pk": "ccd74c30-7497-4f66-b617-9a4b89d07be3",
  "fields": {
    "message_text": "Привет, амбассадор! Добро пожаловать в наши ряды. Мы подготовили для тебя небольшое описание жизни амбассадора, чтобы тебе было проще ориентироваться в новом статусе. Главная ценность амбассадорства, по нашему мнению, — делиться своим опытом с другим",
    "media_link": "",
    "date": "2023-09-29T12:00:00Z",
    "message_type": null
  }
},
{
  "model": "crm_messages.message",
  "pk": "d7c901ad-8e71-4454-b8d4-a16ca483fac4",
  "fields": {
    "message_text": "Привет, амбассадор! Добро пожаловать в наши ряды. Мы подготовили для тебя небольшое описание жизни амбассадора, чтобы тебе было проще ориентироваться в новом статусе. Главная ценность амбассадорства, по нашему мнению, — делиться своим опытом с другим",
    "media_link": "",
    "date": "2023-11-21T12:00:00Z",
    "message_type": null
  }
},
{
  "model": "crm_messages.message",
  "pk": "ebffd90c-5b87-44f7-95ad-0e33d558b281",
  "fields": {
    "message_text": "Привет, амбассадор! Добро пожаловать в наши ряды. Мы подготовили для тебя небольшое описание жизни амбассадора, чтобы тебе было проще ориентироваться в новом статусе. Главная ценность амбассадорства, по нашему мнению, — делиться своим опытом с другим",
    "media_link": "",
    "date": "2023-02-08T12:00:00Z",
    "message_type": null
  }
},
{
  "model": "crm_messages.message",
  "pk": "eeed41f0-c4c0-4410-abf3-3d777318ef72",
  "fields": {
    "message_text": "Привет, амбассадор! Добро пожаловать в наши ряды. Мы подготовили для тебя небольшое описание жизни амбассадора, чтобы тебе было проще ориентироваться в новом статусе. Главная ценность амбассадорства, по нашему мнению, — делиться своим опытом с другим",
    "media_link": "",
    "date": "2024-02-08T12:00:00Z",
    "message_type": null
  }
},
{
  "model": "crm_messages.messagepool",
  "pk": "0a7d503b-c4f5-491d-98aa-3fb758088cb4",
  "fields": {
    "message": "b1486165-38fd-4240-83e5-3fa5c2da80a2",
    "message_status": "163dbd6b-3fe5-45e0-85eb-5eaae0bc5639",
    "send_date": "2024-03-08T12:00:00Z"
  }
},
{
  "model": "crm_messages.messagepool",
  "pk": "16687a65-19d8-4dc7-85f5-9c3d2c6814f5",
  "fields": {
    "message": "ba612e46-c23c-45ab-88b8-16c4a27ac9df",
    "message_status": "007140d5-e08e-4326-a22b-a38e54330037",
    "send_date": null
  }
},
{
  "model": "crm_messages.messagepool",
  "pk": "ee17cdaa-d6cc-4053-9e2e-0ea1759181e2",
  "fields": {
    "message": "7333d627-e604-4c5d-acc8-52e24fb73597",
    "message_status": "bb678d0f-f6f7-44dc-97b8-56f6b96c4b7f",
    "send_date": null
  }
},
{
  "model": "crm_messages.messagestatus",
  "pk": "007140d5-e08e-4326-a22b-a38e54330037",
  "fields": {
    "status_name": "Черновик",
    "available": true
  }
},
{
  "model": "crm_messages.messagestatus",
  "pk": "163dbd6b-3fe5-45e0-85eb-5eaae0bc5639",
  "fields": {
    "status_name": "Отложенное сообщение",
    "available": true
  }
},
{
  "model": "crm_messages.messagestatus",
  "pk": "bb678d0f-f6f7-44dc-97b8-56f6b96c4b7f",
  "fields": {
    "status_name": "Шаблон",
    "available": true
  }
},
{
  "model": "merches.merch",
  "pk": "07524b9b-76f8-4bd4-984e-05e2ec2b6d46",
  "fields": {
    "merch_name": "Арзамас",
    "price": "0.00",
    "intangible": true,
    "available": true
  }
},
{
  "model": "merches.merch",
  "pk": "22610a60-3eaa-4005-907a-458d25584185",
  "fields": {
    "merch_name": "Шоппер",
    "price": "1000.00",
    "intangible": false,
    "available": true
  }
},
{
  "model": "merches.merch",
  "pk": "3bf128d3-f35d-4bc9-8bd8-bd7f895a2803",
  "fields": {
    "merch_name": "Плюс",
    "price": "0.00",
    "intangible": true,
    "available": true
  }
},
{
  "model": "merches.merch",
  "pk": "3ec45162-148d-4f6d-b6bf-aa6174f5413e",
  "fields": {
    "merch_name": "Толстовка",
    "price": "2500.00",
    "intangible": false,
    "available": true
  }
},
{
  "model": "merches.merch",
  "pk": "63729f71-6ac9-4b97-801b-ab5c27804b88",
  "fields": {
    "merch_name": "Стикеры",
    "price": "500.00",
    "intangible": false,
    "available": true
  }
},
{
  "model": "merches.merch",
  "pk": "6b3369af-4a8a-4bba-afe3-4438c16cc7df",
  "fields": {
    "merch_name": "Алиса мини",
    "price": "6000.00",
    "intangible": false,
    "available": true
  }
},
{
  "model": "merches.merch",
  "pk": "7639e609-5b5a-4d39-97be-96dd54ccb86e",
  "fields": {
    "merch_name": "Носки",
    "price": "500.00",
    "intangible": false,
    "available": true
  }
},
{
  "model": "merches.merch",
  "pk": "7c7fc311-d423-42aa-b33f-939dd9857806",
  "fields": {
    "merch_name": "Рюкзак",
    "price": "3000.00",
    "intangible": false,
    "available": true
  }
},
{
  "model": "merches.merch",
  "pk": "932f4a0c-1f65-4afd-bf2e-1ee320929f01",
  "fields": {
    "merch_name": "Кофе",
    "price": "500.00",
    "intangible": false,
    "available": true
  }
},
{
  "model": "merches.merch",
  "pk": "b3accfeb-ace4-4c2c-af3d-2b0c09217396",
  "fields": {
    "merch_name": "Сумка кросс",
    "price": "2000.00",
    "intangible": false,
    "available": true
  }
},
{
  "model": "merches.merch",
  "pk": "b44f4921-3565-4f92-8156-bb12e73856bd",
  "fields": {
    "merch_name": "Алиса биг",
    "price": "14000.00",
    "intangible": false,
    "available": true
  }
},
{
  "model": "merches.merch",
  "pk": "bfbe25ee-537f-4e88-b26c-1c8c84af5a04",
  "fields": {
    "merch_name": "Скидка 50%",
    "price": "0.00",
    "intangible": true,
    "available": true
  }
},
{
  "model": "merches.merch",
  "pk": "f9c5ce22-67e6-4b60-849a-cb7f8e46310f",
  "fields": {
    "merch_name": "Клуб учащихся ночью",
    "price": "0.00",
    "intangible": true,
    "available": true
  }
},
{
  "model": "merches.deliveryaddress",
  "pk": "0594fff4-65d6-432d-8902-280a3c8fcef4",
  "fields": {
    "is_confirmed": false,
    "index": "103132",
    "region": "",
    "district": "",
    "settlement": "г. Москва",
    "street": "переулок Зелёный",
    "house": "25",
    "building": "",
    "country": "Россия",
    "apartment": "28"
  }
},
{
  "model": "merches.deliveryaddress",
  "pk": "0912d3be-e19c-4f92-ba5d-6d9a7875b2cc",
  "fields": {
    "is_confirmed": false,
    "index": "658254",
    "region": "",
    "district": "",
    "settlement": "г. Москва",
    "street": "ул. Ленина",
    "house": "1",
    "building": "2",
    "country": "Россия",
    "apartment": "56"
  }
},
{
  "model": "merches.deliveryaddress",
  "pk": "0d346b2a-fc53-4a22-bc4c-7ff9a0ee3e26",
  "fields": {
    "is_confirmed": false,
    "index": "105077",
    "region": "",
    "district": "",
    "settlement": "г. Москва",
    "street": "пл. Торговая",
    "house": "7",
    "building": "",
    "country": "Россия",
    "apartment": "5"
  }
},
{
  "model": "merches.deliveryaddress",
  "pk": "10664866-b8a1-4a6f-87da-0116da9d13b2",
  "fields": {
    "is_confirmed": false,
    "index": "344001",
    "region": "",
    "district": "",
    "settlement": "г. Ростов-на-Дону",
    "street": "ул. Строителей",
    "house": "78",
    "building": "",
    "country": "Россия",
    "apartment": "3"
  }
},
{
  "model": "merches.deliveryaddress",
  "pk": "1a739930-60c2-44b3-867a-5acb97344bf8",
  "fields": {
    "is_confirmed": false,
    "index": "105077",
    "region": "",
    "district": "",
    "settlement": "г. Москва",
    "street": "ул. Пролетарская",
    "house": "45",
    "building": "",
    "country": "Россия",
    "apartment": "89"
  }
},
{
  "model": "merches.deliveryaddress",
  "pk": "1e70c1c5-e2c8-4ea3-b7ad-c21229626a3f",
  "fields": {
    "is_confirmed": false,
    "index": "105081",
    "region": "",
    "district": "",
    "settlement": "г. Москва",
    "street": "аллея Сиреневая",
    "house": "7",
    "building": "",
    "country": "Россия",
    "apartment": "7"
  }
},
{
  "model": "merches.deliveryaddress",
  "pk": "2a4f6d40-52ac-4969-bce6-0f199f69b997",
  "fields": {
    "is_confirmed": false,
    "index": "454000",
    "region": "",
    "district": "",
    "settlement": "г. Челябинск",
    "street": "ул. Чичерина",
    "house": "35Б",
    "building": "",
    "country": "Россия",
    "apartment": "12"
  }
},
{
  "model": "merches.deliveryaddress",
  "pk": "2b636653-1780-45bc-9ea1-8c794ab48095",
  "fields": {
    "is_confirmed": false,
    "index": "103132",
    "region": "",
    "district": "",
    "settlement": "г. Москва",
    "street": "ул. Цветочная",
    "house": "45А",
    "building": "1",
    "country": "Россия",
    "apartment": "42"
  }
},
{
  "model": "merches.deliveryaddress",
  "pk": "44efa017-52c6-4309-bba9-d0986c6bdb95",
  "fields": {
    "is_confirmed": false,
    "index": "353417",
    "region": "Краснодарский край",
    "district": "",
    "settlement": "г. Анапа",
    "street": "ул. Солнечная",
    "house": "13",
    "building": "",
    "country": "Россия",
    "apartment": ""
  }
},
{
  "model": "merches.deliveryaddress",
  "pk": "475266a0-5b9a-40cf-a806-72ff5a79b690",
  "fields": {
    "is_confirmed": false,
    "index": "105081",
    "region": "",
    "district": "",
    "settlement": "г. Москва",
    "street": "пр-д Северный",
    "house": "2",
    "building": "3",
    "country": "Россия",
    "apartment": "75"
  }
},
{
  "model": "merches.deliveryaddress",
  "pk": "5c0ee7ea-257d-47d3-8616-e481c0960ffd",
  "fields": {
    "is_confirmed": false,
    "index": "105077",
    "region": "",
    "district": "",
    "settlement": "г. Москва",
    "street": "бульвар Солнечный",
    "house": "6Б",
    "building": "",
    "country": "Россия",
    "apartment": "45"
  }
},
{
  "model": "merches.deliveryaddress",
  "pk": "5c76bc91-cb9c-4854-b528-9a156598bcc8",
  "fields": {
    "is_confirmed": false,
    "index": "187015",
    "region": "",
    "district": "",
    "settlement": "г. Санкт-Петербург",
    "street": "ул. Уточкина",
    "house": "13",
    "building": "",
    "country": "Россия",
    "apartment": "35"
  }
},
{
  "model": "merches.deliveryaddress",
  "pk": "6a422c9c-f9e7-4a19-91d0-120e4f3c3a83",
  "fields": {
    "is_confirmed": false,
    "index": "630001",
    "region": "",
    "district": "",
    "settlement": "г. Новосибирск",
    "street": "пр-т Ленина",
    "house": "118",
    "building": "",
    "country": "Россия",
    "apartment": "53"
  }
},
{
  "model": "merches.deliveryaddress",
  "pk": "86e9678b-b684-456f-a7be-e4c790c08356",
  "fields": {
    "is_confirmed": false,
    "index": "365234",
    "region": "",
    "district": "",
    "settlement": "г. Москва",
    "street": "пр-кт Мира",
    "house": "45",
    "building": "",
    "country": "Россия",
    "apartment": "25"
  }
},
{
  "model": "merches.deliveryaddress",
  "pk": "9fc8dd41-21b7-4fa9-93f7-7a6cc19b39d9",
  "fields": {
    "is_confirmed": false,
    "index": "105077",
    "region": "",
    "district": "",
    "settlement": "г. Москва",
    "street": "переулок Зелёный",
    "house": "5",
    "building": "",
    "country": "Россия",
    "apartment": "12"
  }
},
{
  "model": "merches.deliveryaddress",
  "pk": "b410f272-f13d-4181-bc42-32fbecbfba4d",
  "fields": {
    "is_confirmed": false,
    "index": "626156",
    "region": "Тюменская область",
    "district": "",
    "settlement": "г. Тобольск",
    "street": "ул. Ленина",
    "house": "2",
    "building": "",
    "country": "Россия",
    "apartment": "45"
  }
},
{
  "model": "merches.deliveryaddress",
  "pk": "b5c8b180-afe9-4f9c-8cef-8ba4ebd6d94a",
  "fields": {
    "is_confirmed": false,
    "index": "105081",
    "region": "",
    "district": "",
    "settlement": "г. Москва",
    "street": "проезд Северный",
    "house": "5",
    "building": "",
    "country": "Россия",
    "apartment": "2"
  }
},
{
  "model": "merches.deliveryaddress",
  "pk": "d9a763fb-769d-4316-b83f-d0e89d7ef599",
  "fields": {
    "is_confirmed": false,
    "index": "103132",
    "region": "",
    "district": "",
    "settlement": "г. Москва",
    "street": "ш. Шоссейное",
    "house": "6",
    "building": "",
    "country": "Россия",
    "apartment": "8"
  }
},
{
  "model": "merches.deliveryaddress",
  "pk": "e07ebc47-89c7-4906-a927-db58ed5fd29e",
  "fields": {
    "is_confirmed": false,
    "index": "123456",
    "region": "Ленинградская",
    "district": "",
    "settlement": "г. Волхов",
    "street": "ул. Садовая",
    "house": "3",
    "building": "",
    "country": "Россия",
    "apartment": "5"
  }
},
{
  "model": "merches.deliveryaddress",
  "pk": "e0f176f7-6b1a-4827-bc34-71fc25375785",
  "fields": {
    "is_confirmed": false,
    "index": "105037",
    "region": "",
    "district": "",
    "settlement": "г. Москва",
    "street": "наб. Речная",
    "house": "5",
    "building": "3",
    "country": "Россия",
    "apartment": "85"
  }
},
{
  "model": "merches.deliveryaddress",
  "pk": "ea4f8b80-95c4-4d84-b395-b73e8da9d90d",
  "fields": {
    "is_confirmed": false,
    "index": "105037",
    "region": "",
    "district": "",
    "settlement": "г. Москва",
    "street": "шоссе Энтузиастов",
    "house": "13",
    "building": "",
    "country": "Россия",
    "apartment": "5"
  }
},
{
  "model": "merches.deliveryaddress",
  "pk": "f019cfd5-caa9-4ebb-861a-ad6cfb595ff6",
  "fields": {
    "is_confirmed": false,
    "index": "103132",
    "region": "",
    "district": "",
    "settlement": "г. Москва",
    "street": "ул. Парковая",
    "house": "64",
    "building": "",
    "country": "Россия",
    "apartment": "54"
  }
},
{
  "model": "merches.deliverystatus",
  "pk": "000add1e-695d-4b13-b4f7-2a47bda9a727",
  "fields": {
    "status_name": "на подтверждении адреса",
    "available": true
  }
},
{
  "model": "merches.deliverystatus",
  "pk": "0d9dd2bc-8b74-4dc5-a304-16b7594d6fc7",
  "fields": {
    "status_name": "адрес подтвержден",
    "available": true
  }
},
{
  "model": "merches.deliverystatus",
  "pk": "7125b0f5-7a15-440d-8d0f-89e96b0af103",
  "fields": {
    "status_name": "мерч направлен",
    "available": true
  }
},
{
  "model": "merches.merchrequest",
  "pk": "0102db54-f714-4c72-98ab-fd1ed6def5ec",
  "fields": {
    "manager": 4,
    "merch": "22610a60-3eaa-4005-907a-458d25584185",
    "delivery_address": "0912d3be-e19c-4f92-ba5d-6d9a7875b2cc",
    "request_status": "7125b0f5-7a15-440d-8d0f-89e96b0af103"
  }
},
{
  "model": "merches.merchrequest",
  "pk": "1075a704-2de8-4d02-9667-bc09d2b80f9a",
  "fields": {
    "manager": 4,
    "merch": "63729f71-6ac9-4b97-801b-ab5c27804b88",
    "delivery_address": "e07ebc47-89c7-4906-a927-db58ed5fd29e",
    "request_status": "7125b0f5-7a15-440d-8d0f-89e96b0af103"
  }
},
{
  "model": "merches.merchrequest",
  "pk": "1eaac82f-90ab-46a8-aeb8-535ddb3970cc",
  "fields": {
    "manager": 4,
    "merch": "22610a60-3eaa-4005-907a-458d25584185",
    "delivery_address": "5c0ee7ea-257d-47d3-8616-e481c0960ffd",
    "request_status": "7125b0f5-7a15-440d-8d0f-89e96b0af103"
  }
},
{
  "model": "merches.merchrequest",
  "pk": "1f44e918-c6fe-4a51-ab1a-dc0cb42e80ea",
  "fields": {
    "manager": 4,
    "merch": "3ec45162-148d-4f6d-b6bf-aa6174f5413e",
    "delivery_address": "1a739930-60c2-44b3-867a-5acb97344bf8",
    "request_status": "7125b0f5-7a15-440d-8d0f-89e96b0af103"
  }
},
{
  "model": "merches.merchrequest",
  "pk": "24048470-4aba-4cf4-a526-994a3c1e382d",
  "fields": {
    "manager": 4,
    "merch": "3ec45162-148d-4f6d-b6bf-aa6174f5413e",
    "delivery_address": "86e9678b-b684-456f-a7be-e4c790c08356",
    "request_status": "7125b0f5-7a15-440d-8d0f-89e96b0af103"
  }
},
{
  "model": "merches.merchrequest",
  "pk": "285bbe8f-5968-4d62-830f-f31aba39f7bf",
  "fields": {
    "manager": 4,
    "merch": "932f4a0c-1f65-4afd-bf2e-1ee320929f01",
    "delivery_address": "e0f176f7-6b1a-4827-bc34-71fc25375785",
    "request_status": "7125b0f5-7a15-440d-8d0f-89e96b0af103"
  }
},
{
  "model": "merches.merchrequest",
  "pk": "2c7d279b-a323-4b99-91e0-229624ae7d0c",
  "fields": {
    "manager": 4,
    "merch": "3ec45162-148d-4f6d-b6bf-aa6174f5413e",
    "delivery_address": "b5c8b180-afe9-4f9c-8cef-8ba4ebd6d94a",
    "request_status": "000add1e-695d-4b13-b4f7-2a47bda9a727"
  }
},
{
  "model": "merches.merchrequest",
  "pk": "2c902f17-65f3-431f-b412-65cede01ef59",
  "fields": {
    "manager": 4,
    "merch": "3ec45162-148d-4f6d-b6bf-aa6174f5413e",
    "delivery_address": "475266a0-5b9a-40cf-a806-72ff5a79b690",
    "request_status": "7125b0f5-7a15-440d-8d0f-89e96b0af103"
  }
},
{
  "model": "merches.merchrequest",
  "pk": "328646ec-4d6a-413f-b0e2-5a127fa97c92",
  "fields": {
    "manager": 4,
    "merch": "63729f71-6ac9-4b97-801b-ab5c27804b88",
    "delivery_address": "0912d3be-e19c-4f92-ba5d-6d9a7875b2cc",
    "request_status": "7125b0f5-7a15-440d-8d0f-89e96b0af103"
  }
},
{
  "model": "merches.merchrequest",
  "pk": "341f19aa-8be0-4e0b-a24d-d6b707b72e16",
  "fields": {
    "manager": 4,
    "merch": "22610a60-3eaa-4005-907a-458d25584185",
    "delivery_address": "475266a0-5b9a-40cf-a806-72ff5a79b690",
    "request_status": "7125b0f5-7a15-440d-8d0f-89e96b0af103"
  }
},
{
  "model": "merches.merchrequest",
  "pk": "34950582-2d6e-4899-93ad-c115990c8099",
  "fields": {
    "manager": 4,
    "merch": "22610a60-3eaa-4005-907a-458d25584185",
    "delivery_address": "9fc8dd41-21b7-4fa9-93f7-7a6cc19b39d9",
    "request_status": "7125b0f5-7a15-440d-8d0f-89e96b0af103"
  }
},
{
  "model": "merches.merchrequest",
  "pk": "359c53b1-7183-49ab-a3af-b76fbc0349e4",
  "fields": {
    "manager": 4,
    "merch": "932f4a0c-1f65-4afd-bf2e-1ee320929f01",
    "delivery_address": "b410f272-f13d-4181-bc42-32fbecbfba4d",
    "request_status": "7125b0f5-7a15-440d-8d0f-89e96b0af103"
  }
},
{
  "model": "merches.merchrequest",
  "pk": "359f491c-cd88-4580-bd3c-28399957c92f",
  "fields": {
    "manager": 4,
    "merch": "932f4a0c-1f65-4afd-bf2e-1ee320929f01",
    "delivery_address": "86e9678b-b684-456f-a7be-e4c790c08356",
    "request_status": "7125b0f5-7a15-440d-8d0f-89e96b0af103"
  }
},
{
  "model": "merches.merchrequest",
  "pk": "35c88c59-0e6c-4c68-9f91-1efd669999c4",
  "fields": {
    "manager": 4,
    "merch": "b44f4921-3565-4f92-8156-bb12e73856bd",
    "delivery_address": "0912d3be-e19c-4f92-ba5d-6d9a7875b2cc",
    "request_status": "7125b0f5-7a15-440d-8d0f-89e96b0af103"
  }
},
{
  "model": "merches.merchrequest",
  "pk": "497cfd67-a7da-4132-b830-11485c8d24d3",
  "fields": {
    "manager": 4,
    "merch": "932f4a0c-1f65-4afd-bf2e-1ee320929f01",
    "delivery_address": "44efa017-52c6-4309-bba9-d0986c6bdb95",
    "request_status": "7125b0f5-7a15-440d-8d0f-89e96b0af103"
  }
},
{
  "model": "merches.merchrequest",
  "pk": "4ce215f6-90e3-4ca4-accb-7da4b078ad6c",
  "fields": {
    "manager": 4,
    "merch": "3ec45162-148d-4f6d-b6bf-aa6174f5413e",
    "delivery_address": "0594fff4-65d6-432d-8902-280a3c8fcef4",
    "request_status": "7125b0f5-7a15-440d-8d0f-89e96b0af103"
  }
},
{
  "model": "merches.merchrequest",
  "pk": "50b884fd-d82e-4d2f-a0b0-b0473a690c23",
  "fields": {
    "manager": 4,
    "merch": "932f4a0c-1f65-4afd-bf2e-1ee320929f01",
    "delivery_address": "e07ebc47-89c7-4906-a927-db58ed5fd29e",
    "request_status": "7125b0f5-7a15-440d-8d0f-89e96b0af103"
  }
},
{
  "model": "merches.merchrequest",
  "pk": "513f5040-2a28-4959-ba7c-4469690512ba",
  "fields": {
    "manager": 4,
    "merch": "932f4a0c-1f65-4afd-bf2e-1ee320929f01",
    "delivery_address": "475266a0-5b9a-40cf-a806-72ff5a79b690",
    "request_status": "7125b0f5-7a15-440d-8d0f-89e96b0af103"
  }
},
{
  "model": "merches.merchrequest",
  "pk": "54232df8-12bc-421e-8151-a567ef4d60e3",
  "fields": {
    "manager": 4,
    "merch": "63729f71-6ac9-4b97-801b-ab5c27804b88",
    "delivery_address": "0594fff4-65d6-432d-8902-280a3c8fcef4",
    "request_status": "7125b0f5-7a15-440d-8d0f-89e96b0af103"
  }
},
{
  "model": "merches.merchrequest",
  "pk": "56d46ae6-d624-4e90-911e-99740f74cd0c",
  "fields": {
    "manager": 4,
    "merch": "3ec45162-148d-4f6d-b6bf-aa6174f5413e",
    "delivery_address": "0912d3be-e19c-4f92-ba5d-6d9a7875b2cc",
    "request_status": "7125b0f5-7a15-440d-8d0f-89e96b0af103"
  }
},
{
  "model": "merches.merchrequest",
  "pk": "59996af6-b79b-498b-a9f6-d560a71db062",
  "fields": {
    "manager": 4,
    "merch": "932f4a0c-1f65-4afd-bf2e-1ee320929f01",
    "delivery_address": "9fc8dd41-21b7-4fa9-93f7-7a6cc19b39d9",
    "request_status": "7125b0f5-7a15-440d-8d0f-89e96b0af103"
  }
},
{
  "model": "merches.merchrequest",
  "pk": "5aaf3ed3-0dff-4538-b61e-5256cb752068",
  "fields": {
    "manager": 4,
    "merch": "932f4a0c-1f65-4afd-bf2e-1ee320929f01",
    "delivery_address": "d9a763fb-769d-4316-b83f-d0e89d7ef599",
    "request_status": "7125b0f5-7a15-440d-8d0f-89e96b0af103"
  }
},
{
  "model": "merches.merchrequest",
  "pk": "60ef8c7e-6425-4edf-8169-cf9c926c45b9",
  "fields": {
    "manager": 4,
    "merch": "6b3369af-4a8a-4bba-afe3-4438c16cc7df",
    "delivery_address": "e0f176f7-6b1a-4827-bc34-71fc25375785",
    "request_status": "7125b0f5-7a15-440d-8d0f-89e96b0af103"
  }
},
{
  "model": "merches.merchrequest",
  "pk": "61c3478e-dcca-4f05-bd6a-57ba0f1de725",
  "fields": {
    "manager": 4,
    "merch": "3ec45162-148d-4f6d-b6bf-aa6174f5413e",
    "delivery_address": "44efa017-52c6-4309-bba9-d0986c6bdb95",
    "request_status": "7125b0f5-7a15-440d-8d0f-89e96b0af103"
  }
},
{
  "model": "merches.merchrequest",
  "pk": "61ebee2a-6871-44de-924f-8b9ac3ef5558",
  "fields": {
    "manager": 4,
    "merch": "932f4a0c-1f65-4afd-bf2e-1ee320929f01",
    "delivery_address": "5c0ee7ea-257d-47d3-8616-e481c0960ffd",
    "request_status": "7125b0f5-7a15-440d-8d0f-89e96b0af103"
  }
},
{
  "model": "merches.merchrequest",
  "pk": "6cc4dea9-a5ef-46be-a9bd-aaecc6c127a1",
  "fields": {
    "manager": 4,
    "merch": "932f4a0c-1f65-4afd-bf2e-1ee320929f01",
    "delivery_address": "f019cfd5-caa9-4ebb-861a-ad6cfb595ff6",
    "request_status": "7125b0f5-7a15-440d-8d0f-89e96b0af103"
  }
},
{
  "model": "merches.merchrequest",
  "pk": "6e78019e-a3ab-474c-a36f-858ab026f1a0",
  "fields": {
    "manager": 4,
    "merch": "3ec45162-148d-4f6d-b6bf-aa6174f5413e",
    "delivery_address": "d9a763fb-769d-4316-b83f-d0e89d7ef599",
    "request_status": "7125b0f5-7a15-440d-8d0f-89e96b0af103"
  }
},
{
  "model": "merches.merchrequest",
  "pk": "6e983088-aa32-40f6-84b6-f7029750f40c",
  "fields": {
    "manager": 4,
    "merch": "63729f71-6ac9-4b97-801b-ab5c27804b88",
    "delivery_address": "1a739930-60c2-44b3-867a-5acb97344bf8",
    "request_status": "7125b0f5-7a15-440d-8d0f-89e96b0af103"
  }
},
{
  "model": "merches.merchrequest",
  "pk": "6f3d7766-a31e-44f7-af94-2630bd3e31a9",
  "fields": {
    "manager": 4,
    "merch": "63729f71-6ac9-4b97-801b-ab5c27804b88",
    "delivery_address": "1e70c1c5-e2c8-4ea3-b7ad-c21229626a3f",
    "request_status": "7125b0f5-7a15-440d-8d0f-89e96b0af103"
  }
},
{
  "model": "merches.merchrequest",
  "pk": "70319e46-2d2e-40c6-ae71-3b20190a58b2",
  "fields": {
    "manager": 4,
    "merch": "22610a60-3eaa-4005-907a-458d25584185",
    "delivery_address": "0594fff4-65d6-432d-8902-280a3c8fcef4",
    "request_status": "7125b0f5-7a15-440d-8d0f-89e96b0af103"
  }
},
{
  "model": "merches.merchrequest",
  "pk": "7d7320d8-7479-45aa-8fa0-6fae70ccd3ef",
  "fields": {
    "manager": 4,
    "merch": "3ec45162-148d-4f6d-b6bf-aa6174f5413e",
    "delivery_address": "1e70c1c5-e2c8-4ea3-b7ad-c21229626a3f",
    "request_status": "7125b0f5-7a15-440d-8d0f-89e96b0af103"
  }
},
{
  "model": "merches.merchrequest",
  "pk": "7e4950b9-890d-45aa-a4ec-d8e4ce118ae1",
  "fields": {
    "manager": 4,
    "merch": "63729f71-6ac9-4b97-801b-ab5c27804b88",
    "delivery_address": "2a4f6d40-52ac-4969-bce6-0f199f69b997",
    "request_status": "7125b0f5-7a15-440d-8d0f-89e96b0af103"
  }
},
{
  "model": "merches.merchrequest",
  "pk": "80c4b785-a68b-43e6-af67-01fbe911b321",
  "fields": {
    "manager": 4,
    "merch": "932f4a0c-1f65-4afd-bf2e-1ee320929f01",
    "delivery_address": "2a4f6d40-52ac-4969-bce6-0f199f69b997",
    "request_status": "7125b0f5-7a15-440d-8d0f-89e96b0af103"
  }
},
{
  "model": "merches.merchrequest",
  "pk": "8447ec94-3a20-455b-884f-3a495bb3dce1",
  "fields": {
    "manager": 4,
    "merch": "22610a60-3eaa-4005-907a-458d25584185",
    "delivery_address": "e07ebc47-89c7-4906-a927-db58ed5fd29e",
    "request_status": "7125b0f5-7a15-440d-8d0f-89e96b0af103"
  }
},
{
  "model": "merches.merchrequest",
  "pk": "853f951a-156e-466b-bd3d-028ef608a60c",
  "fields": {
    "manager": 4,
    "merch": "63729f71-6ac9-4b97-801b-ab5c27804b88",
    "delivery_address": "9fc8dd41-21b7-4fa9-93f7-7a6cc19b39d9",
    "request_status": "7125b0f5-7a15-440d-8d0f-89e96b0af103"
  }
},
{
  "model": "merches.merchrequest",
  "pk": "9381fbca-9873-4d30-83e4-8449929e3319",
  "fields": {
    "manager": 4,
    "merch": "932f4a0c-1f65-4afd-bf2e-1ee320929f01",
    "delivery_address": "0594fff4-65d6-432d-8902-280a3c8fcef4",
    "request_status": "7125b0f5-7a15-440d-8d0f-89e96b0af103"
  }
},
{
  "model": "merches.merchrequest",
  "pk": "9386ff7f-50cf-4657-a4e0-8f981cddc187",
  "fields": {
    "manager": 4,
    "merch": "3ec45162-148d-4f6d-b6bf-aa6174f5413e",
    "delivery_address": "e0f176f7-6b1a-4827-bc34-71fc25375785",
    "request_status": "7125b0f5-7a15-440d-8d0f-89e96b0af103"
  }
},
{
  "model": "merches.merchrequest",
  "pk": "99db8365-ddfc-4e42-b9eb-ad7afed5632c",
  "fields": {
    "manager": 4,
    "merch": "3ec45162-148d-4f6d-b6bf-aa6174f5413e",
    "delivery_address": "2a4f6d40-52ac-4969-bce6-0f199f69b997",
    "request_status": "7125b0f5-7a15-440d-8d0f-89e96b0af103"
  }
},
{
  "model": "merches.merchrequest",
  "pk": "9abab80d-61fa-4ffd-b590-6d80ce2126c6",
  "fields": {
    "manager": 4,
    "merch": "63729f71-6ac9-4b97-801b-ab5c27804b88",
    "delivery_address": "b410f272-f13d-4181-bc42-32fbecbfba4d",
    "request_status": "7125b0f5-7a15-440d-8d0f-89e96b0af103"
  }
},
{
  "model": "merches.merchrequest",
  "pk": "9f9c1512-9741-487d-a302-50e7d6fa4dbc",
  "fields": {
    "manager": 4,
    "merch": "932f4a0c-1f65-4afd-bf2e-1ee320929f01",
    "delivery_address": "0912d3be-e19c-4f92-ba5d-6d9a7875b2cc",
    "request_status": "7125b0f5-7a15-440d-8d0f-89e96b0af103"
  }
},
{
  "model": "merches.merchrequest",
  "pk": "a273d372-7eb2-4e37-8dbc-d9bf85309e9e",
  "fields": {
    "manager": 4,
    "merch": "63729f71-6ac9-4b97-801b-ab5c27804b88",
    "delivery_address": "b5c8b180-afe9-4f9c-8cef-8ba4ebd6d94a",
    "request_status": "000add1e-695d-4b13-b4f7-2a47bda9a727"
  }
},
{
  "model": "merches.merchrequest",
  "pk": "a33f04d3-57e2-4191-a9fe-82fcd3346a7b",
  "fields": {
    "manager": 4,
    "merch": "932f4a0c-1f65-4afd-bf2e-1ee320929f01",
    "delivery_address": "6a422c9c-f9e7-4a19-91d0-120e4f3c3a83",
    "request_status": "7125b0f5-7a15-440d-8d0f-89e96b0af103"
  }
},
{
  "model": "merches.merchrequest",
  "pk": "a59e937e-e2ed-4bee-a378-60114c472a30",
  "fields": {
    "manager": 4,
    "merch": "22610a60-3eaa-4005-907a-458d25584185",
    "delivery_address": "44efa017-52c6-4309-bba9-d0986c6bdb95",
    "request_status": "7125b0f5-7a15-440d-8d0f-89e96b0af103"
  }
},
{
  "model": "merches.merchrequest",
  "pk": "a6fbd5f9-5b54-44ad-a027-03c26e4ed4c8",
  "fields": {
    "manager": 4,
    "merch": "932f4a0c-1f65-4afd-bf2e-1ee320929f01",
    "delivery_address": "b5c8b180-afe9-4f9c-8cef-8ba4ebd6d94a",
    "request_status": "000add1e-695d-4b13-b4f7-2a47bda9a727"
  }
},
{
  "model": "merches.merchrequest",
  "pk": "a81adfdf-fd37-417b-8a89-2a60f3aec185",
  "fields": {
    "manager": 4,
    "merch": "3ec45162-148d-4f6d-b6bf-aa6174f5413e",
    "delivery_address": "f019cfd5-caa9-4ebb-861a-ad6cfb595ff6",
    "request_status": "7125b0f5-7a15-440d-8d0f-89e96b0af103"
  }
},
{
  "model": "merches.merchrequest",
  "pk": "ac43461e-3903-425e-9b4c-aaffcc5b8b02",
  "fields": {
    "manager": 4,
    "merch": "63729f71-6ac9-4b97-801b-ab5c27804b88",
    "delivery_address": "6a422c9c-f9e7-4a19-91d0-120e4f3c3a83",
    "request_status": "7125b0f5-7a15-440d-8d0f-89e96b0af103"
  }
},
{
  "model": "merches.merchrequest",
  "pk": "b17f053f-2b3c-4b86-b9fc-687b880015c1",
  "fields": {
    "manager": 4,
    "merch": "3ec45162-148d-4f6d-b6bf-aa6174f5413e",
    "delivery_address": "6a422c9c-f9e7-4a19-91d0-120e4f3c3a83",
    "request_status": "7125b0f5-7a15-440d-8d0f-89e96b0af103"
  }
},
{
  "model": "merches.merchrequest",
  "pk": "b1dc924b-3e4b-42a7-9120-dc5a10c1253c",
  "fields": {
    "manager": 4,
    "merch": "63729f71-6ac9-4b97-801b-ab5c27804b88",
    "delivery_address": "86e9678b-b684-456f-a7be-e4c790c08356",
    "request_status": "7125b0f5-7a15-440d-8d0f-89e96b0af103"
  }
},
{
  "model": "merches.merchrequest",
  "pk": "b29dcad0-0709-4985-a659-c850c353003e",
  "fields": {
    "manager": 4,
    "merch": "3ec45162-148d-4f6d-b6bf-aa6174f5413e",
    "delivery_address": "b410f272-f13d-4181-bc42-32fbecbfba4d",
    "request_status": "7125b0f5-7a15-440d-8d0f-89e96b0af103"
  }
},
{
  "model": "merches.merchrequest",
  "pk": "b3f3a73e-1946-4630-9296-a40736d0c315",
  "fields": {
    "manager": 4,
    "merch": "63729f71-6ac9-4b97-801b-ab5c27804b88",
    "delivery_address": "5c0ee7ea-257d-47d3-8616-e481c0960ffd",
    "request_status": "7125b0f5-7a15-440d-8d0f-89e96b0af103"
  }
},
{
  "model": "merches.merchrequest",
  "pk": "b6b1a2c0-ab78-4268-840a-fb14bb5ea196",
  "fields": {
    "manager": 4,
    "merch": "932f4a0c-1f65-4afd-bf2e-1ee320929f01",
    "delivery_address": "1a739930-60c2-44b3-867a-5acb97344bf8",
    "request_status": "7125b0f5-7a15-440d-8d0f-89e96b0af103"
  }
},
{
  "model": "merches.merchrequest",
  "pk": "bc2493ca-cb19-41a9-bb37-50ad40054216",
  "fields": {
    "manager": 4,
    "merch": "932f4a0c-1f65-4afd-bf2e-1ee320929f01",
    "delivery_address": "1e70c1c5-e2c8-4ea3-b7ad-c21229626a3f",
    "request_status": "7125b0f5-7a15-440d-8d0f-89e96b0af103"
  }
},
{
  "model": "merches.merchrequest",
  "pk": "bd197cbb-e826-4e69-9405-b13561e8af5d",
  "fields": {
    "manager": 4,
    "merch": "63729f71-6ac9-4b97-801b-ab5c27804b88",
    "delivery_address": "f019cfd5-caa9-4ebb-861a-ad6cfb595ff6",
    "request_status": "7125b0f5-7a15-440d-8d0f-89e96b0af103"
  }
},
{
  "model": "merches.merchrequest",
  "pk": "c35e844b-6403-491e-ae01-1a7f539bd35f",
  "fields": {
    "manager": 4,
    "merch": "22610a60-3eaa-4005-907a-458d25584185",
    "delivery_address": "6a422c9c-f9e7-4a19-91d0-120e4f3c3a83",
    "request_status": "7125b0f5-7a15-440d-8d0f-89e96b0af103"
  }
},
{
  "model": "merches.merchrequest",
  "pk": "c963eb32-70f6-4fea-aa7f-95ea0a227efd",
  "fields": {
    "manager": 4,
    "merch": "3ec45162-148d-4f6d-b6bf-aa6174f5413e",
    "delivery_address": "e07ebc47-89c7-4906-a927-db58ed5fd29e",
    "request_status": "7125b0f5-7a15-440d-8d0f-89e96b0af103"
  }
},
{
  "model": "merches.merchrequest",
  "pk": "d1693948-14c7-4726-86fb-3a3bde7958dc",
  "fields": {
    "manager": 4,
    "merch": "3ec45162-148d-4f6d-b6bf-aa6174f5413e",
    "delivery_address": "5c0ee7ea-257d-47d3-8616-e481c0960ffd",
    "request_status": "7125b0f5-7a15-440d-8d0f-89e96b0af103"
  }
},
{
  "model": "merches.merchrequest",
  "pk": "d60bf861-690e-441a-9394-7141f7a4df09",
  "fields": {
    "manager": 4,
    "merch": "22610a60-3eaa-4005-907a-458d25584185",
    "delivery_address": "2a4f6d40-52ac-4969-bce6-0f199f69b997",
    "request_status": "7125b0f5-7a15-440d-8d0f-89e96b0af103"
  }
},
{
  "model": "merches.merchrequest",
  "pk": "d6e8c13c-a85c-4d9a-b801-7b63a9a7c324",
  "fields": {
    "manager": 4,
    "merch": "3ec45162-148d-4f6d-b6bf-aa6174f5413e",
    "delivery_address": "9fc8dd41-21b7-4fa9-93f7-7a6cc19b39d9",
    "request_status": "7125b0f5-7a15-440d-8d0f-89e96b0af103"
  }
},
{
  "model": "merches.merchrequest",
  "pk": "e36d59d7-8bcb-45c3-a50a-476141676f69",
  "fields": {
    "manager": 4,
    "merch": "63729f71-6ac9-4b97-801b-ab5c27804b88",
    "delivery_address": "44efa017-52c6-4309-bba9-d0986c6bdb95",
    "request_status": "7125b0f5-7a15-440d-8d0f-89e96b0af103"
  }
},
{
  "model": "merches.merchrequest",
  "pk": "ea7c7f8a-9c66-4c7b-b6ac-d5417f0a673c",
  "fields": {
    "manager": 4,
    "merch": "22610a60-3eaa-4005-907a-458d25584185",
    "delivery_address": "e0f176f7-6b1a-4827-bc34-71fc25375785",
    "request_status": "7125b0f5-7a15-440d-8d0f-89e96b0af103"
  }
},
{
  "model": "merches.merchrequest",
  "pk": "f44c80e5-08d8-4188-8dd9-58316a5862c3",
  "fields": {
    "manager": 4,
    "merch": "63729f71-6ac9-4b97-801b-ab5c27804b88",
    "delivery_address": "d9a763fb-769d-4316-b83f-d0e89d7ef599",
    "request_status": "7125b0f5-7a15-440d-8d0f-89e96b0af103"
  }
},
{
  "model": "merches.merchrequest",
  "pk": "f65644ca-2778-4679-ac63-c6d21b1c2fe1",
  "fields": {
    "manager": 4,
    "merch": "63729f71-6ac9-4b97-801b-ab5c27804b88",
    "delivery_address": "475266a0-5b9a-40cf-a806-72ff5a79b690",
    "request_status": "7125b0f5-7a15-440d-8d0f-89e96b0af103"
  }
},
{
  "model": "merches.merchrequest",
  "pk": "fbb1462a-d9a7-4232-9a3c-10c9ebcaaf1f",
  "fields": {
    "manager": 4,
    "merch": "63729f71-6ac9-4b97-801b-ab5c27804b88",
    "delivery_address": "e0f176f7-6b1a-4827-bc34-71fc25375785",
    "request_status": "7125b0f5-7a15-440d-8d0f-89e96b0af103"
  }
},
{
  "model": "merches.ambassadorrequest",
  "pk": "03e66f49-c7db-43b4-a642-8cdc8954951d",
  "fields": {
    "merch_request": "34950582-2d6e-4899-93ad-c115990c8099",
    "ambassador": "737f4bac-db02-4c1e-be09-c29776e78607",
    "assignment_date": "2023-12-22"
  }
},
{
  "model": "merches.ambassadorrequest",
  "pk": "0449d859-0393-48ec-a2ca-e3102e4c0e23",
  "fields": {
    "merch_request": "853f951a-156e-466b-bd3d-028ef608a60c",
    "ambassador": "737f4bac-db02-4c1e-be09-c29776e78607",
    "assignment_date": "2023-11-01"
  }
},
{
  "model": "merches.ambassadorrequest",
  "pk": "0e21bc07-2932-42f7-8aba-ec335a115d08",
  "fields": {
    "merch_request": "61ebee2a-6871-44de-924f-8b9ac3ef5558",
    "ambassador": "baf23446-1d0e-449e-a2e1-a5b59da25731",
    "assignment_date": "2023-10-09"
  }
},
{
  "model": "merches.ambassadorrequest",
  "pk": "0f5f5ed9-bff3-450c-8f05-f3a5748211fe",
  "fields": {
    "merch_request": "497cfd67-a7da-4132-b830-11485c8d24d3",
    "ambassador": "d9eeb75e-b9fd-42f9-a273-be47bbce5844",
    "assignment_date": "2023-10-06"
  }
},
{
  "model": "merches.ambassadorrequest",
  "pk": "15665ffc-a3f8-4ed5-b90d-3246c5aad991",
  "fields": {
    "merch_request": "ea7c7f8a-9c66-4c7b-b6ac-d5417f0a673c",
    "ambassador": "001d2abd-2834-43ca-b123-f087991d1ac8",
    "assignment_date": "2023-04-08"
  }
},
{
  "model": "merches.ambassadorrequest",
  "pk": "1bf9709a-412d-47a8-965f-92112ac12918",
  "fields": {
    "merch_request": "7e4950b9-890d-45aa-a4ec-d8e4ce118ae1",
    "ambassador": "fc27e8fb-e269-41be-9306-d8218f7ea72f",
    "assignment_date": "2023-09-23"
  }
},
{
  "model": "merches.ambassadorrequest",
  "pk": "1d0ea3f1-f8b1-4611-a753-cb43bb226c96",
  "fields": {
    "merch_request": "b1dc924b-3e4b-42a7-9120-dc5a10c1253c",
    "ambassador": "5afd2292-acf4-4764-a0d8-9cb08dd34f8b",
    "assignment_date": "2024-02-12"
  }
},
{
  "model": "merches.ambassadorrequest",
  "pk": "1dca1b8a-96c5-4c65-8929-19186a5bad68",
  "fields": {
    "merch_request": "35c88c59-0e6c-4c68-9f91-1efd669999c4",
    "ambassador": "73059e0e-5644-488a-8b6c-798454313c7e",
    "assignment_date": "2023-07-02"
  }
},
{
  "model": "merches.ambassadorrequest",
  "pk": "1facc436-662d-4e5c-8b5f-4fbb4c601690",
  "fields": {
    "merch_request": "6cc4dea9-a5ef-46be-a9bd-aaecc6c127a1",
    "ambassador": "b072e354-1572-41cc-9e0b-a37f53a26135",
    "assignment_date": "2024-02-19"
  }
},
{
  "model": "merches.ambassadorrequest",
  "pk": "213cd203-c529-4407-b9e8-c95cc5ffdbe8",
  "fields": {
    "merch_request": "b3f3a73e-1946-4630-9296-a40736d0c315",
    "ambassador": "baf23446-1d0e-449e-a2e1-a5b59da25731",
    "assignment_date": "2023-10-09"
  }
},
{
  "model": "merches.ambassadorrequest",
  "pk": "25d3b7df-2886-4a9d-b569-bb1e58305383",
  "fields": {
    "merch_request": "54232df8-12bc-421e-8151-a567ef4d60e3",
    "ambassador": "b705ecbf-65e0-477d-a5d6-f808ac83e236",
    "assignment_date": "2023-12-18"
  }
},
{
  "model": "merches.ambassadorrequest",
  "pk": "26eb5134-4b58-49cf-97a5-073e90a2ef17",
  "fields": {
    "merch_request": "bd197cbb-e826-4e69-9405-b13561e8af5d",
    "ambassador": "b072e354-1572-41cc-9e0b-a37f53a26135",
    "assignment_date": "2024-02-19"
  }
},
{
  "model": "merches.ambassadorrequest",
  "pk": "27809fe2-c0a1-438c-97c5-a0df3521817b",
  "fields": {
    "merch_request": "50b884fd-d82e-4d2f-a0b0-b0473a690c23",
    "ambassador": "92ed951d-6e62-4772-9453-2a6875796247",
    "assignment_date": "2023-12-04"
  }
},
{
  "model": "merches.ambassadorrequest",
  "pk": "3523d242-61fc-4f6f-b175-fbe4b5456f2f",
  "fields": {
    "merch_request": "359f491c-cd88-4580-bd3c-28399957c92f",
    "ambassador": "5afd2292-acf4-4764-a0d8-9cb08dd34f8b",
    "assignment_date": "2024-02-12"
  }
},
{
  "model": "merches.ambassadorrequest",
  "pk": "36d016d6-8ab9-4538-b14b-d8a816ef881a",
  "fields": {
    "merch_request": "d6e8c13c-a85c-4d9a-b801-7b63a9a7c324",
    "ambassador": "737f4bac-db02-4c1e-be09-c29776e78607",
    "assignment_date": "2023-11-01"
  }
},
{
  "model": "merches.ambassadorrequest",
  "pk": "41c4b6bd-cddd-4730-acb0-163aa265fe6c",
  "fields": {
    "merch_request": "80c4b785-a68b-43e6-af67-01fbe911b321",
    "ambassador": "fc27e8fb-e269-41be-9306-d8218f7ea72f",
    "assignment_date": "2023-09-23"
  }
},
{
  "model": "merches.ambassadorrequest",
  "pk": "47c3d548-450a-40d4-901e-4463d6042eea",
  "fields": {
    "merch_request": "a59e937e-e2ed-4bee-a378-60114c472a30",
    "ambassador": "d9eeb75e-b9fd-42f9-a273-be47bbce5844",
    "assignment_date": "2023-11-20"
  }
},
{
  "model": "merches.ambassadorrequest",
  "pk": "4abdc356-f06d-4994-8e53-3845b6f08778",
  "fields": {
    "merch_request": "1eaac82f-90ab-46a8-aeb8-535ddb3970cc",
    "ambassador": "baf23446-1d0e-449e-a2e1-a5b59da25731",
    "assignment_date": "2023-12-22"
  }
},
{
  "model": "merches.ambassadorrequest",
  "pk": "4d0ebd7a-8a8d-4651-9682-66148b930b4e",
  "fields": {
    "merch_request": "60ef8c7e-6425-4edf-8169-cf9c926c45b9",
    "ambassador": "001d2abd-2834-43ca-b123-f087991d1ac8",
    "assignment_date": "2023-06-15"
  }
},
{
  "model": "merches.ambassadorrequest",
  "pk": "4f3693f7-d74e-456b-91f2-8b5e0490aefe",
  "fields": {
    "merch_request": "a6fbd5f9-5b54-44ad-a027-03c26e4ed4c8",
    "ambassador": "198d61a6-f686-4c42-952b-939f89bd77b5",
    "assignment_date": "2024-03-04"
  }
},
{
  "model": "merches.ambassadorrequest",
  "pk": "5184a8eb-e590-40f0-b9f1-7b3cce15d8ea",
  "fields": {
    "merch_request": "99db8365-ddfc-4e42-b9eb-ad7afed5632c",
    "ambassador": "fc27e8fb-e269-41be-9306-d8218f7ea72f",
    "assignment_date": "2023-09-23"
  }
},
{
  "model": "merches.ambassadorrequest",
  "pk": "595c9fd3-5d95-45ab-928d-1959dcd9ea3c",
  "fields": {
    "merch_request": "b17f053f-2b3c-4b86-b9fc-687b880015c1",
    "ambassador": "20dec1f2-bb7d-4cbd-b0ba-eebc8ed4ee84",
    "assignment_date": "2023-12-18"
  }
},
{
  "model": "merches.ambassadorrequest",
  "pk": "5adc25dc-cf9d-4480-8264-5263bde79d0e",
  "fields": {
    "merch_request": "f65644ca-2778-4679-ac63-c6d21b1c2fe1",
    "ambassador": "3bf3b298-fddf-4d37-93d9-a1fceb81189b",
    "assignment_date": "2023-12-01"
  }
},
{
  "model": "merches.ambassadorrequest",
  "pk": "60c3050d-d4b7-4756-9d10-270fcee48399",
  "fields": {
    "merch_request": "9381fbca-9873-4d30-83e4-8449929e3319",
    "ambassador": "b705ecbf-65e0-477d-a5d6-f808ac83e236",
    "assignment_date": "2023-12-18"
  }
},
{
  "model": "merches.ambassadorrequest",
  "pk": "63da4a56-9217-48a3-9cb9-3a628dedf043",
  "fields": {
    "merch_request": "1075a704-2de8-4d02-9667-bc09d2b80f9a",
    "ambassador": "92ed951d-6e62-4772-9453-2a6875796247",
    "assignment_date": "2023-12-04"
  }
},
{
  "model": "merches.ambassadorrequest",
  "pk": "6dc3b3d6-2166-434d-9781-d819c182c5fc",
  "fields": {
    "merch_request": "a81adfdf-fd37-417b-8a89-2a60f3aec185",
    "ambassador": "b072e354-1572-41cc-9e0b-a37f53a26135",
    "assignment_date": "2024-02-19"
  }
},
{
  "model": "merches.ambassadorrequest",
  "pk": "709802fb-2b79-4d59-a233-2a089928251c",
  "fields": {
    "merch_request": "61c3478e-dcca-4f05-bd6a-57ba0f1de725",
    "ambassador": "d9eeb75e-b9fd-42f9-a273-be47bbce5844",
    "assignment_date": "2023-10-06"
  }
},
{
  "model": "merches.ambassadorrequest",
  "pk": "756df42e-19e2-41d6-8746-3d1c041e356f",
  "fields": {
    "merch_request": "fbb1462a-d9a7-4232-9a3c-10c9ebcaaf1f",
    "ambassador": "001d2abd-2834-43ca-b123-f087991d1ac8",
    "assignment_date": "2023-02-20"
  }
},
{
  "model": "merches.ambassadorrequest",
  "pk": "756ebaea-c64d-45f8-8afc-343819e6b5f4",
  "fields": {
    "merch_request": "24048470-4aba-4cf4-a526-994a3c1e382d",
    "ambassador": "5afd2292-acf4-4764-a0d8-9cb08dd34f8b",
    "assignment_date": "2024-02-12"
  }
},
{
  "model": "merches.ambassadorrequest",
  "pk": "775b3828-ebee-4728-acd2-6da3132615c9",
  "fields": {
    "merch_request": "d60bf861-690e-441a-9394-7141f7a4df09",
    "ambassador": "fc27e8fb-e269-41be-9306-d8218f7ea72f",
    "assignment_date": "2023-11-04"
  }
},
{
  "model": "merches.ambassadorrequest",
  "pk": "7ac4df29-9925-41ea-8d27-1baf57c33ac9",
  "fields": {
    "merch_request": "359c53b1-7183-49ab-a3af-b76fbc0349e4",
    "ambassador": "28f86d31-733b-4a91-95c1-3f98a26ec921",
    "assignment_date": "2024-01-15"
  }
},
{
  "model": "merches.ambassadorrequest",
  "pk": "7fa4aa06-274b-4afb-9d09-748af23520e3",
  "fields": {
    "merch_request": "2c7d279b-a323-4b99-91e0-229624ae7d0c",
    "ambassador": "3bf3b298-fddf-4d37-93d9-a1fceb81189b",
    "assignment_date": "2023-12-01"
  }
},
{
  "model": "merches.ambassadorrequest",
  "pk": "82fa6e77-c2d7-45fb-bd29-71d5e3b997ea",
  "fields": {
    "merch_request": "328646ec-4d6a-413f-b0e2-5a127fa97c92",
    "ambassador": "73059e0e-5644-488a-8b6c-798454313c7e",
    "assignment_date": "2023-03-30"
  }
},
{
  "model": "merches.ambassadorrequest",
  "pk": "8b4d22be-6496-45d5-a689-21ff9dc460ac",
  "fields": {
    "merch_request": "59996af6-b79b-498b-a9f6-d560a71db062",
    "ambassador": "737f4bac-db02-4c1e-be09-c29776e78607",
    "assignment_date": "2023-12-01"
  }
},
{
  "model": "merches.ambassadorrequest",
  "pk": "8e1dd2a8-1845-48e4-a25d-981a6af51b5f",
  "fields": {
    "merch_request": "341f19aa-8be0-4e0b-a24d-d6b707b72e16",
    "ambassador": "3bf3b298-fddf-4d37-93d9-a1fceb81189b",
    "assignment_date": "2024-01-27"
  }
},
{
  "model": "merches.ambassadorrequest",
  "pk": "919a9f15-be39-4845-b24b-a20703345e5f",
  "fields": {
    "merch_request": "2c7d279b-a323-4b99-91e0-229624ae7d0c",
    "ambassador": "198d61a6-f686-4c42-952b-939f89bd77b5",
    "assignment_date": "2024-03-04"
  }
},
{
  "model": "merches.ambassadorrequest",
  "pk": "92354f21-450b-43f0-ac38-fea7784a284e",
  "fields": {
    "merch_request": "9abab80d-61fa-4ffd-b590-6d80ce2126c6",
    "ambassador": "28f86d31-733b-4a91-95c1-3f98a26ec921",
    "assignment_date": "2024-01-15"
  }
},
{
  "model": "merches.ambassadorrequest",
  "pk": "93778ff2-f2cb-4bc7-b993-65b4450c828c",
  "fields": {
    "merch_request": "c963eb32-70f6-4fea-aa7f-95ea0a227efd",
    "ambassador": "92ed951d-6e62-4772-9453-2a6875796247",
    "assignment_date": "2023-12-04"
  }
},
{
  "model": "merches.ambassadorrequest",
  "pk": "9903878e-0508-4ac3-859d-13d7cea8a5d3",
  "fields": {
    "merch_request": "ac43461e-3903-425e-9b4c-aaffcc5b8b02",
    "ambassador": "20dec1f2-bb7d-4cbd-b0ba-eebc8ed4ee84",
    "assignment_date": "2023-12-18"
  }
},
{
  "model": "merches.ambassadorrequest",
  "pk": "a1b553aa-838a-4b98-9556-98e1cdb7ad8c",
  "fields": {
    "merch_request": "0102db54-f714-4c72-98ab-fd1ed6def5ec",
    "ambassador": "73059e0e-5644-488a-8b6c-798454313c7e",
    "assignment_date": "2023-05-04"
  }
},
{
  "model": "merches.ambassadorrequest",
  "pk": "a5b6588b-b04b-4d8b-8644-246af2b9d984",
  "fields": {
    "merch_request": "9f9c1512-9741-487d-a302-50e7d6fa4dbc",
    "ambassador": "73059e0e-5644-488a-8b6c-798454313c7e",
    "assignment_date": "2023-03-30"
  }
},
{
  "model": "merches.ambassadorrequest",
  "pk": "aee0ba75-ee40-45dd-a8bd-66e27c722924",
  "fields": {
    "merch_request": "9386ff7f-50cf-4657-a4e0-8f981cddc187",
    "ambassador": "001d2abd-2834-43ca-b123-f087991d1ac8",
    "assignment_date": "2023-02-20"
  }
},
{
  "model": "merches.ambassadorrequest",
  "pk": "af2d20ca-c2c7-42a4-b81c-dc53e5fcd31b",
  "fields": {
    "merch_request": "c35e844b-6403-491e-ae01-1a7f539bd35f",
    "ambassador": "20dec1f2-bb7d-4cbd-b0ba-eebc8ed4ee84",
    "assignment_date": "2024-02-11"
  }
},
{
  "model": "merches.ambassadorrequest",
  "pk": "ba512028-3cc4-49f6-a8df-f5139e621c93",
  "fields": {
    "merch_request": "a33f04d3-57e2-4191-a9fe-82fcd3346a7b",
    "ambassador": "20dec1f2-bb7d-4cbd-b0ba-eebc8ed4ee84",
    "assignment_date": "2023-12-18"
  }
},
{
  "model": "merches.ambassadorrequest",
  "pk": "c34f2dd1-4a6c-4f59-8b0a-b0a5a1354adc",
  "fields": {
    "merch_request": "a273d372-7eb2-4e37-8dbc-d9bf85309e9e",
    "ambassador": "198d61a6-f686-4c42-952b-939f89bd77b5",
    "assignment_date": "2024-03-04"
  }
},
{
  "model": "merches.ambassadorrequest",
  "pk": "c428ce45-e9b0-4bd9-bb4c-ce1133672eba",
  "fields": {
    "merch_request": "61ebee2a-6871-44de-924f-8b9ac3ef5558",
    "ambassador": "baf23446-1d0e-449e-a2e1-a5b59da25731",
    "assignment_date": "2023-10-09"
  }
},
{
  "model": "merches.ambassadorrequest",
  "pk": "c6f58230-2216-4c75-abef-4e37bc0d4df7",
  "fields": {
    "merch_request": "b6b1a2c0-ab78-4268-840a-fb14bb5ea196",
    "ambassador": "a4918e6e-1b4a-4b16-a030-b1ee47f32a89",
    "assignment_date": "2024-01-29"
  }
},
{
  "model": "merches.ambassadorrequest",
  "pk": "c8309870-60a4-4d52-b847-3a22c6579f65",
  "fields": {
    "merch_request": "70319e46-2d2e-40c6-ae71-3b20190a58b2",
    "ambassador": "b705ecbf-65e0-477d-a5d6-f808ac83e236",
    "assignment_date": "2024-02-14"
  }
},
{
  "model": "merches.ambassadorrequest",
  "pk": "cb2922ce-8fcc-49eb-bfb4-9be34d3edc67",
  "fields": {
    "merch_request": "a6fbd5f9-5b54-44ad-a027-03c26e4ed4c8",
    "ambassador": "3bf3b298-fddf-4d37-93d9-a1fceb81189b",
    "assignment_date": "2023-12-01"
  }
},
{
  "model": "merches.ambassadorrequest",
  "pk": "cb7b874c-cfda-4572-a963-fd9b353a1fa4",
  "fields": {
    "merch_request": "d1693948-14c7-4726-86fb-3a3bde7958dc",
    "ambassador": "baf23446-1d0e-449e-a2e1-a5b59da25731",
    "assignment_date": "2023-10-09"
  }
},
{
  "model": "merches.ambassadorrequest",
  "pk": "ce3d6e23-0952-4617-9e5a-53ed33106b9d",
  "fields": {
    "merch_request": "e36d59d7-8bcb-45c3-a50a-476141676f69",
    "ambassador": "d9eeb75e-b9fd-42f9-a273-be47bbce5844",
    "assignment_date": "2023-10-06"
  }
},
{
  "model": "merches.ambassadorrequest",
  "pk": "d6b9711b-cae7-461a-80cb-3cf9d491bac8",
  "fields": {
    "merch_request": "4ce215f6-90e3-4ca4-accb-7da4b078ad6c",
    "ambassador": "b705ecbf-65e0-477d-a5d6-f808ac83e236",
    "assignment_date": "2023-12-18"
  }
},
{
  "model": "merches.ambassadorrequest",
  "pk": "d6c39bce-de4b-4c79-8907-ba3ead724456",
  "fields": {
    "merch_request": "285bbe8f-5968-4d62-830f-f31aba39f7bf",
    "ambassador": "001d2abd-2834-43ca-b123-f087991d1ac8",
    "assignment_date": "2023-02-20"
  }
},
{
  "model": "merches.ambassadorrequest",
  "pk": "d901eca1-c7cf-42c2-b7d5-a45e2b062d18",
  "fields": {
    "merch_request": "6e983088-aa32-40f6-84b6-f7029750f40c",
    "ambassador": "a4918e6e-1b4a-4b16-a030-b1ee47f32a89",
    "assignment_date": "2024-01-29"
  }
},
{
  "model": "merches.ambassadorrequest",
  "pk": "dc46088e-3fb2-433e-ad6d-78ceb80fc6e9",
  "fields": {
    "merch_request": "56d46ae6-d624-4e90-911e-99740f74cd0c",
    "ambassador": "73059e0e-5644-488a-8b6c-798454313c7e",
    "assignment_date": "2023-03-30"
  }
},
{
  "model": "merches.ambassadorrequest",
  "pk": "ecda458f-05b7-45e8-9f2d-7b454a7469fa",
  "fields": {
    "merch_request": "8447ec94-3a20-455b-884f-3a495bb3dce1",
    "ambassador": "92ed951d-6e62-4772-9453-2a6875796247",
    "assignment_date": "2024-01-28"
  }
},
{
  "model": "merches.ambassadorrequest",
  "pk": "fae2058e-6cb8-4337-b891-c1c51392f06b",
  "fields": {
    "merch_request": "1f44e918-c6fe-4a51-ab1a-dc0cb42e80ea",
    "ambassador": "a4918e6e-1b4a-4b16-a030-b1ee47f32a89",
    "assignment_date": "2024-01-29"
  }
},
{
  "model": "merches.ambassadorrequest",
  "pk": "fec14f0e-faa5-44fd-a26b-982cb2188bae",
  "fields": {
    "merch_request": "b29dcad0-0709-4985-a659-c850c353003e",
    "ambassador": "28f86d31-733b-4a91-95c1-3f98a26ec921",
    "assignment_date": "2024-01-15"
  }
},
{
  "model": "merches.deliveryhistory",
  "pk": "04316074-5f75-420f-b021-6dfd39b82925",
  "fields": {
    "merch_request": "5aaf3ed3-0dff-4538-b61e-5256cb752068",
    "delivery_status": "7125b0f5-7a15-440d-8d0f-89e96b0af103",
    "assignment_date": "2024-02-19"
  }
},
{
  "model": "merches.deliveryhistory",
  "pk": "06c60d39-ea25-4e12-9e15-543a185fc303",
  "fields": {
    "merch_request": "1075a704-2de8-4d02-9667-bc09d2b80f9a",
    "delivery_status": "7125b0f5-7a15-440d-8d0f-89e96b0af103",
    "assignment_date": "2023-12-04"
  }
},
{
  "model": "merches.deliveryhistory",
  "pk": "0714457f-0c33-4297-8d6b-f0874a65f59f",
  "fields": {
    "merch_request": "80c4b785-a68b-43e6-af67-01fbe911b321",
    "delivery_status": "7125b0f5-7a15-440d-8d0f-89e96b0af103",
    "assignment_date": "2023-09-23"
  }
},
{
  "model": "merches.deliveryhistory",
  "pk": "0ad50825-de63-46d5-939a-3589fccd61f2",
  "fields": {
    "merch_request": "6cc4dea9-a5ef-46be-a9bd-aaecc6c127a1",
    "delivery_status": "7125b0f5-7a15-440d-8d0f-89e96b0af103",
    "assignment_date": "2024-02-19"
  }
},
{
  "model": "merches.deliveryhistory",
  "pk": "0e9e9f3b-3043-4bcc-ae17-b260173286d8",
  "fields": {
    "merch_request": "8447ec94-3a20-455b-884f-3a495bb3dce1",
    "delivery_status": "7125b0f5-7a15-440d-8d0f-89e96b0af103",
    "assignment_date": "2024-01-28"
  }
},
{
  "model": "merches.deliveryhistory",
  "pk": "0f96156c-08eb-4bdd-a0ac-86d5821860f9",
  "fields": {
    "merch_request": "513f5040-2a28-4959-ba7c-4469690512ba",
    "delivery_status": "7125b0f5-7a15-440d-8d0f-89e96b0af103",
    "assignment_date": "2023-12-01"
  }
},
{
  "model": "merches.deliveryhistory",
  "pk": "1061fea0-faa7-4a3c-a8fb-62f70317ecae",
  "fields": {
    "merch_request": "341f19aa-8be0-4e0b-a24d-d6b707b72e16",
    "delivery_status": "7125b0f5-7a15-440d-8d0f-89e96b0af103",
    "assignment_date": "2024-01-27"
  }
},
{
  "model": "merches.deliveryhistory",
  "pk": "148a1707-bda6-469e-a972-fac4481df577",
  "fields": {
    "merch_request": "24048470-4aba-4cf4-a526-994a3c1e382d",
    "delivery_status": "7125b0f5-7a15-440d-8d0f-89e96b0af103",
    "assignment_date": "2024-02-12"
  }
},
{
  "model": "merches.deliveryhistory",
  "pk": "15a740f9-e32b-4c8c-885a-d7f17c1ba4d7",
  "fields": {
    "merch_request": "359c53b1-7183-49ab-a3af-b76fbc0349e4",
    "delivery_status": "7125b0f5-7a15-440d-8d0f-89e96b0af103",
    "assignment_date": "2024-01-15"
  }
},
{
  "model": "merches.deliveryhistory",
  "pk": "17f403cd-62c4-4ce8-8393-3d6d5ce643b9",
  "fields": {
    "merch_request": "d6e8c13c-a85c-4d9a-b801-7b63a9a7c324",
    "delivery_status": "7125b0f5-7a15-440d-8d0f-89e96b0af103",
    "assignment_date": "2023-11-01"
  }
},
{
  "model": "merches.deliveryhistory",
  "pk": "188fd210-0c25-46f2-ae8c-c90c372b5fba",
  "fields": {
    "merch_request": "ac43461e-3903-425e-9b4c-aaffcc5b8b02",
    "delivery_status": "7125b0f5-7a15-440d-8d0f-89e96b0af103",
    "assignment_date": "2023-12-18"
  }
},
{
  "model": "merches.deliveryhistory",
  "pk": "225d2cf8-c011-473f-bb1e-4ffc2d47ddc9",
  "fields": {
    "merch_request": "6e78019e-a3ab-474c-a36f-858ab026f1a0",
    "delivery_status": "7125b0f5-7a15-440d-8d0f-89e96b0af103",
    "assignment_date": "2024-02-19"
  }
},
{
  "model": "merches.deliveryhistory",
  "pk": "227df7dd-9a59-4417-9c63-223733598e76",
  "fields": {
    "merch_request": "b6b1a2c0-ab78-4268-840a-fb14bb5ea196",
    "delivery_status": "7125b0f5-7a15-440d-8d0f-89e96b0af103",
    "assignment_date": "2024-01-29"
  }
},
{
  "model": "merches.deliveryhistory",
  "pk": "25dcab99-ad1c-4960-87c6-cad268951a28",
  "fields": {
    "merch_request": "9381fbca-9873-4d30-83e4-8449929e3319",
    "delivery_status": "7125b0f5-7a15-440d-8d0f-89e96b0af103",
    "assignment_date": "2023-12-18"
  }
},
{
  "model": "merches.deliveryhistory",
  "pk": "2a052c11-9a3f-426e-8fcf-6c65eab622af",
  "fields": {
    "merch_request": "6e983088-aa32-40f6-84b6-f7029750f40c",
    "delivery_status": "7125b0f5-7a15-440d-8d0f-89e96b0af103",
    "assignment_date": "2024-01-29"
  }
},
{
  "model": "merches.deliveryhistory",
  "pk": "35355f07-3957-40f8-918d-97ff2bab0ee3",
  "fields": {
    "merch_request": "c35e844b-6403-491e-ae01-1a7f539bd35f",
    "delivery_status": "7125b0f5-7a15-440d-8d0f-89e96b0af103",
    "assignment_date": "2024-02-11"
  }
},
{
  "model": "merches.deliveryhistory",
  "pk": "3b773934-a208-4268-baf7-3feb823a353a",
  "fields": {
    "merch_request": "9f9c1512-9741-487d-a302-50e7d6fa4dbc",
    "delivery_status": "7125b0f5-7a15-440d-8d0f-89e96b0af103",
    "assignment_date": "2023-03-30"
  }
},
{
  "model": "merches.deliveryhistory",
  "pk": "3dce2c02-2224-4535-be2e-cec204577c7e",
  "fields": {
    "merch_request": "bc2493ca-cb19-41a9-bb37-50ad40054216",
    "delivery_status": "7125b0f5-7a15-440d-8d0f-89e96b0af103",
    "assignment_date": "2024-02-20"
  }
},
{
  "model": "merches.deliveryhistory",
  "pk": "3edfd968-5ab4-4c7f-8e35-d8603a4d01b1",
  "fields": {
    "merch_request": "328646ec-4d6a-413f-b0e2-5a127fa97c92",
    "delivery_status": "7125b0f5-7a15-440d-8d0f-89e96b0af103",
    "assignment_date": "2023-03-30"
  }
},
{
  "model": "merches.deliveryhistory",
  "pk": "413e7426-aded-4020-93bc-421ae58bc980",
  "fields": {
    "merch_request": "f65644ca-2778-4679-ac63-c6d21b1c2fe1",
    "delivery_status": "7125b0f5-7a15-440d-8d0f-89e96b0af103",
    "assignment_date": "2023-12-01"
  }
},
{
  "model": "merches.deliveryhistory",
  "pk": "42aad306-61f1-40d7-933f-b24b90390115",
  "fields": {
    "merch_request": "60ef8c7e-6425-4edf-8169-cf9c926c45b9",
    "delivery_status": "7125b0f5-7a15-440d-8d0f-89e96b0af103",
    "assignment_date": "2023-06-15"
  }
},
{
  "model": "merches.deliveryhistory",
  "pk": "42b3a2cd-16c3-41c4-af11-ea17b5dabaee",
  "fields": {
    "merch_request": "b29dcad0-0709-4985-a659-c850c353003e",
    "delivery_status": "7125b0f5-7a15-440d-8d0f-89e96b0af103",
    "assignment_date": "2024-01-15"
  }
},
{
  "model": "merches.deliveryhistory",
  "pk": "47c86f73-4ecb-43b0-9d25-1c9a84263c0b",
  "fields": {
    "merch_request": "a6fbd5f9-5b54-44ad-a027-03c26e4ed4c8",
    "delivery_status": "000add1e-695d-4b13-b4f7-2a47bda9a727",
    "assignment_date": "2024-02-29"
  }
},
{
  "model": "merches.deliveryhistory",
  "pk": "4939af35-fcf4-4398-979a-64e874d58680",
  "fields": {
    "merch_request": "2c902f17-65f3-431f-b412-65cede01ef59",
    "delivery_status": "7125b0f5-7a15-440d-8d0f-89e96b0af103",
    "assignment_date": "2023-12-01"
  }
},
{
  "model": "merches.deliveryhistory",
  "pk": "4b98463c-636e-47a4-bb2c-390713f9850e",
  "fields": {
    "merch_request": "1eaac82f-90ab-46a8-aeb8-535ddb3970cc",
    "delivery_status": "7125b0f5-7a15-440d-8d0f-89e96b0af103",
    "assignment_date": "2023-12-22"
  }
},
{
  "model": "merches.deliveryhistory",
  "pk": "4f3648c3-4941-4e7b-8b7b-aa62eb91a40f",
  "fields": {
    "merch_request": "fbb1462a-d9a7-4232-9a3c-10c9ebcaaf1f",
    "delivery_status": "7125b0f5-7a15-440d-8d0f-89e96b0af103",
    "assignment_date": "2023-02-20"
  }
},
{
  "model": "merches.deliveryhistory",
  "pk": "4f72af09-e5fc-4844-9e52-3cd5aff704eb",
  "fields": {
    "merch_request": "c963eb32-70f6-4fea-aa7f-95ea0a227efd",
    "delivery_status": "7125b0f5-7a15-440d-8d0f-89e96b0af103",
    "assignment_date": "2023-12-04"
  }
},
{
  "model": "merches.deliveryhistory",
  "pk": "56d61e16-9f61-42cd-b682-f7f21023bcf8",
  "fields": {
    "merch_request": "35c88c59-0e6c-4c68-9f91-1efd669999c4",
    "delivery_status": "7125b0f5-7a15-440d-8d0f-89e96b0af103",
    "assignment_date": "2023-07-02"
  }
},
{
  "model": "merches.deliveryhistory",
  "pk": "57e6c06f-ea6c-477c-9b6d-20a745aa41f9",
  "fields": {
    "merch_request": "70319e46-2d2e-40c6-ae71-3b20190a58b2",
    "delivery_status": "7125b0f5-7a15-440d-8d0f-89e96b0af103",
    "assignment_date": "2024-02-14"
  }
},
{
  "model": "merches.deliveryhistory",
  "pk": "59a64c5f-86a7-4ba0-bf28-1cba00a1cba2",
  "fields": {
    "merch_request": "0102db54-f714-4c72-98ab-fd1ed6def5ec",
    "delivery_status": "7125b0f5-7a15-440d-8d0f-89e96b0af103",
    "assignment_date": "2023-05-04"
  }
},
{
  "model": "merches.deliveryhistory",
  "pk": "5a05f18b-ba15-44a9-8d37-c7cb47b4f07a",
  "fields": {
    "merch_request": "54232df8-12bc-421e-8151-a567ef4d60e3",
    "delivery_status": "7125b0f5-7a15-440d-8d0f-89e96b0af103",
    "assignment_date": "2023-12-18"
  }
},
{
  "model": "merches.deliveryhistory",
  "pk": "64d2ce7d-31f7-4503-be4f-a526fbb86ad9",
  "fields": {
    "merch_request": "bd197cbb-e826-4e69-9405-b13561e8af5d",
    "delivery_status": "7125b0f5-7a15-440d-8d0f-89e96b0af103",
    "assignment_date": "2024-02-19"
  }
},
{
  "model": "merches.deliveryhistory",
  "pk": "6e0cdf81-b241-4c7e-8313-56f94940d7a9",
  "fields": {
    "merch_request": "9abab80d-61fa-4ffd-b590-6d80ce2126c6",
    "delivery_status": "7125b0f5-7a15-440d-8d0f-89e96b0af103",
    "assignment_date": "2024-01-15"
  }
},
{
  "model": "merches.deliveryhistory",
  "pk": "71dff224-f57f-4068-84b2-fa178c7342f6",
  "fields": {
    "merch_request": "d60bf861-690e-441a-9394-7141f7a4df09",
    "delivery_status": "7125b0f5-7a15-440d-8d0f-89e96b0af103",
    "assignment_date": "2023-11-04"
  }
},
{
  "model": "merches.deliveryhistory",
  "pk": "78f0a1bc-8534-4fb3-9a8f-ff1854e84d1c",
  "fields": {
    "merch_request": "50b884fd-d82e-4d2f-a0b0-b0473a690c23",
    "delivery_status": "7125b0f5-7a15-440d-8d0f-89e96b0af103",
    "assignment_date": "2023-12-04"
  }
},
{
  "model": "merches.deliveryhistory",
  "pk": "80f7a46b-a895-401d-bba7-254ee0871180",
  "fields": {
    "merch_request": "9386ff7f-50cf-4657-a4e0-8f981cddc187",
    "delivery_status": "7125b0f5-7a15-440d-8d0f-89e96b0af103",
    "assignment_date": "2023-02-20"
  }
},
{
  "model": "merches.deliveryhistory",
  "pk": "825134d4-c3f4-4ee3-949a-f2cd54cffcda",
  "fields": {
    "merch_request": "34950582-2d6e-4899-93ad-c115990c8099",
    "delivery_status": "7125b0f5-7a15-440d-8d0f-89e96b0af103",
    "assignment_date": "2023-12-22"
  }
},
{
  "model": "merches.deliveryhistory",
  "pk": "93c12986-9e6f-4631-98ed-4a862eb388c7",
  "fields": {
    "merch_request": "ea7c7f8a-9c66-4c7b-b6ac-d5417f0a673c",
    "delivery_status": "7125b0f5-7a15-440d-8d0f-89e96b0af103",
    "assignment_date": "2023-04-08"
  }
},
{
  "model": "merches.deliveryhistory",
  "pk": "947443f3-908d-4102-abf5-af7f4dced691",
  "fields": {
    "merch_request": "f44c80e5-08d8-4188-8dd9-58316a5862c3",
    "delivery_status": "7125b0f5-7a15-440d-8d0f-89e96b0af103",
    "assignment_date": "2024-02-19"
  }
},
{
  "model": "merches.deliveryhistory",
  "pk": "a587ebe0-4117-46c2-b647-479704e87322",
  "fields": {
    "merch_request": "61ebee2a-6871-44de-924f-8b9ac3ef5558",
    "delivery_status": "7125b0f5-7a15-440d-8d0f-89e96b0af103",
    "assignment_date": "2023-10-09"
  }
},
{
  "model": "merches.deliveryhistory",
  "pk": "a5dbac3d-1d2e-472c-999c-04130d36e545",
  "fields": {
    "merch_request": "a59e937e-e2ed-4bee-a378-60114c472a30",
    "delivery_status": "7125b0f5-7a15-440d-8d0f-89e96b0af103",
    "assignment_date": "2023-11-20"
  }
},
{
  "model": "merches.deliveryhistory",
  "pk": "ad2c2ab7-688c-40b8-8699-2ad15a03d898",
  "fields": {
    "merch_request": "a273d372-7eb2-4e37-8dbc-d9bf85309e9e",
    "delivery_status": "000add1e-695d-4b13-b4f7-2a47bda9a727",
    "assignment_date": "2024-02-29"
  }
},
{
  "model": "merches.deliveryhistory",
  "pk": "b10e410e-a5a3-482e-b757-b039517a6d7a",
  "fields": {
    "merch_request": "4ce215f6-90e3-4ca4-accb-7da4b078ad6c",
    "delivery_status": "7125b0f5-7a15-440d-8d0f-89e96b0af103",
    "assignment_date": "2023-12-18"
  }
},
{
  "model": "merches.deliveryhistory",
  "pk": "b67520da-591c-44ff-845e-1f3f8beea9a1",
  "fields": {
    "merch_request": "56d46ae6-d624-4e90-911e-99740f74cd0c",
    "delivery_status": "7125b0f5-7a15-440d-8d0f-89e96b0af103",
    "assignment_date": "2023-03-30"
  }
},
{
  "model": "merches.deliveryhistory",
  "pk": "b9d7b6e1-0afb-452b-83e1-aa04cda53421",
  "fields": {
    "merch_request": "b1dc924b-3e4b-42a7-9120-dc5a10c1253c",
    "delivery_status": "7125b0f5-7a15-440d-8d0f-89e96b0af103",
    "assignment_date": "2024-02-12"
  }
},
{
  "model": "merches.deliveryhistory",
  "pk": "c1e74d35-cdb5-4d78-ae84-305a57c89d78",
  "fields": {
    "merch_request": "59996af6-b79b-498b-a9f6-d560a71db062",
    "delivery_status": "7125b0f5-7a15-440d-8d0f-89e96b0af103",
    "assignment_date": "2023-11-01"
  }
},
{
  "model": "merches.deliveryhistory",
  "pk": "c28df88b-3b1c-48fe-a29f-87e7a3fb1c76",
  "fields": {
    "merch_request": "1f44e918-c6fe-4a51-ab1a-dc0cb42e80ea",
    "delivery_status": "7125b0f5-7a15-440d-8d0f-89e96b0af103",
    "assignment_date": "2024-01-29"
  }
},
{
  "model": "merches.deliveryhistory",
  "pk": "cbec3add-2590-4049-a616-a9232cfdd2ab",
  "fields": {
    "merch_request": "99db8365-ddfc-4e42-b9eb-ad7afed5632c",
    "delivery_status": "7125b0f5-7a15-440d-8d0f-89e96b0af103",
    "assignment_date": "2023-09-23"
  }
},
{
  "model": "merches.deliveryhistory",
  "pk": "d5b46c8a-aa02-4bea-bb43-792d01de5271",
  "fields": {
    "merch_request": "359f491c-cd88-4580-bd3c-28399957c92f",
    "delivery_status": "7125b0f5-7a15-440d-8d0f-89e96b0af103",
    "assignment_date": "2024-02-12"
  }
},
{
  "model": "merches.deliveryhistory",
  "pk": "d691a715-cc84-4b8a-8e11-121e3cf0bdb1",
  "fields": {
    "merch_request": "a81adfdf-fd37-417b-8a89-2a60f3aec185",
    "delivery_status": "7125b0f5-7a15-440d-8d0f-89e96b0af103",
    "assignment_date": "2024-02-19"
  }
},
{
  "model": "merches.deliveryhistory",
  "pk": "d6ae3205-2c12-43bc-a4c7-6f1df2d74da6",
  "fields": {
    "merch_request": "b17f053f-2b3c-4b86-b9fc-687b880015c1",
    "delivery_status": "7125b0f5-7a15-440d-8d0f-89e96b0af103",
    "assignment_date": "2023-12-18"
  }
},
{
  "model": "merches.deliveryhistory",
  "pk": "d7105a4c-4345-4020-8b95-d4c106dadda3",
  "fields": {
    "merch_request": "7e4950b9-890d-45aa-a4ec-d8e4ce118ae1",
    "delivery_status": "7125b0f5-7a15-440d-8d0f-89e96b0af103",
    "assignment_date": "2023-09-23"
  }
},
{
  "model": "merches.deliveryhistory",
  "pk": "d8a4ec40-c007-4e38-8ec0-6c61cba6ce29",
  "fields": {
    "merch_request": "497cfd67-a7da-4132-b830-11485c8d24d3",
    "delivery_status": "7125b0f5-7a15-440d-8d0f-89e96b0af103",
    "assignment_date": "2023-10-06"
  }
},
{
  "model": "merches.deliveryhistory",
  "pk": "d919bb86-9159-441b-b8c4-890e5f9e473f",
  "fields": {
    "merch_request": "7d7320d8-7479-45aa-8fa0-6fae70ccd3ef",
    "delivery_status": "7125b0f5-7a15-440d-8d0f-89e96b0af103",
    "assignment_date": "2024-02-20"
  }
},
{
  "model": "merches.deliveryhistory",
  "pk": "df071fbc-f837-41f3-bd4e-2ef1832bad3e",
  "fields": {
    "merch_request": "d1693948-14c7-4726-86fb-3a3bde7958dc",
    "delivery_status": "7125b0f5-7a15-440d-8d0f-89e96b0af103",
    "assignment_date": "2023-10-09"
  }
},
{
  "model": "merches.deliveryhistory",
  "pk": "e03d626b-b200-482f-a091-fed9b0d8f253",
  "fields": {
    "merch_request": "e36d59d7-8bcb-45c3-a50a-476141676f69",
    "delivery_status": "7125b0f5-7a15-440d-8d0f-89e96b0af103",
    "assignment_date": "2023-10-06"
  }
},
{
  "model": "merches.deliveryhistory",
  "pk": "e2e0ee87-4609-4cb9-9637-53c96e53d6d8",
  "fields": {
    "merch_request": "61c3478e-dcca-4f05-bd6a-57ba0f1de725",
    "delivery_status": "7125b0f5-7a15-440d-8d0f-89e96b0af103",
    "assignment_date": "2023-10-06"
  }
},
{
  "model": "merches.deliveryhistory",
  "pk": "ec723383-9888-4161-a398-131cf0250ab0",
  "fields": {
    "merch_request": "853f951a-156e-466b-bd3d-028ef608a60c",
    "delivery_status": "7125b0f5-7a15-440d-8d0f-89e96b0af103",
    "assignment_date": "2023-11-01"
  }
},
{
  "model": "merches.deliveryhistory",
  "pk": "f1f4aeed-f0bd-4dfc-ae58-ac9a79c32120",
  "fields": {
    "merch_request": "b3f3a73e-1946-4630-9296-a40736d0c315",
    "delivery_status": "7125b0f5-7a15-440d-8d0f-89e96b0af103",
    "assignment_date": "2023-10-09"
  }
},
{
  "model": "merches.deliveryhistory",
  "pk": "f5057149-376e-43f2-a571-d2b9ca910373",
  "fields": {
    "merch_request": "285bbe8f-5968-4d62-830f-f31aba39f7bf",
    "delivery_status": "7125b0f5-7a15-440d-8d0f-89e96b0af103",
    "assignment_date": "2023-02-20"
  }
},
{
  "model": "merches.deliveryhistory",
  "pk": "f8f25b11-4ee6-47c4-b477-02715113a0f6",
  "fields": {
    "merch_request": "a33f04d3-57e2-4191-a9fe-82fcd3346a7b",
    "delivery_status": "7125b0f5-7a15-440d-8d0f-89e96b0af103",
    "assignment_date": "2023-12-18"
  }
},
{
  "model": "merches.deliveryhistory",
  "pk": "fd92970f-523d-4884-aa50-2fbd26a640bb",
  "fields": {
    "merch_request": "6f3d7766-a31e-44f7-af94-2630bd3e31a9",
    "delivery_status": "7125b0f5-7a15-440d-8d0f-89e96b0af103",
    "assignment_date": "2024-02-20"
  }
},
{
  "model": "merches.deliveryhistory",
  "pk": "fdf2aedc-7aae-412b-a838-e1bd55f8a86f",
  "fields": {
    "merch_request": "2c7d279b-a323-4b99-91e0-229624ae7d0c",
    "delivery_status": "000add1e-695d-4b13-b4f7-2a47bda9a727",
    "assignment_date": "2024-02-29"
  }
},
{
  "model": "achievements.achieve",
  "pk": "32cdcb0f-0332-4e8a-a260-d4c63d2981a0",
  "fields": {
    "achieve_name": "Я практикующий амбассадор",
    "available": true
  }
},
{
  "model": "achievements.achieve",
  "pk": "9760475a-3670-4460-95a8-62f937362ea3",
  "fields": {
    "achieve_name": "Друг Практикума",
    "available": true
  }
},
{
  "model": "reports.reportstatus",
  "pk": "0ba2d3c3-69d3-4c8c-af0c-ffa722c3ccb8",
  "fields": {
    "status_name": "Принят",
    "available": true
  }
},
{
  "model": "reports.reportstatus",
  "pk": "23d79674-e7f6-40fb-bd7d-eea3ce3f98ae",
  "fields": {
    "status_name": "На доработке",
    "available": true
  }
},
{
  "model": "reports.reporttype",
  "pk": "298adee6-7ee4-47d2-a172-cf8b4de80a90",
  "fields": {
    "type_name": "Проведена консультация",
    "available": true
  }
},
{
  "model": "reports.reporttype",
  "pk": "32316bf1-6ee3-4ae9-96e1-e45ab95e3c55",
  "fields": {
    "type_name": "Сделано фото в мерче",
    "available": true
  }
},
{
  "model": "reports.reporttype",
  "pk": "44256174-f55b-4b62-8fdd-3caa8b47136f",
  "fields": {
    "type_name": "Написана статья",
    "available": true
  }
},
{
  "model": "reports.reporttype",
  "pk": "71c592be-a872-4546-afdb-8fe3b440a840",
  "fields": {
    "type_name": "Отзыв об обучении",
    "available": true
  }
},
{
  "model": "reports.reporttype",
  "pk": "8062608b-6973-48ce-9b89-b3c98e69db8d",
  "fields": {
    "type_name": "Снято видео",
    "available": true
  }
},
{
  "model": "reports.reporttype",
  "pk": "c6a07040-1175-48c8-912c-4ebe67b25df5",
  "fields": {
    "type_name": "Написан пост в блоге",
    "available": true
  }
},
{
  "model": "reports.reporttype",
  "pk": "c7557db9-f16e-4728-a9e6-d8e1b9e92586",
  "fields": {
    "type_name": "Выступление на мероприятии",
    "available": true
  }
},
{
  "model": "reports.placement",
  "pk": "1287a70f-5197-40c9-bb08-914f6aaa49b6",
  "fields": {
    "site": "Отзовик",
    "available": true
  }
},
{
  "model": "reports.placement",
  "pk": "1db818a4-075d-45cd-92ab-96929b57b14e",
  "fields": {
    "site": "ТЖ",
    "available": true
  }
},
{
  "model": "reports.placement",
  "pk": "7aca76fc-9c01-4ddc-8b60-d0123aee9803",
  "fields": {
    "site": "VC",
    "available": true
  }
},
{
  "model": "reports.placement",
  "pk": "7d071f6c-0545-401a-ba9f-841b77d06168",
  "fields": {
    "site": "Хабр Карьера",
    "available": true
  }
},
{
  "model": "reports.placement",
  "pk": "8506be40-076c-4d1b-ae6f-4f4a5cd687f7",
  "fields": {
    "site": "TutorTop",
    "available": true
  }
},
{
  "model": "reports.placement",
  "pk": "98db917f-c076-470d-a8b3-5ef712616d89",
  "fields": {
    "site": "Общая",
    "available": true
  }
},
{
  "model": "reports.placement",
  "pk": "9b7def7f-555d-4059-b1dd-7f35d6d69037",
  "fields": {
    "site": "Google Maps",
    "available": true
  }
},
{
  "model": "reports.placement",
  "pk": "a4e11023-cca0-48f9-8bfb-a7ab56f4edbe",
  "fields": {
    "site": "KatalogKursov",
    "available": true
  }
},
{
  "model": "reports.placement",
  "pk": "a637d07f-f5b8-4b2c-8963-38605b7cdc3a",
  "fields": {
    "site": "Яндекс Карты",
    "available": true
  }
},
{
  "model": "reports.placement",
  "pk": "be45c174-d516-4c0b-b4cc-b38d1d2e39d3",
  "fields": {
    "site": "You Tube",
    "available": true
  }
},
{
  "model": "reports.placement",
  "pk": "c182b0b0-6bf2-4efa-8f08-bddeaf3cf1dc",
  "fields": {
    "site": "Sravni.ru",
    "available": true
  }
},
{
  "model": "reports.placement",
  "pk": "d25382de-51b1-4973-9057-7bae38dbf0f6",
  "fields": {
    "site": "Mooc",
    "available": true
  }
},
{
  "model": "reports.placement",
  "pk": "f422f19c-a007-4153-afc8-cda8ea9efafc",
  "fields": {
    "site": "Irecommend",
    "available": true
  }
},
{
  "model": "reports.placement",
  "pk": "fb04f0b5-c3e1-466a-8c47-1782b959f768",
  "fields": {
    "site": "Telegram-канал",
    "available": true
  }
},
{
  "model": "reports.report",
  "pk": "031e7827-586b-4455-8922-8fbee6e5536a",
  "fields": {
    "ambassador": "d885dc41-3e92-418b-8b91-82da961f3e07",
    "report_date": "2024-02-16",
    "content_link": "https://www.sravni.ru/shkola/yandeks.praktikum/otzyvy/",
    "screen": "",
    "placement": "c182b0b0-6bf2-4efa-8f08-bddeaf3cf1dc",
    "report_status": "23d79674-e7f6-40fb-bd7d-eea3ce3f98ae",
    "sign_junior": true,
    "grade": 1,
    "report_type": "71c592be-a872-4546-afdb-8fe3b440a840"
  }
},
{
  "model": "reports.report",
  "pk": "071f95c4-6c87-4231-b2c6-67885a25a412",
  "fields": {
    "ambassador": "20dec1f2-bb7d-4cbd-b0ba-eebc8ed4ee84",
    "report_date": "2024-02-10",
    "content_link": "https://docs.google.com/document/d/1rmkZEhPhG8LB_dblGG9Qc7gZo_FuaKGi31rdEsROl4M/edit",
    "screen": "",
    "placement": "7aca76fc-9c01-4ddc-8b60-d0123aee9803",
    "report_status": "0ba2d3c3-69d3-4c8c-af0c-ffa722c3ccb8",
    "sign_junior": true,
    "grade": 2,
    "report_type": "44256174-f55b-4b62-8fdd-3caa8b47136f"
  }
},
{
  "model": "reports.report",
  "pk": "1271a427-3fbf-48c2-8a7e-dd04aaa6da65",
  "fields": {
    "ambassador": "001d2abd-2834-43ca-b123-f087991d1ac8",
    "report_date": "2023-04-07",
    "content_link": "https://t.me/yndx_practicum",
    "screen": "",
    "placement": "fb04f0b5-c3e1-466a-8c47-1782b959f768",
    "report_status": "23d79674-e7f6-40fb-bd7d-eea3ce3f98ae",
    "sign_junior": true,
    "grade": 2,
    "report_type": "c6a07040-1175-48c8-912c-4ebe67b25df5"
  }
},
{
  "model": "reports.report",
  "pk": "136b5716-d453-4f63-8648-bd703d78048b",
  "fields": {
    "ambassador": "198d61a6-f686-4c42-952b-939f89bd77b5",
    "report_date": "2024-02-29",
    "content_link": "https://tutortop.ru/school-reviews/yandex_praktikum/",
    "screen": "",
    "placement": "8506be40-076c-4d1b-ae6f-4f4a5cd687f7",
    "report_status": "23d79674-e7f6-40fb-bd7d-eea3ce3f98ae",
    "sign_junior": true,
    "grade": 6,
    "report_type": "71c592be-a872-4546-afdb-8fe3b440a840"
  }
},
{
  "model": "reports.report",
  "pk": "15919d2a-98f8-43b9-948a-9fc447517297",
  "fields": {
    "ambassador": "001d2abd-2834-43ca-b123-f087991d1ac8",
    "report_date": "2023-03-06",
    "content_link": "https://docs.google.com/document/d/1rmkZEhPhG8LB_dblGG9Qc7gZo_FuaKGi31rdEsROl4M/edit",
    "screen": "",
    "placement": "7aca76fc-9c01-4ddc-8b60-d0123aee9803",
    "report_status": "0ba2d3c3-69d3-4c8c-af0c-ffa722c3ccb8",
    "sign_junior": true,
    "grade": 4,
    "report_type": "44256174-f55b-4b62-8fdd-3caa8b47136f"
  }
},
{
  "model": "reports.report",
  "pk": "16c4ec33-3168-454b-87ce-01dc1e06a2e1",
  "fields": {
    "ambassador": "3bf3b298-fddf-4d37-93d9-a1fceb81189b",
    "report_date": "2024-01-26",
    "content_link": "https://docs.google.com/document/d/1rmkZEhPhG8LB_dblGG9Qc7gZo_FuaKGi31rdEsROl4M/edit",
    "screen": "",
    "placement": "7aca76fc-9c01-4ddc-8b60-d0123aee9803",
    "report_status": "0ba2d3c3-69d3-4c8c-af0c-ffa722c3ccb8",
    "sign_junior": true,
    "grade": 6,
    "report_type": "44256174-f55b-4b62-8fdd-3caa8b47136f"
  }
},
{
  "model": "reports.report",
  "pk": "1742f0d7-5c3e-43d5-bf57-3c5b71ae263f",
  "fields": {
    "ambassador": "5afd2292-acf4-4764-a0d8-9cb08dd34f8b",
    "report_date": "2024-02-07",
    "content_link": "https://career.habr.com/journal/workplace",
    "screen": "",
    "placement": "7d071f6c-0545-401a-ba9f-841b77d06168",
    "report_status": "0ba2d3c3-69d3-4c8c-af0c-ffa722c3ccb8",
    "sign_junior": true,
    "grade": 6,
    "report_type": "71c592be-a872-4546-afdb-8fe3b440a840"
  }
},
{
  "model": "reports.report",
  "pk": "1b094cd9-c909-4718-ac25-b52993b708a1",
  "fields": {
    "ambassador": "73059e0e-5644-488a-8b6c-798454313c7e",
    "report_date": "2023-07-12",
    "content_link": "https://vc.ru/team/122350-shpargalka-chto-proverit-v-materiale-pered-publikaciey-chtoby-on-vyglyadel-opryatno",
    "screen": "",
    "placement": "7aca76fc-9c01-4ddc-8b60-d0123aee9803",
    "report_status": "0ba2d3c3-69d3-4c8c-af0c-ffa722c3ccb8",
    "sign_junior": false,
    "grade": 10,
    "report_type": "c6a07040-1175-48c8-912c-4ebe67b25df5"
  }
},
{
  "model": "reports.report",
  "pk": "2368c69e-2cc4-41cb-a7ef-8bac4bbdf404",
  "fields": {
    "ambassador": "73059e0e-5644-488a-8b6c-798454313c7e",
    "report_date": "2023-06-01",
    "content_link": "https://t.me/yndx_practicum",
    "screen": "",
    "placement": "fb04f0b5-c3e1-466a-8c47-1782b959f768",
    "report_status": "0ba2d3c3-69d3-4c8c-af0c-ffa722c3ccb8",
    "sign_junior": false,
    "grade": 10,
    "report_type": "c7557db9-f16e-4728-a9e6-d8e1b9e92586"
  }
},
{
  "model": "reports.report",
  "pk": "2d172d2b-dc4a-4332-9877-f67c5d1e6a12",
  "fields": {
    "ambassador": "001d2abd-2834-43ca-b123-f087991d1ac8",
    "report_date": "2023-02-15",
    "content_link": "https://otzovik.com/reviews/yandeks_praktikum-servis_onlayn-obrazovaniya/",
    "screen": "",
    "placement": "1287a70f-5197-40c9-bb08-914f6aaa49b6",
    "report_status": "0ba2d3c3-69d3-4c8c-af0c-ffa722c3ccb8",
    "sign_junior": true,
    "grade": 2,
    "report_type": "71c592be-a872-4546-afdb-8fe3b440a840"
  }
},
{
  "model": "reports.report",
  "pk": "2d533673-e82d-4c83-81fa-021066dd59f3",
  "fields": {
    "ambassador": "737f4bac-db02-4c1e-be09-c29776e78607",
    "report_date": "2023-12-15",
    "content_link": "https://praktikum.notion.site/41df0dfd6ccc46d48e65e92a4d5b2566",
    "screen": "",
    "placement": "7aca76fc-9c01-4ddc-8b60-d0123aee9803",
    "report_status": "0ba2d3c3-69d3-4c8c-af0c-ffa722c3ccb8",
    "sign_junior": true,
    "grade": 10,
    "report_type": "32316bf1-6ee3-4ae9-96e1-e45ab95e3c55"
  }
},
{
  "model": "reports.report",
  "pk": "2d8daac3-3925-48a1-8c9d-0a7b2c4697de",
  "fields": {
    "ambassador": "baf23446-1d0e-449e-a2e1-a5b59da25731",
    "report_date": "2023-10-27",
    "content_link": "https://docs.google.com/document/d/1rmkZEhPhG8LB_dblGG9Qc7gZo_FuaKGi31rdEsROl4M/edit",
    "screen": "",
    "placement": "98db917f-c076-470d-a8b3-5ef712616d89",
    "report_status": "0ba2d3c3-69d3-4c8c-af0c-ffa722c3ccb8",
    "sign_junior": true,
    "grade": 2,
    "report_type": "44256174-f55b-4b62-8fdd-3caa8b47136f"
  }
},
{
  "model": "reports.report",
  "pk": "2f33787f-9401-4135-b7aa-ec2044a95f78",
  "fields": {
    "ambassador": "28f86d31-733b-4a91-95c1-3f98a26ec921",
    "report_date": "2024-02-11",
    "content_link": "https://mooc.ru/company/yandex/reviews",
    "screen": "",
    "placement": "d25382de-51b1-4973-9057-7bae38dbf0f6",
    "report_status": "0ba2d3c3-69d3-4c8c-af0c-ffa722c3ccb8",
    "sign_junior": true,
    "grade": 2,
    "report_type": "71c592be-a872-4546-afdb-8fe3b440a840"
  }
},
{
  "model": "reports.report",
  "pk": "3508e945-9e02-456d-a230-410e87520dfb",
  "fields": {
    "ambassador": "b705ecbf-65e0-477d-a5d6-f808ac83e236",
    "report_date": "2023-12-15",
    "content_link": "https://career.habr.com/journal/workplace",
    "screen": "",
    "placement": "7d071f6c-0545-401a-ba9f-841b77d06168",
    "report_status": "0ba2d3c3-69d3-4c8c-af0c-ffa722c3ccb8",
    "sign_junior": true,
    "grade": 10,
    "report_type": "71c592be-a872-4546-afdb-8fe3b440a840"
  }
},
{
  "model": "reports.report",
  "pk": "3a0e9f3e-abe3-44e9-a9b6-682f46ecfe9e",
  "fields": {
    "ambassador": "b705ecbf-65e0-477d-a5d6-f808ac83e236",
    "report_date": "2024-02-12",
    "content_link": "https://docs.google.com/document/d/1rmkZEhPhG8LB_dblGG9Qc7gZo_FuaKGi31rdEsROl4M/edit",
    "screen": "",
    "placement": "7aca76fc-9c01-4ddc-8b60-d0123aee9803",
    "report_status": "0ba2d3c3-69d3-4c8c-af0c-ffa722c3ccb8",
    "sign_junior": true,
    "grade": 8,
    "report_type": "44256174-f55b-4b62-8fdd-3caa8b47136f"
  }
},
{
  "model": "reports.report",
  "pk": "3af8b88d-0f81-4718-b8a4-e34d2f899cfa",
  "fields": {
    "ambassador": "73059e0e-5644-488a-8b6c-798454313c7e",
    "report_date": "2023-05-03",
    "content_link": "https://www.youtube.com/@tehno.maniak",
    "screen": "",
    "placement": "be45c174-d516-4c0b-b4cc-b38d1d2e39d3",
    "report_status": "0ba2d3c3-69d3-4c8c-af0c-ffa722c3ccb8",
    "sign_junior": true,
    "grade": 2,
    "report_type": "8062608b-6973-48ce-9b89-b3c98e69db8d"
  }
},
{
  "model": "reports.report",
  "pk": "3d2ac8a0-4eac-439a-94f5-65dd871bb217",
  "fields": {
    "ambassador": "d9eeb75e-b9fd-42f9-a273-be47bbce5844",
    "report_date": "2023-11-18",
    "content_link": "https://praktikum.notion.site/41df0dfd6ccc46d48e65e92a4d5b2566",
    "screen": "",
    "placement": "7aca76fc-9c01-4ddc-8b60-d0123aee9803",
    "report_status": "0ba2d3c3-69d3-4c8c-af0c-ffa722c3ccb8",
    "sign_junior": true,
    "grade": 2,
    "report_type": "32316bf1-6ee3-4ae9-96e1-e45ab95e3c55"
  }
},
{
  "model": "reports.report",
  "pk": "3e87769c-ffa6-4c41-b28f-060c9a6f9641",
  "fields": {
    "ambassador": "d9eeb75e-b9fd-42f9-a273-be47bbce5844",
    "report_date": "2023-10-27",
    "content_link": "https://docs.google.com/document/d/1rmkZEhPhG8LB_dblGG9Qc7gZo_FuaKGi31rdEsROl4M/edit",
    "screen": "",
    "placement": "7aca76fc-9c01-4ddc-8b60-d0123aee9803",
    "report_status": "0ba2d3c3-69d3-4c8c-af0c-ffa722c3ccb8",
    "sign_junior": true,
    "grade": 2,
    "report_type": "44256174-f55b-4b62-8fdd-3caa8b47136f"
  }
},
{
  "model": "reports.report",
  "pk": "49d51417-5778-4411-867c-c8d496590c72",
  "fields": {
    "ambassador": "b705ecbf-65e0-477d-a5d6-f808ac83e236",
    "report_date": "2024-01-15",
    "content_link": "https://praktikum.notion.site/41df0dfd6ccc46d48e65e92a4d5b2566",
    "screen": "",
    "placement": "98db917f-c076-470d-a8b3-5ef712616d89",
    "report_status": "0ba2d3c3-69d3-4c8c-af0c-ffa722c3ccb8",
    "sign_junior": true,
    "grade": 8,
    "report_type": "32316bf1-6ee3-4ae9-96e1-e45ab95e3c55"
  }
},
{
  "model": "reports.report",
  "pk": "4ea715fb-f178-414f-bc72-45a14148a546",
  "fields": {
    "ambassador": "001d2abd-2834-43ca-b123-f087991d1ac8",
    "report_date": "2023-05-08",
    "content_link": "https://www.youtube.com/@tehno.maniak",
    "screen": "",
    "placement": "be45c174-d516-4c0b-b4cc-b38d1d2e39d3",
    "report_status": "23d79674-e7f6-40fb-bd7d-eea3ce3f98ae",
    "sign_junior": false,
    "grade": 2,
    "report_type": "8062608b-6973-48ce-9b89-b3c98e69db8d"
  }
},
{
  "model": "reports.report",
  "pk": "51d5d212-0b31-4637-a9c8-ed9c3282c672",
  "fields": {
    "ambassador": "737f4bac-db02-4c1e-be09-c29776e78607",
    "report_date": "2023-10-27",
    "content_link": "https://irecommend.ru/content/kompyuternaya-programma-yandeks-praktikum",
    "screen": "",
    "placement": "f422f19c-a007-4153-afc8-cda8ea9efafc",
    "report_status": "0ba2d3c3-69d3-4c8c-af0c-ffa722c3ccb8",
    "sign_junior": true,
    "grade": 8,
    "report_type": "71c592be-a872-4546-afdb-8fe3b440a840"
  }
},
{
  "model": "reports.report",
  "pk": "597755de-2554-46b6-ba90-96c2c2869f4a",
  "fields": {
    "ambassador": "92ed951d-6e62-4772-9453-2a6875796247",
    "report_date": "2023-12-01",
    "content_link": "https://www.google.com/maps/contrib/103418078322485197563/reviews?hl=ru",
    "screen": "",
    "placement": "9b7def7f-555d-4059-b1dd-7f35d6d69037",
    "report_status": "0ba2d3c3-69d3-4c8c-af0c-ffa722c3ccb8",
    "sign_junior": true,
    "grade": 2,
    "report_type": "71c592be-a872-4546-afdb-8fe3b440a840"
  }
},
{
  "model": "reports.report",
  "pk": "60bca211-9776-49b0-b27c-d7dc7a8cd997",
  "fields": {
    "ambassador": "3bf3b298-fddf-4d37-93d9-a1fceb81189b",
    "report_date": "2023-12-18",
    "content_link": "https://praktikum.notion.site/41df0dfd6ccc46d48e65e92a4d5b2566",
    "screen": "",
    "placement": "98db917f-c076-470d-a8b3-5ef712616d89",
    "report_status": "0ba2d3c3-69d3-4c8c-af0c-ffa722c3ccb8",
    "sign_junior": true,
    "grade": 2,
    "report_type": "32316bf1-6ee3-4ae9-96e1-e45ab95e3c55"
  }
},
{
  "model": "reports.report",
  "pk": "73c40a8f-cc0b-4cdc-af41-abec9cbbbcac",
  "fields": {
    "ambassador": "b072e354-1572-41cc-9e0b-a37f53a26135",
    "report_date": "2024-02-14",
    "content_link": "https://irecommend.ru/content/kompyuternaya-programma-yandeks-praktikum",
    "screen": "",
    "placement": "f422f19c-a007-4153-afc8-cda8ea9efafc",
    "report_status": "0ba2d3c3-69d3-4c8c-af0c-ffa722c3ccb8",
    "sign_junior": true,
    "grade": 2,
    "report_type": "71c592be-a872-4546-afdb-8fe3b440a840"
  }
},
{
  "model": "reports.report",
  "pk": "78d0662c-9037-4c05-821f-0d95f7517fb0",
  "fields": {
    "ambassador": "20dec1f2-bb7d-4cbd-b0ba-eebc8ed4ee84",
    "report_date": "2023-12-15",
    "content_link": "https://tutortop.ru/school-reviews/yandex_praktikum/",
    "screen": "",
    "placement": "8506be40-076c-4d1b-ae6f-4f4a5cd687f7",
    "report_status": "0ba2d3c3-69d3-4c8c-af0c-ffa722c3ccb8",
    "sign_junior": true,
    "grade": 2,
    "report_type": "71c592be-a872-4546-afdb-8fe3b440a840"
  }
},
{
  "model": "reports.report",
  "pk": "7a05f279-2fd0-4294-894e-3ddf33937f3c",
  "fields": {
    "ambassador": "737f4bac-db02-4c1e-be09-c29776e78607",
    "report_date": "2023-11-18",
    "content_link": "https://docs.google.com/document/d/1rmkZEhPhG8LB_dblGG9Qc7gZo_FuaKGi31rdEsROl4M/edit",
    "screen": "",
    "placement": "7aca76fc-9c01-4ddc-8b60-d0123aee9803",
    "report_status": "0ba2d3c3-69d3-4c8c-af0c-ffa722c3ccb8",
    "sign_junior": true,
    "grade": 2,
    "report_type": "44256174-f55b-4b62-8fdd-3caa8b47136f"
  }
},
{
  "model": "reports.report",
  "pk": "7c122a22-d7ff-476c-b8d6-74081a240066",
  "fields": {
    "ambassador": "001d2abd-2834-43ca-b123-f087991d1ac8",
    "report_date": "2023-06-15",
    "content_link": "https://vc.ru/team/122350-shpargalka-chto-proverit-v-materiale-pered-publikaciey-chtoby-on-vyglyadel-opryatno",
    "screen": "",
    "placement": "7aca76fc-9c01-4ddc-8b60-d0123aee9803",
    "report_status": "0ba2d3c3-69d3-4c8c-af0c-ffa722c3ccb8",
    "sign_junior": false,
    "grade": 10,
    "report_type": "c6a07040-1175-48c8-912c-4ebe67b25df5"
  }
},
{
  "model": "reports.report",
  "pk": "8d99f133-1104-49af-8452-53e6ed641692",
  "fields": {
    "ambassador": "baf23446-1d0e-449e-a2e1-a5b59da25731",
    "report_date": "2023-11-24",
    "content_link": "https://www.youtube.com/@tehno.maniak",
    "screen": "",
    "placement": "be45c174-d516-4c0b-b4cc-b38d1d2e39d3",
    "report_status": "0ba2d3c3-69d3-4c8c-af0c-ffa722c3ccb8",
    "sign_junior": true,
    "grade": 2,
    "report_type": "8062608b-6973-48ce-9b89-b3c98e69db8d"
  }
},
{
  "model": "reports.report",
  "pk": "92f8955d-a9d5-4a7d-8fbe-a61e9dbd3629",
  "fields": {
    "ambassador": "3bf3b298-fddf-4d37-93d9-a1fceb81189b",
    "report_date": "2023-11-29",
    "content_link": "https://career.habr.com/journal/workplace",
    "screen": "",
    "placement": "7d071f6c-0545-401a-ba9f-841b77d06168",
    "report_status": "0ba2d3c3-69d3-4c8c-af0c-ffa722c3ccb8",
    "sign_junior": true,
    "grade": 10,
    "report_type": "71c592be-a872-4546-afdb-8fe3b440a840"
  }
},
{
  "model": "reports.report",
  "pk": "92f9b16e-d56e-41c5-aac0-76419e092d1e",
  "fields": {
    "ambassador": "92ed951d-6e62-4772-9453-2a6875796247",
    "report_date": "2024-01-26",
    "content_link": "https://praktikum.notion.site/41df0dfd6ccc46d48e65e92a4d5b2566",
    "screen": "",
    "placement": "7aca76fc-9c01-4ddc-8b60-d0123aee9803",
    "report_status": "0ba2d3c3-69d3-4c8c-af0c-ffa722c3ccb8",
    "sign_junior": true,
    "grade": 8,
    "report_type": "32316bf1-6ee3-4ae9-96e1-e45ab95e3c55"
  }
},
{
  "model": "reports.report",
  "pk": "9a53f6a8-4964-4cbc-a249-5eb7b940f21f",
  "fields": {
    "ambassador": "fc27e8fb-e269-41be-9306-d8218f7ea72f",
    "report_date": "2023-09-20",
    "content_link": "https://yandex.ru/maps/org/yandeks_praktikum/153821783640/reviews/",
    "screen": "",
    "placement": "a637d07f-f5b8-4b2c-8963-38605b7cdc3a",
    "report_status": "0ba2d3c3-69d3-4c8c-af0c-ffa722c3ccb8",
    "sign_junior": true,
    "grade": 10,
    "report_type": "71c592be-a872-4546-afdb-8fe3b440a840"
  }
},
{
  "model": "reports.report",
  "pk": "a07dd6eb-a4e4-4d59-9071-18d64dc4f714",
  "fields": {
    "ambassador": "fc27e8fb-e269-41be-9306-d8218f7ea72f",
    "report_date": "2023-11-02",
    "content_link": "https://docs.google.com/document/d/1rmkZEhPhG8LB_dblGG9Qc7gZo_FuaKGi31rdEsROl4M/edit",
    "screen": "",
    "placement": "7aca76fc-9c01-4ddc-8b60-d0123aee9803",
    "report_status": "0ba2d3c3-69d3-4c8c-af0c-ffa722c3ccb8",
    "sign_junior": true,
    "grade": 10,
    "report_type": "44256174-f55b-4b62-8fdd-3caa8b47136f"
  }
},
{
  "model": "reports.report",
  "pk": "a3195bbf-9b46-45ad-9809-bcdbf21887d8",
  "fields": {
    "ambassador": "73059e0e-5644-488a-8b6c-798454313c7e",
    "report_date": "2023-03-10",
    "content_link": "https://katalog-kursov.ru/reviews/school-yandex_praktikum/",
    "screen": "",
    "placement": "a4e11023-cca0-48f9-8bfb-a7ab56f4edbe",
    "report_status": "0ba2d3c3-69d3-4c8c-af0c-ffa722c3ccb8",
    "sign_junior": true,
    "grade": 2,
    "report_type": "71c592be-a872-4546-afdb-8fe3b440a840"
  }
},
{
  "model": "reports.report",
  "pk": "b565b7ae-8aa4-4aa9-be86-f81f90495750",
  "fields": {
    "ambassador": "d9eeb75e-b9fd-42f9-a273-be47bbce5844",
    "report_date": "2023-10-04",
    "content_link": "https://www.sravni.ru/shkola/yandeks.praktikum/otzyvy/",
    "screen": "",
    "placement": "c182b0b0-6bf2-4efa-8f08-bddeaf3cf1dc",
    "report_status": "0ba2d3c3-69d3-4c8c-af0c-ffa722c3ccb8",
    "sign_junior": true,
    "grade": 2,
    "report_type": "71c592be-a872-4546-afdb-8fe3b440a840"
  }
},
{
  "model": "reports.report",
  "pk": "baf97301-8453-4286-8ed9-bc362542af82",
  "fields": {
    "ambassador": "a38068d3-5bb8-47b7-8b67-a8751c24f42b",
    "report_date": "2024-02-15",
    "content_link": "https://www.google.com/maps/contrib/103418078322485197563/reviews?hl=ru",
    "screen": "",
    "placement": "9b7def7f-555d-4059-b1dd-7f35d6d69037",
    "report_status": "23d79674-e7f6-40fb-bd7d-eea3ce3f98ae",
    "sign_junior": true,
    "grade": 10,
    "report_type": "71c592be-a872-4546-afdb-8fe3b440a840"
  }
},
{
  "model": "reports.report",
  "pk": "d2057984-0e1f-4442-92f6-c5371858e5db",
  "fields": {
    "ambassador": "fc27e8fb-e269-41be-9306-d8218f7ea72f",
    "report_date": "2023-10-12",
    "content_link": "https://praktikum.notion.site/41df0dfd6ccc46d48e65e92a4d5b2566",
    "screen": "",
    "placement": "98db917f-c076-470d-a8b3-5ef712616d89",
    "report_status": "0ba2d3c3-69d3-4c8c-af0c-ffa722c3ccb8",
    "sign_junior": true,
    "grade": 2,
    "report_type": "32316bf1-6ee3-4ae9-96e1-e45ab95e3c55"
  }
},
{
  "model": "reports.report",
  "pk": "dba46e85-beda-4a12-9f86-89cbdf93adfa",
  "fields": {
    "ambassador": "92ed951d-6e62-4772-9453-2a6875796247",
    "report_date": "2023-12-29",
    "content_link": "https://docs.google.com/document/d/1rmkZEhPhG8LB_dblGG9Qc7gZo_FuaKGi31rdEsROl4M/edit",
    "screen": "",
    "placement": "7aca76fc-9c01-4ddc-8b60-d0123aee9803",
    "report_status": "0ba2d3c3-69d3-4c8c-af0c-ffa722c3ccb8",
    "sign_junior": true,
    "grade": 2,
    "report_type": "44256174-f55b-4b62-8fdd-3caa8b47136f"
  }
},
{
  "model": "reports.report",
  "pk": "e2a023c8-653c-426e-8df0-f75323fe474f",
  "fields": {
    "ambassador": "baf23446-1d0e-449e-a2e1-a5b59da25731",
    "report_date": "2023-10-04",
    "content_link": "https://career.habr.com/journal/workplace",
    "screen": "",
    "placement": "7d071f6c-0545-401a-ba9f-841b77d06168",
    "report_status": "0ba2d3c3-69d3-4c8c-af0c-ffa722c3ccb8",
    "sign_junior": true,
    "grade": 2,
    "report_type": "71c592be-a872-4546-afdb-8fe3b440a840"
  }
},
{
  "model": "reports.report",
  "pk": "e3eeed89-da76-4982-84ac-57b938c76538",
  "fields": {
    "ambassador": "baf23446-1d0e-449e-a2e1-a5b59da25731",
    "report_date": "2023-12-22",
    "content_link": "https://praktikum.notion.site/41df0dfd6ccc46d48e65e92a4d5b2566",
    "screen": "",
    "placement": "98db917f-c076-470d-a8b3-5ef712616d89",
    "report_status": "0ba2d3c3-69d3-4c8c-af0c-ffa722c3ccb8",
    "sign_junior": false,
    "grade": 2,
    "report_type": "32316bf1-6ee3-4ae9-96e1-e45ab95e3c55"
  }
},
{
  "model": "reports.report",
  "pk": "e5979b81-6190-4bb7-b52b-d1dd41da24bf",
  "fields": {
    "ambassador": "a4918e6e-1b4a-4b16-a030-b1ee47f32a89",
    "report_date": "2024-01-24",
    "content_link": "https://yandex.ru/maps/org/yandeks_praktikum/153821783640/reviews/",
    "screen": "",
    "placement": "a637d07f-f5b8-4b2c-8963-38605b7cdc3a",
    "report_status": "0ba2d3c3-69d3-4c8c-af0c-ffa722c3ccb8",
    "sign_junior": true,
    "grade": 2,
    "report_type": "71c592be-a872-4546-afdb-8fe3b440a840"
  }
},
{
  "model": "reports.report",
  "pk": "eaaa3f4d-bbba-4c53-9fb6-cf07a2128aad",
  "fields": {
    "ambassador": "20dec1f2-bb7d-4cbd-b0ba-eebc8ed4ee84",
    "report_date": "2024-01-10",
    "content_link": "https://praktikum.notion.site/41df0dfd6ccc46d48e65e92a4d5b2566",
    "screen": "",
    "placement": "98db917f-c076-470d-a8b3-5ef712616d89",
    "report_status": "0ba2d3c3-69d3-4c8c-af0c-ffa722c3ccb8",
    "sign_junior": true,
    "grade": 2,
    "report_type": "32316bf1-6ee3-4ae9-96e1-e45ab95e3c55"
  }
},
{
  "model": "reports.report",
  "pk": "f7961842-55a4-4c1e-8162-598f384a7abc",
  "fields": {
    "ambassador": "73059e0e-5644-488a-8b6c-798454313c7e",
    "report_date": "2023-04-03",
    "content_link": "https://docs.google.com/document/d/1rmkZEhPhG8LB_dblGG9Qc7gZo_FuaKGi31rdEsROl4M/edit",
    "screen": "",
    "placement": "7aca76fc-9c01-4ddc-8b60-d0123aee9803",
    "report_status": "0ba2d3c3-69d3-4c8c-af0c-ffa722c3ccb8",
    "sign_junior": true,
    "grade": 2,
    "report_type": "44256174-f55b-4b62-8fdd-3caa8b47136f"
  }
},
{
  "model": "telegram.telegrambot",
  "pk": "0129645c-7b6b-41f1-a3af-f5e8da08e7d0",
  "fields": {
    "telegram_id": "1034155443",
    "nickname": "marysokol",
    "registration_date": "2024-02-26T21:12:56Z",
    "active": true
  }
},
{
  "model": "telegram.telegrambot",
  "pk": "0bdeeea5-7300-432a-95a1-87ab7945f0d5",
  "fields": {
    "telegram_id": "1006539730",
    "nickname": "InessaZaluzhnaya",
    "registration_date": "2023-09-06T07:21:15Z",
    "active": true
  }
},
{
  "model": "telegram.telegrambot",
  "pk": "0fb8e511-c753-45e5-bb27-0dd977a82b62",
  "fields": {
    "telegram_id": "1006539731",
    "nickname": "ValentinaBur",
    "registration_date": "2024-02-29T07:25:33Z",
    "active": true
  }
},
{
  "model": "telegram.telegrambot",
  "pk": "1090ac28-5ce0-4c9d-a698-79c6bbf7c078",
  "fields": {
    "telegram_id": "1034155442",
    "nickname": "SubbotinAnton",
    "registration_date": "2023-12-01T21:09:07Z",
    "active": true
  }
},
{
  "model": "telegram.telegrambot",
  "pk": "199d34fe-e444-482c-b6dc-e40f45429508",
  "fields": {
    "telegram_id": "1034155441",
    "nickname": "deniska",
    "registration_date": "2023-02-15T21:04:34Z",
    "active": true
  }
},
{
  "model": "telegram.telegrambot",
  "pk": "19c62a3e-747a-4fa2-b2ff-58a628f0e96a",
  "fields": {
    "telegram_id": "1006539728",
    "nickname": "lexalexa",
    "registration_date": "2024-03-03T07:10:11Z",
    "active": true
  }
},
{
  "model": "telegram.telegrambot",
  "pk": "23024018-1f97-47bb-9702-4d63280068cb",
  "fields": {
    "telegram_id": "1034155440",
    "nickname": "elenasmirnova",
    "registration_date": "2024-01-06T20:53:58Z",
    "active": true
  }
},
{
  "model": "telegram.telegrambot",
  "pk": "2e6750cb-cec9-45ce-8c4b-f4d29502fc82",
  "fields": {
    "telegram_id": "1006539725",
    "nickname": "VasilevskyM",
    "registration_date": "2023-01-25T22:07:28Z",
    "active": true
  }
},
{
  "model": "telegram.telegrambot",
  "pk": "36386c81-e767-4f3d-81fb-8154c2540473",
  "fields": {
    "telegram_id": "1107542868",
    "nickname": "StepanovaIrina",
    "registration_date": "2024-03-01T21:42:02Z",
    "active": true
  }
},
{
  "model": "telegram.telegrambot",
  "pk": "3c66a56b-06ff-46f6-bb88-3708ebed37ab",
  "fields": {
    "telegram_id": "1107542871",
    "nickname": "ChugunovA",
    "registration_date": "2024-01-10T21:54:17Z",
    "active": true
  }
},
{
  "model": "telegram.telegrambot",
  "pk": "3dd32832-1b40-4107-9125-4b24d9005851",
  "fields": {
    "telegram_id": "1006539732",
    "nickname": "LencIgor",
    "registration_date": "2023-08-01T07:30:56Z",
    "active": true
  }
},
{
  "model": "telegram.telegrambot",
  "pk": "426df251-c10b-4dde-9e0c-d6b08cc41e49",
  "fields": {
    "telegram_id": "1107542872",
    "nickname": "IllistratovV",
    "registration_date": "2023-09-04T22:00:31Z",
    "active": true
  }
},
{
  "model": "telegram.telegrambot",
  "pk": "4520ec19-4c50-418e-ae78-184872fad8da",
  "fields": {
    "telegram_id": "1107542870",
    "nickname": "sokolokk",
    "registration_date": "2024-03-02T21:50:29Z",
    "active": true
  }
},
{
  "model": "telegram.telegrambot",
  "pk": "4f547ad2-5a98-41e8-b435-391a88c4b19b",
  "fields": {
    "telegram_id": "1006539726",
    "nickname": "ZabelinPeter",
    "registration_date": "2023-12-27T07:03:46Z",
    "active": true
  }
},
{
  "model": "telegram.telegrambot",
  "pk": "592049ce-e69e-4963-88bc-b700ca143c92",
  "fields": {
    "telegram_id": "1107542867",
    "nickname": "alexmorozov",
    "registration_date": "2024-01-22T21:38:47Z",
    "active": true
  }
},
{
  "model": "telegram.telegrambot",
  "pk": "6ccc792f-c6d1-40d2-8e07-0180e16e1c72",
  "fields": {
    "telegram_id": "1089738568",
    "nickname": "SmirnovIvan",
    "registration_date": "2023-10-09T21:27:40Z",
    "active": true
  }
},
{
  "model": "telegram.telegrambot",
  "pk": "75b0a534-2d1f-42ac-bb59-621293ec3e40",
  "fields": {
    "telegram_id": "1006539729",
    "nickname": "petrovvadim",
    "registration_date": "2023-12-01T07:16:12Z",
    "active": true
  }
},
{
  "model": "telegram.telegrambot",
  "pk": "7608c962-365e-4bbb-9832-131527bc7e08",
  "fields": {
    "telegram_id": "1107542873",
    "nickname": "Kaverin",
    "registration_date": "2023-12-28T22:03:41Z",
    "active": true
  }
},
{
  "model": "telegram.telegrambot",
  "pk": "795ec43f-40e7-4a9b-bc9b-97a60f7eb989",
  "fields": {
    "telegram_id": "1107542869",
    "nickname": "PertovaMarina",
    "registration_date": "2023-12-06T21:46:33Z",
    "active": true
  }
},
{
  "model": "telegram.telegrambot",
  "pk": "954dde5d-4450-449f-821a-2ac1152dcc46",
  "fields": {
    "telegram_id": "1089738570",
    "nickname": "nikatya",
    "registration_date": "2023-12-28T21:35:20Z",
    "active": true
  }
},
{
  "model": "telegram.telegrambot",
  "pk": "9f162073-7758-4f00-b2c4-d52e3af9100e",
  "fields": {
    "telegram_id": "1089738567",
    "nickname": "NataliMoroz",
    "registration_date": "2023-11-07T21:22:43Z",
    "active": true
  }
},
{
  "model": "telegram.telegrambot",
  "pk": "b75d0130-3454-4a4a-bab0-3db4e5c0b28e",
  "fields": {
    "telegram_id": "1089738569",
    "nickname": "dima28",
    "registration_date": "2023-11-30T21:31:38Z",
    "active": true
  }
},
{
  "model": "telegram.telegrambot",
  "pk": "b9210ae6-f08e-4426-8cae-1731c4a4173b",
  "fields": {
    "telegram_id": "123456789",
    "nickname": "testuser",
    "registration_date": "2024-03-09T18:43:54Z",
    "active": true
  }
},
{
  "model": "telegram.telegrambot",
  "pk": "bf53ea1e-6bc6-48de-8bcd-9ab3a1a15fe7",
  "fields": {
    "telegram_id": "1034155444",
    "nickname": "alexandrVolkov",
    "registration_date": "2023-11-08T21:17:42Z",
    "active": true
  }
},
{
  "model": "telegram.telegrambot",
  "pk": "d92f0f50-58e4-4ce8-9cd4-dd52c585c6f7",
  "fields": {
    "telegram_id": "1034155439",
    "nickname": "popovaf",
    "registration_date": "2024-01-23T20:31:17Z",
    "active": true
  }
},
{
  "model": "telegram.telegrambot",
  "pk": "db7d07ea-8382-4e63-9efc-031d73ce3443",
  "fields": {
    "telegram_id": "1006539727",
    "nickname": "alexash",
    "registration_date": "2024-03-01T07:07:03Z",
    "active": true
  }
},
{
  "model": "program.program",
  "pk": "017fefe9-c912-4974-ae88-49fd046817b8",
  "fields": {
    "program_name": "Рабочая документация",
    "available": true
  }
},
{
  "model": "program.program",
  "pk": "03a432aa-baf1-4d9d-a83c-90bb34d4a891",
  "fields": {
    "program_name": "IOS-разработчик",
    "available": true
  }
},
{
  "model": "program.program",
  "pk": "0971d0d2-ee15-4b32-b8d6-6c13aef875df",
  "fields": {
    "program_name": "Графический дизайнер",
    "available": true
  }
},
{
  "model": "program.program",
  "pk": "0bcc1d33-6afc-4ee2-8e84-b2cc330ebda3",
  "fields": {
    "program_name": "Английский",
    "available": true
  }
},
{
  "model": "program.program",
  "pk": "0e6b692e-ceb2-4649-ae35-45a20e301d5d",
  "fields": {
    "program_name": "Управление",
    "available": true
  }
},
{
  "model": "program.program",
  "pk": "1bc2fed2-4462-4bc6-80a3-6cfe59bcd5da",
  "fields": {
    "program_name": "UX/UI-дизайнер",
    "available": true
  }
},
{
  "model": "program.program",
  "pk": "246ae06c-e6eb-4783-8e05-1727be300e41",
  "fields": {
    "program_name": "Аналитик данных",
    "available": true
  }
},
{
  "model": "program.program",
  "pk": "308482d8-b11b-4415-88c4-b600deffea44",
  "fields": {
    "program_name": "Критическое мышление",
    "available": true
  }
},
{
  "model": "program.program",
  "pk": "315ac936-ced8-41b9-9687-8b834a916a43",
  "fields": {
    "program_name": "Java-разработчик",
    "available": true
  }
},
{
  "model": "program.program",
  "pk": "3726bf5f-83f3-49b7-a455-3f5ba715b8f5",
  "fields": {
    "program_name": "Продуктовый дизайн",
    "available": true
  }
},
{
  "model": "program.program",
  "pk": "3d6b938c-3364-4adf-85f0-f9666942e321",
  "fields": {
    "program_name": "SQL для работы с данными и аналитики",
    "available": true
  }
},
{
  "model": "program.program",
  "pk": "46445743-1db3-467e-992b-ae92e153ee7b",
  "fields": {
    "program_name": "C++",
    "available": true
  }
},
{
  "model": "program.program",
  "pk": "46f05a31-b847-47d6-adb7-e1c00d181430",
  "fields": {
    "program_name": "IT-рекрутер",
    "available": true
  }
},
{
  "model": "program.program",
  "pk": "4b4de162-8e94-4131-b246-17d584781bb7",
  "fields": {
    "program_name": "Python-разработчик",
    "available": true
  }
},
{
  "model": "program.program",
  "pk": "63677993-d77e-41b4-bd06-74fb30f4b633",
  "fields": {
    "program_name": "Системный аналитик",
    "available": true
  }
},
{
  "model": "program.program",
  "pk": "74139999-172c-4d09-aadc-03c5ff42f017",
  "fields": {
    "program_name": "Маркетинг",
    "available": true
  }
},
{
  "model": "program.program",
  "pk": "786ebde5-75a7-4dfa-97cc-54b65a931962",
  "fields": {
    "program_name": "Middle Python",
    "available": true
  }
},
{
  "model": "program.program",
  "pk": "79314540-7ad9-4c7f-9970-f7938f1b42a6",
  "fields": {
    "program_name": "Фулстек разработчик",
    "available": true
  }
},
{
  "model": "program.program",
  "pk": "81687e36-8127-4111-9ebb-a1b60191187d",
  "fields": {
    "program_name": "Android-разработчик",
    "available": true
  }
},
{
  "model": "program.program",
  "pk": "84b0bf21-26d1-4e1f-8f00-46fd5d4741aa",
  "fields": {
    "program_name": "Продвинутый GO-разработчик",
    "available": true
  }
},
{
  "model": "program.program",
  "pk": "872316a2-1977-475c-aeec-003ef9eaaa40",
  "fields": {
    "program_name": "Специалист по Data Science",
    "available": true
  }
},
{
  "model": "program.program",
  "pk": "a9c5f7a4-66df-4952-a8c1-7c644a77a882",
  "fields": {
    "program_name": "Бизнес-аналитик",
    "available": true
  }
},
{
  "model": "program.program",
  "pk": "b7a36e15-ca3b-4554-91a5-44bd0e3fd4f1",
  "fields": {
    "program_name": "DevOps для эксплуатации и разработки",
    "available": true
  }
},
{
  "model": "program.program",
  "pk": "b8c3b00c-1163-482c-81d7-b2e141729fc5",
  "fields": {
    "program_name": "Продакт-менеджер для специалистов с опытом",
    "available": true
  }
},
{
  "model": "program.program",
  "pk": "b933529a-529b-4ffe-a22a-536fc0888aef",
  "fields": {
    "program_name": "Фронтенд-разработчик",
    "available": true
  }
},
{
  "model": "program.program",
  "pk": "bf103ecf-d02e-4c52-b228-cdcc2fc0bbe2",
  "fields": {
    "program_name": "Алгоритмы для разработчиков",
    "available": true
  }
},
{
  "model": "program.program",
  "pk": "c68473a7-06aa-4f4c-87c5-19831a626e27",
  "fields": {
    "program_name": "Веб-разработчик",
    "available": true
  }
},
{
  "model": "program.program",
  "pk": "ca97ead0-99aa-449c-9612-ed504ba77312",
  "fields": {
    "program_name": "Инженер данных",
    "available": true
  }
},
{
  "model": "program.program",
  "pk": "cb0316e0-d3d2-4391-bc72-320a7c1cda07",
  "fields": {
    "program_name": "Инженер по тестированию (QA)",
    "available": true
  }
},
{
  "model": "program.program",
  "pk": "d8ea3566-6490-4580-a33a-fc4474ba44ce",
  "fields": {
    "program_name": "Менеджер проектов",
    "available": true
  }
},
{
  "model": "program.program",
  "pk": "d9704f9a-08e9-4271-aee1-525e9c7b590f",
  "fields": {
    "program_name": "Коммерческий иллюстратор",
    "available": true
  }
},
{
  "model": "crm_settings.crmsettings",
  "pk": 1,
  "fields": {
    "default_ambassador_status": "aee0b6d0-608d-4bda-bba9-2ff477e0e5cb",
    "default_message_type": null,
    "default_message_status": null,
    "delayed_sending_message_type": "163dbd6b-3fe5-45e0-85eb-5eaae0bc5639",
    "default_delivery_status": "000add1e-695d-4b13-b4f7-2a47bda9a727",
    "default_report_status": null,
    "default_report_type": null,
    "date": "2024-03-09T18:43:17.474Z"
  }
}
]
